Rk,Player,Nation,Position,Squad,Age,Year of birth,Matches Played,Starts,Minutes,90s Played,Goals,Assists,Goals + Assists,Non-Penalty Goals,Penalty Kicks Made,Penalty Kicks Attempted,Yellow Cards,Red Cards,xG: Expected Goals,npxG: Non-Penalty xG,xAG: Exp. Assisted Goals,npxG + xAG,Progressive Carries,Progressive Passes,Progressive Passes Rec,Goals/90,Assists/90,Goals + Assists/90,Non-Penalty Goals/90,Non-Penalty Goals + Assists/90,xG/90,xAG/90,xG + xAG/90,npxG/90,npxG + xAG,Matches
1,Junior Adamu,atAUT,FW,Freiburg,23,2001,25,19,"1,545",17.2,2,2,4,2,0,0,5,1,5.5,5.5,2.4,7.9,8,14,84,0.12,0.12,0.23,0.12,0.23,0.32,0.14,0.46,0.32,0.46,Matches
2,Karim Adeyemi,deGER,"FW,MF",Dortmund,22,2002,25,17,"1,433",15.9,7,6,13,7,0,0,4,0,5.5,5.5,6,11.5,68,28,153,0.44,0.38,0.82,0.44,0.82,0.34,0.38,0.72,0.34,0.72,Matches
3,Amine Adli,maMAR,"MF,FW",Leverkusen,24,2000,20,6,766,8.5,2,0,2,2,0,0,3,0,2.7,2.7,0.7,3.4,37,24,100,0.23,0,0.23,0.23,0.23,0.32,0.08,0.4,0.32,0.4,Matches
4,Oladapo Afolayan,engENG,"FW,MF",St. Pauli,26,1998,32,17,"1,639",18.2,3,1,4,3,0,0,3,0,3.1,3.1,3.8,7,53,32,108,0.16,0.05,0.22,0.16,0.22,0.17,0.21,0.38,0.17,0.38,Matches
5,Felix Agu,ngNGA,DF,Werder Bremen,24,1999,22,21,"1,751",19.5,3,0,3,3,0,0,1,0,1.4,1.4,1.8,3.2,33,43,105,0.15,0,0.15,0.15,0.15,0.07,0.09,0.17,0.07,0.17,Matches
6,Erik Ahlstrand,seSWE,"FW,MF",St. Pauli,22,2001,5,0,43,0.5,0,0,0,0,0,0,0,0,0,0,0,0,1,1,3,0,0,0,0,0,0,0,0,0,0,Matches
7,Kevin Akpoguma,ngNGA,DF,Hoffenheim,29,1995,32,23,"2,220",24.7,0,0,0,0,0,0,3,0,0.1,0.1,0.3,0.4,14,98,16,0,0,0,0,0,0,0.01,0.02,0,0.02,Matches
8,Andreas Albers,dkDEN,FW,St. Pauli,34,1990,14,0,62,0.7,1,0,1,1,0,0,0,0,0.6,0.6,0.1,0.7,1,3,6,1.45,0,1.45,1.45,1.45,0.9,0.14,1.04,0.9,1.04,Matches
9,Ben Alexander Voll,deGER,GK,St. Pauli,23,2000,2,1,91,1,0,0,0,0,0,0,1,0,0,0,0.1,0.1,0,0,0,0,0,0,0,0,0,0.1,0.1,0,0.1,Matches
10,Skelly Alvero,frFRA,MF,Werder Bremen,22,2002,12,1,236,2.6,0,0,0,0,0,0,1,0,0,0,0,0,1,8,0,0,0,0,0,0,0.01,0,0.01,0.01,0.01,Matches
11,Aurele Amenda,chSUI,DF,Eint Frankfurt,21,2003,8,1,96,1.1,0,0,0,0,0,0,1,0,0,0,0.3,0.3,1,2,1,0,0,0,0,0,0,0.23,0.23,0,0.23,Matches
12,Nadiem Amiri,deGER,MF,Mainz 05,27,1996,30,30,"2,473",27.5,7,5,12,5,2,2,9,2,5.5,3.9,6.6,10.5,50,204,64,0.25,0.18,0.44,0.18,0.36,0.2,0.24,0.44,0.14,0.38,Matches
13,Mohamed Amoura,dzALG,FW,Wolfsburg,24,2000,31,29,"2,467",27.4,10,9,19,8,2,2,6,0,8.7,7.2,4,11.2,81,61,244,0.36,0.33,0.69,0.29,0.62,0.32,0.15,0.46,0.26,0.41,Matches
14,Robert Andrich,deGER,"MF,DF",Leverkusen,29,1994,23,19,"1,598",17.8,2,2,4,2,0,0,7,0,1.3,1.3,0.3,1.6,8,65,17,0.11,0.11,0.23,0.11,0.23,0.07,0.02,0.09,0.07,0.09,Matches
15,Waldemar Anton,deGER,DF,Dortmund,28,1996,26,22,"1,949",21.7,2,2,4,2,0,0,4,0,1.7,1.7,0.8,2.5,32,117,28,0.09,0.09,0.18,0.09,0.18,0.08,0.04,0.11,0.08,0.11,Matches
16,Maximilian Arnold,deGER,MF,Wolfsburg,30,1994,28,27,"2,356",26.2,3,5,8,3,0,0,7,1,0.9,0.9,3.5,4.3,9,128,16,0.11,0.19,0.31,0.11,0.31,0.03,0.13,0.17,0.03,0.17,Matches
17,Jann-Fiete Arp,deGER,"FW,MF",Holstein Kiel,24,2000,23,3,713,7.9,2,0,2,1,1,2,8,1,3.8,2.2,1,3.2,14,21,66,0.25,0,0.25,0.13,0.13,0.47,0.13,0.6,0.27,0.4,Matches
18,Arthur,brBRA,DF,Leverkusen,21,2003,20,7,752,8.4,0,1,1,0,0,0,1,0,0.1,0.1,0.4,0.4,15,25,53,0,0.12,0.12,0,0.12,0.01,0.04,0.05,0.01,0.05,Matches
19,Noah Atubolu,deGER,GK,Freiburg,22,2002,26,26,"2,307",25.6,0,0,0,0,0,0,2,0,0,0,0,0,0,2,0,0,0,0,0,0,0,0,0,0,0,Matches
20,Ayman Azhil,maMAR,MF,Dortmund,23,2001,1,0,24,0.3,0,0,0,0,0,0,1,0,0,0,0,0,0,1,1,0,0,0,0,0,0,0,0,0,0,Matches
21,Adam Aznou,maMAR,DF,Bayern Munich,18,2006,2,0,17,0.2,0,0,0,0,0,0,0,0,0,0,0,0,0,1,2,0,0,0,0,0,0,0,0,0,0,Matches
22,Aliou Badara Baldé,gnGUI,"MF,FW",Bochum,21,2002,5,0,91,1,0,0,0,0,0,0,1,0,0.2,0.2,0.2,0.4,2,1,5,0,0,0,0,0,0.18,0.17,0.35,0.18,0.35,Matches
23,Ridle Baku,deGER,"FW,MF",Wolfsburg,26,1998,15,14,"1,170",13,2,1,3,2,0,0,2,0,1.5,1.5,1.3,2.7,16,44,78,0.15,0.08,0.23,0.15,0.23,0.11,0.1,0.21,0.11,0.21,Matches
24,Ridle Baku,deGER,"DF,MF",RB Leipzig,26,1998,19,15,"1,275",14.2,2,3,5,2,0,0,1,0,1.4,1.4,1.5,2.9,21,41,97,0.14,0.21,0.35,0.14,0.35,0.1,0.11,0.2,0.1,0.2,Matches
25,Samuel Bamba,deGER,"FW,MF",Bochum,20,2004,5,0,27,0.3,0,0,0,0,0,0,0,0,0.1,0.1,0,0.1,3,5,8,0,0,0,0,0,0.35,0.1,0.45,0.35,0.45,Matches
Rk,Player,Nation,Pos,Squad,Age,Born,MP,Starts,Min,90s,Gls,Ast,G+A,G-PK,PK,PKatt,CrdY,CrdR,xG,npxG,xAG,npxG+xAG,PrgC,PrgP,PrgR,Gls,Ast,G+A,G-PK,G+A-PK,xG,xAG,xG+xAG,npxG,npxG+xAG,Matches
26,Noahkai Banks,usUSA,DF,Augsburg,17,2006,8,2,278,3.1,0,0,0,0,0,0,2,0,0.1,0.1,0,0.1,2,8,3,0,0,0,0,0,0.02,0,0.02,0.02,0.02,Matches
27,Scott Banks,sctSCO,"FW,MF",St. Pauli,22,2001,12,0,116,1.3,0,0,0,0,0,0,1,0,0.3,0.3,0,0.3,3,1,8,0,0,0,0,0,0.22,0,0.22,0.22,0.22,Matches
28,Aymen Barkok,maMAR,MF,Mainz 05,26,1998,4,0,73,0.8,0,0,0,0,0,0,0,0,0,0,0.1,0.1,2,5,6,0,0,0,0,0,0,0.17,0.17,0,0.17,Matches
29,Michy Batshuayi,beBEL,FW,Eint Frankfurt,30,1993,10,3,300,3.3,3,0,3,3,0,0,2,0,1.2,1.2,0,1.3,3,8,15,0.9,0,0.9,0.9,0.9,0.36,0.01,0.38,0.36,0.38,Matches
30,Maximilian Bauer,deGER,DF,Augsburg,24,2000,11,8,658,7.3,0,0,0,0,0,0,1,0,0.2,0.2,0.1,0.3,4,30,7,0,0,0,0,0,0.02,0.01,0.04,0.02,0.04,Matches
31,Oliver Baumann,deGER,GK,Hoffenheim,34,1990,28,28,"2,520",28,0,0,0,0,0,0,1,0,0,0,1,1,0,1,0,0,0,0,0,0,0,0.03,0.03,0,0.03,Matches
32,Christoph Baumgartner,atAUT,MF,RB Leipzig,24,1999,31,18,"1,610",17.9,2,1,3,2,0,0,5,0,4.5,4.5,1.3,5.8,37,53,95,0.11,0.06,0.17,0.11,0.17,0.25,0.07,0.33,0.25,0.33,Matches
33,Ihlas Bebou,tgTOG,MF,Hoffenheim,30,1994,1,0,9,0.1,0,0,0,0,0,0,0,0,0,0,0,0,0,0,0,0,0,0,0,0,0,0,0,0,0,Matches
34,Adrian Beck,deGER,"MF,FW",Heidenheim,27,1997,32,18,"1,598",17.8,4,1,5,4,0,0,1,0,3.3,3.3,1.2,4.5,37,69,83,0.23,0.06,0.28,0.23,0.28,0.18,0.07,0.25,0.18,0.25,Matches
35,Timo Becker,deGER,DF,Holstein Kiel,27,1997,30,28,"2,445",27.2,0,2,2,0,0,0,2,0,1.4,1.4,0.8,2.2,28,57,38,0,0.07,0.07,0,0.07,0.05,0.03,0.08,0.05,0.08,Matches
36,Hannes Behrens,deGER,DF,Hoffenheim,,,1,0,29,0.3,0,0,0,0,0,0,0,0,0,0,0,0,0,1,7,0,0,0,0,0,0,0,0,0,0,Matches
37,Kevin Behrens,deGER,FW,Wolfsburg,33,1991,18,0,170,1.9,1,0,1,1,0,0,2,0,2.3,2.3,0.1,2.4,2,4,18,0.53,0,0.53,0.53,0.53,1.24,0.06,1.3,1.24,1.3,Matches
38,Maximilian Beier,deGER,"FW,MF",Dortmund,21,2002,29,17,"1,591",17.7,8,5,13,8,0,0,2,0,7.7,7.7,3.3,11,24,33,124,0.45,0.28,0.74,0.45,0.74,0.44,0.19,0.62,0.44,0.62,Matches
39,Stefan Bell,deGER,DF,Mainz 05,32,1991,18,15,"1,436",16,0,1,1,0,0,0,4,0,0.8,0.8,1,1.8,8,38,5,0,0.06,0.06,0,0.06,0.05,0.06,0.11,0.05,0.11,Matches
40,Jeanuël Belocian,frFRA,"DF,MF",Leverkusen,19,2005,5,1,68,0.8,0,0,0,0,0,0,1,0,0,0,0,0,0,3,1,0,0,0,0,0,0,0,0,0,0,Matches
41,László Bénes,skSVK,"MF,FW",Union Berlin,26,1997,23,3,589,6.5,2,1,3,2,0,0,4,0,0.9,0.9,1,1.9,6,28,34,0.31,0.15,0.46,0.31,0.46,0.14,0.15,0.29,0.14,0.29,Matches
42,Ramy Bensebaini,dzALG,DF,Dortmund,29,1995,31,23,"2,022",22.5,1,6,7,1,0,0,6,0,1.3,1.3,3.2,4.5,26,128,58,0.04,0.27,0.31,0.04,0.31,0.06,0.14,0.2,0.06,0.2,Matches
43,Mergim Berisha,deGER,"FW,MF",Hoffenheim,26,1998,11,3,333,3.7,1,1,2,1,0,0,1,0,1,1,1,2,2,7,18,0.27,0.27,0.54,0.27,0.54,0.26,0.27,0.54,0.26,0.54,Matches
44,Mergim Berisha,deGER,FW,Augsburg,26,1998,2,0,40,0.4,0,0,0,0,0,0,1,0,0.2,0.2,0,0.2,2,0,8,0,0,0,0,0,0.39,0,0.39,0.39,0.39,Matches
45,Bernardo,brBRA,DF,Bochum,29,1995,21,19,"1,782",19.8,0,0,0,0,0,0,5,0,0.7,0.7,0.7,1.4,14,100,14,0,0,0,0,0,0.04,0.04,0.07,0.04,0.07,Matches
46,Alexander Bernhardsson,seSWE,"FW,MF",Holstein Kiel,25,1998,19,15,"1,263",14,7,2,9,7,0,0,3,0,4.1,4.1,1.3,5.5,25,33,72,0.5,0.14,0.64,0.5,0.64,0.29,0.1,0.39,0.29,0.39,Matches
47,Matúš Bero,skSVK,MF,Bochum,28,1995,30,29,"2,565",28.5,5,2,7,5,0,1,11,0,4,3,3.7,6.7,29,143,111,0.18,0.07,0.25,0.18,0.25,0.14,0.13,0.27,0.11,0.24,Matches
48,Jan-Niklas Beste,deGER,"FW,MF",Freiburg,25,1999,12,0,212,2.4,0,1,1,0,0,0,0,0,0.9,0.9,0.4,1.3,5,8,20,0,0.42,0.42,0,0.42,0.38,0.16,0.54,0.38,0.54,Matches
49,El Bilal Touré,mlMLI,"FW,MF",Stuttgart,22,2001,12,3,356,4,2,1,3,2,0,0,0,0,1.6,1.6,1.1,2.8,6,7,25,0.51,0.25,0.76,0.51,0.76,0.41,0.29,0.7,0.41,0.7,Matches
50,Tom Bischof,deGER,"MF,FW",Hoffenheim,19,2005,31,30,"2,559",28.4,5,2,7,5,0,0,5,0,2.2,2.2,3.6,5.9,47,138,102,0.18,0.07,0.25,0.18,0.25,0.08,0.13,0.21,0.08,0.21,Matches
Rk,Player,Nation,Pos,Squad,Age,Born,MP,Starts,Min,90s,Gls,Ast,G+A,G-PK,PK,PKatt,CrdY,CrdR,xG,npxG,xAG,npxG+xAG,PrgC,PrgP,PrgR,Gls,Ast,G+A,G-PK,G+A-PK,xG,xAG,xG+xAG,npxG,npxG+xAG,Matches
51,Leonardo Bittencourt,deGER,MF,Werder Bremen,30,1993,27,10,982,10.9,2,1,3,2,0,0,3,0,1.6,1.6,1.6,3.2,19,64,38,0.18,0.09,0.27,0.18,0.27,0.15,0.14,0.29,0.15,0.29,Matches
52,Myron Boadu,nlNED,FW,Bochum,23,2001,19,11,"1,042",11.6,9,1,10,8,1,1,2,0,7.7,6.9,1.1,8,12,18,70,0.78,0.09,0.86,0.69,0.78,0.67,0.1,0.76,0.6,0.69,Matches
53,Sacha Boey,frFRA,DF,Bayern Munich,23,2000,13,6,593,6.6,0,2,2,0,0,0,1,0,0.1,0.1,1.2,1.3,18,39,63,0,0.3,0.3,0,0.3,0.02,0.18,0.2,0.02,0.2,Matches
54,Victor Boniface,ngNGA,FW,Leverkusen,23,2000,19,12,"1,008",11.2,8,1,9,8,0,1,2,0,7.8,7.1,1.1,8.1,26,23,61,0.71,0.09,0.8,0.71,0.8,0.7,0.1,0.8,0.63,0.73,Matches
55,Sebastiaan Bornauw,beBEL,DF,Wolfsburg,25,1999,15,8,788,8.8,2,1,3,2,0,0,2,0,1.2,1.2,0.5,1.7,3,21,1,0.23,0.11,0.34,0.23,0.34,0.14,0.06,0.2,0.14,0.2,Matches
56,Carlo Boukhalfa,maMAR,MF,St. Pauli,25,1999,25,19,"1,646",18.3,2,0,2,2,0,0,1,0,1.5,1.5,1.1,2.6,10,41,44,0.11,0,0.11,0.11,0.11,0.08,0.06,0.14,0.08,0.14,Matches
57,Julian Brandt,deGER,MF,Dortmund,28,1996,30,28,"2,303",25.6,5,10,15,5,0,0,1,0,4.8,4.8,8.5,13.2,61,149,199,0.2,0.39,0.59,0.2,0.59,0.19,0.33,0.52,0.19,0.52,Matches
58,Tim Breithaupt,deGER,MF,Augsburg,22,2002,2,2,120,1.3,0,1,1,0,0,0,0,0,0.1,0.1,0.4,0.4,1,10,1,0,0.75,0.75,0,0.75,0.04,0.29,0.33,0.04,0.33,Matches
59,Maximilian Breunig,deGER,"FW,MF",Heidenheim,23,2000,13,2,350,3.9,2,0,2,1,1,1,0,0,3.4,2.7,0.2,2.9,5,7,13,0.51,0,0.51,0.26,0.26,0.89,0.05,0.94,0.68,0.74,Matches
60,Moritz Broschinski,deGER,"FW,MF",Bochum,23,2000,33,15,"1,390",15.4,1,3,4,1,0,0,1,0,4.2,4.2,1.8,6,37,20,130,0.06,0.19,0.26,0.06,0.26,0.27,0.12,0.39,0.27,0.39,Matches
61,Nathaniel Brown,deGER,"DF,MF",Eint Frankfurt,21,2003,26,22,"1,947",21.6,3,6,9,3,0,0,2,0,2.2,2.2,5.1,7.3,45,63,119,0.14,0.28,0.42,0.14,0.42,0.1,0.24,0.34,0.1,0.34,Matches
62,Jacob Bruun Larsen,dkDEN,"FW,MF",Hoffenheim,25,1998,12,3,400,4.4,2,2,4,2,0,0,0,0,2.3,2.3,0.6,2.9,16,16,41,0.45,0.45,0.9,0.45,0.9,0.52,0.15,0.66,0.52,0.66,Matches
63,Jacob Bruun Larsen,dkDEN,"MF,FW",Stuttgart,25,1998,15,3,414,4.6,1,0,1,1,0,0,1,0,0.6,0.6,1.2,1.8,19,19,40,0.22,0,0.22,0.22,0.22,0.13,0.27,0.39,0.13,0.39,Matches
64,Emi Buendía,arARG,MF,Leverkusen,27,1996,11,3,257,2.9,2,0,2,2,0,0,0,0,0.9,0.9,0.9,1.8,2,14,24,0.7,0,0.7,0.7,0.7,0.31,0.3,0.61,0.31,0.61,Matches
65,Marius Bülter,deGER,"FW,DF",Hoffenheim,31,1993,25,22,"1,729",19.2,7,2,9,7,0,0,4,0,3.7,3.7,3.1,6.8,57,35,155,0.36,0.1,0.47,0.36,0.47,0.19,0.16,0.35,0.19,0.35,Matches
66,Jonathan Burkardt,deGER,FW,Mainz 05,24,2000,29,28,"2,109",23.4,18,2,20,16,2,2,0,0,14.8,13.2,3.1,16.3,32,42,157,0.77,0.09,0.85,0.68,0.77,0.63,0.13,0.76,0.56,0.7,Matches
67,Oliver Burke,sctSCO,FW,Werder Bremen,27,1997,25,9,908,10.1,5,0,5,5,0,0,4,0,4.1,4.1,1.7,5.8,22,15,88,0.5,0,0.5,0.5,0.5,0.41,0.17,0.57,0.41,0.57,Matches
68,Marnon Busch,deGER,"DF,MF",Heidenheim,29,1994,23,15,"1,396",15.5,0,1,1,0,0,0,1,0,0.4,0.4,1.1,1.5,22,63,43,0,0.06,0.06,0,0.06,0.02,0.07,0.1,0.02,0.1,Matches
69,Anthony Caci,frFRA,DF,Mainz 05,27,1997,33,33,"2,684",29.8,1,7,8,1,0,0,6,0,3.1,3.1,6.6,9.7,45,133,152,0.03,0.23,0.27,0.03,0.27,0.1,0.22,0.32,0.1,0.32,Matches
70,Cole Campbell,usUSA,"MF,FW",Dortmund,18,2006,4,0,22,0.2,0,0,0,0,0,0,0,0,0,0,0,0,1,0,1,0,0,0,0,0,0,0,0,0,0,Matches
71,Emre Can,deGER,"DF,MF",Dortmund,30,1994,31,23,"2,105",23.4,3,0,3,1,2,2,4,1,2,0.4,0.7,1.1,20,116,12,0.13,0,0.13,0.04,0.04,0.08,0.03,0.11,0.02,0.05,Matches
72,Tiago Cardoso,luLUX,GK,Gladbach,18,2006,5,4,380,4.2,0,0,0,0,0,0,0,0,0,0,0,0,0,0,0,0,0,0,0,0,0,0,0,0,0,Matches
73,Abdoulie Ceesay,gmGAM,FW,St. Pauli,20,2004,7,0,60,0.7,0,0,0,0,0,0,1,0,0,0,0,0,0,0,8,0,0,0,0,0,0,0.03,0.03,0,0.03,Matches
74,Julian Chabot,deGER,DF,Stuttgart,26,1998,31,27,"2,269",25.2,3,1,4,3,0,0,11,1,2,1.8,0.5,2.4,7,108,5,0.12,0.04,0.16,0.12,0.16,0.08,0.02,0.1,0.07,0.09,Matches
75,El Chadaille Bitshiabu,frFRA,DF,RB Leipzig,19,2005,21,13,"1,130",12.6,0,0,0,0,0,0,2,1,0.3,0.3,0.4,0.7,4,69,2,0,0,0,0,0,0.02,0.03,0.05,0.02,0.05,Matches
Rk,Player,Nation,Pos,Squad,Age,Born,MP,Starts,Min,90s,Gls,Ast,G+A,G-PK,PK,PKatt,CrdY,CrdR,xG,npxG,xAG,npxG+xAG,PrgC,PrgP,PrgR,Gls,Ast,G+A,G-PK,G+A-PK,xG,xAG,xG+xAG,npxG,npxG+xAG,Matches
76,Fares Chaïbi,dzALG,"MF,FW",Eint Frankfurt,21,2002,26,10,"1,013",11.3,1,3,4,1,0,0,2,0,2.6,2.6,2.9,5.5,20,52,73,0.09,0.27,0.36,0.09,0.36,0.23,0.26,0.49,0.23,0.49,Matches
77,Timothy Chandler,usUSA,DF,Eint Frankfurt,34,1990,3,0,24,0.3,0,0,0,0,0,0,0,0,0,0,0,0,1,3,4,0,0,0,0,0,0,0,0,0,0,Matches
78,Anrie Chase,jpJPN,DF,Stuttgart,20,2004,12,7,734,8.2,0,0,0,0,0,0,1,0,0.1,0.1,0,0.1,6,28,2,0,0,0,0,0,0.02,0,0.02,0.02,0.02,Matches
79,Arthur Chaves,brBRA,DF,Hoffenheim,23,2001,26,24,"2,185",24.3,1,0,1,1,0,0,8,0,0.8,0.8,0.1,0.9,10,57,13,0.04,0,0.04,0.04,0.04,0.03,0,0.04,0.03,0.04,Matches
80,Fabio Chiarodia,itITA,DF,Gladbach,19,2005,16,3,379,4.2,1,0,1,1,0,0,0,0,0.3,0.3,0.4,0.7,1,10,1,0.24,0,0.24,0.24,0.24,0.07,0.1,0.17,0.07,0.17,Matches
81,Carney Chukwuemeka,engENG,MF,Dortmund,20,2003,10,1,253,2.8,1,0,1,1,0,0,1,0,0.6,0.6,0.9,1.5,15,18,24,0.36,0,0.36,0.36,0.36,0.21,0.32,0.54,0.21,0.54,Matches
82,Alexis Claude-Maurice,frFRA,"MF,FW",Augsburg,26,1998,28,25,"2,109",23.4,9,2,11,9,0,0,4,0,4.7,4.7,1.2,5.9,59,61,102,0.38,0.09,0.47,0.38,0.47,0.2,0.05,0.25,0.2,0.25,Matches
83,Nnamdi Collins,deGER,DF,Eint Frankfurt,20,2004,24,15,"1,489",16.5,1,1,2,1,0,0,4,0,0.8,0.8,1,1.8,30,63,42,0.06,0.06,0.12,0.06,0.12,0.05,0.06,0.11,0.05,0.11,Matches
84,Kingsley Coman,frFRA,FW,Bayern Munich,28,1996,28,14,"1,282",14.2,5,4,9,5,0,0,0,0,4.3,4.3,3.3,7.6,66,45,215,0.35,0.28,0.63,0.35,0.63,0.3,0.23,0.53,0.3,0.53,Matches
85,Sirlord Conteh,deGER,"FW,MF",Heidenheim,28,1996,29,4,892,9.9,1,1,2,1,0,0,2,0,2.1,2.1,2.6,4.7,29,19,75,0.1,0.1,0.2,0.1,0.2,0.21,0.26,0.47,0.21,0.47,Matches
86,Danny da Costa,deGER,DF,Mainz 05,31,1993,25,25,"2,006",22.3,0,1,1,0,0,0,0,0,0.1,0.1,0.6,0.7,21,109,22,0,0.04,0.04,0,0.04,0,0.03,0.03,0,0.03,Matches
87,Yan Couto,brBRA,"DF,FW",Dortmund,22,2002,21,8,895,9.9,0,0,0,0,0,0,5,0,0.3,0.3,0.9,1.2,46,68,83,0,0,0,0,0,0.03,0.09,0.12,0.03,0.12,Matches
88,Tomáš Čvančara,czCZE,FW,Gladbach,23,2000,28,7,831,9.2,2,0,2,2,0,0,5,1,3.8,3.8,0.9,4.7,15,23,50,0.22,0,0.22,0.22,0.22,0.41,0.1,0.51,0.41,0.51,Matches
89,Finn Dahmen,deGER,GK,Augsburg,26,1998,19,19,"1,710",19,0,0,0,0,0,0,0,0,0,0,0,0,0,3,0,0,0,0,0,0,0,0,0,0,0,Matches
90,Thomas Dähne,deGER,GK,Holstein Kiel,30,1994,9,9,810,9,0,0,0,0,0,0,0,0,0,0,0,0,0,0,0,0,0,0,0,0,0,0,0,0,0,Matches
91,Mahmoud Dahoud,deGER,MF,Eint Frankfurt,28,1996,9,3,364,4,1,1,2,1,0,0,2,0,0.5,0.5,0.7,1.2,1,17,6,0.25,0.25,0.49,0.25,0.49,0.13,0.18,0.31,0.13,0.31,Matches
92,Ameen Al-Dakhil,beBEL,DF,Stuttgart,22,2002,7,6,432,4.8,0,0,0,0,0,0,0,1,0.1,0.1,0.2,0.2,1,12,0,0,0,0,0,0,0.01,0.04,0.05,0.01,0.05,Matches
93,Bence Dárdai,huHUN,MF,Wolfsburg,18,2006,21,16,"1,304",14.5,1,1,2,1,0,0,0,0,1,1,1,2.1,5,39,24,0.07,0.07,0.14,0.07,0.14,0.07,0.07,0.14,0.07,0.14,Matches
94,Lukas Daschner,deGER,"MF,FW",Bochum,25,1998,14,3,412,4.6,1,1,2,1,0,1,0,0,2.7,1.9,0.7,2.6,8,11,19,0.22,0.22,0.44,0.22,0.44,0.6,0.15,0.74,0.42,0.57,Matches
95,Alphonso Davies,caCAN,DF,Bayern Munich,23,2000,19,17,"1,560",17.3,1,2,3,1,0,0,0,0,1.2,1.2,1.6,2.8,81,120,140,0.06,0.12,0.17,0.06,0.17,0.07,0.09,0.16,0.07,0.16,Matches
96,Olivier Deman,beBEL,DF,Werder Bremen,24,2000,9,0,67,0.7,0,0,0,0,0,0,1,0,0,0,0.1,0.1,2,4,1,0,0,0,0,0,0,0.15,0.15,0,0.15,Matches
97,Ermedin Demirović,baBIH,FW,Stuttgart,26,1998,34,20,"1,855",20.6,15,1,16,15,0,2,2,0,14.1,12.4,1.9,14.3,20,31,115,0.73,0.05,0.78,0.73,0.78,0.69,0.09,0.78,0.6,0.7,Matches
98,Justin Diehl,deGER,"FW,DF",Stuttgart,19,2004,6,0,104,1.2,1,0,1,1,0,0,0,0,1,1,0.1,1.1,5,5,20,0.87,0,0.87,0.87,0.87,0.84,0.1,0.94,0.84,0.94,Matches
99,Eric Dier,engENG,DF,Bayern Munich,30,1994,21,16,"1,463",16.3,2,1,3,2,0,0,1,0,1.1,1.1,0.1,1.2,12,73,1,0.12,0.06,0.18,0.12,0.18,0.07,0.01,0.08,0.07,0.08,Matches
100,Junior Dina Ebimbe,frFRA,"MF,FW",Eint Frankfurt,23,2000,7,3,293,3.3,0,1,1,0,0,0,0,0,0.9,0.9,0.9,1.8,5,3,27,0,0.31,0.31,0,0.31,0.26,0.29,0.56,0.26,0.56,Matches
Rk,Player,Nation,Pos,Squad,Age,Born,MP,Starts,Min,90s,Gls,Ast,G+A,G-PK,PK,PKatt,CrdY,CrdR,xG,npxG,xAG,npxG+xAG,PrgC,PrgP,PrgR,Gls,Ast,G+A,G-PK,G+A-PK,xG,xAG,xG+xAG,npxG,npxG+xAG,Matches
101,Eren Dinkçi,deGER,"MF,FW",Freiburg,22,2001,23,13,"1,196",13.3,0,3,3,0,0,0,1,0,1.1,1.1,2.2,3.3,33,35,71,0,0.23,0.23,0,0.23,0.09,0.16,0.25,0.09,0.25,Matches
102,Ritsu Doan,jpJPN,"FW,MF",Freiburg,26,1998,34,33,"2,862",31.8,10,7,17,10,0,0,2,0,6.6,6.6,3.7,10.3,64,130,178,0.31,0.22,0.53,0.31,0.53,0.21,0.12,0.32,0.21,0.32,Matches
103,Danilho Doekhi,nlNED,DF,Union Berlin,26,1998,34,34,"3,060",34,1,1,2,1,0,0,4,0,2.6,2.6,1.4,4,13,96,14,0.03,0.03,0.06,0.03,0.06,0.08,0.04,0.12,0.08,0.12,Matches
104,Niklas Dorsch,deGER,MF,Augsburg,26,1998,1,0,32,0.4,0,0,0,0,0,0,0,0,0,0,0,0,1,1,0,0,0,0,0,0,0,0,0,0,0,Matches
105,Niklas Dorsch,deGER,MF,Heidenheim,26,1998,22,19,"1,335",14.8,2,2,4,2,0,0,5,1,1,1,1.1,2.1,13,57,21,0.13,0.13,0.27,0.13,0.27,0.07,0.07,0.14,0.07,0.14,Matches
106,Patrick Drewes,deGER,GK,Bochum,31,1993,21,21,"1,890",21,0,0,0,0,0,0,2,0,0,0,0,0,0,0,0,0,0,0,0,0,0,0,0,0,0,Matches
107,Tim Drexler,deGER,DF,Hoffenheim,19,2005,8,5,357,4,0,0,0,0,0,0,2,0,0.1,0.1,0,0.1,2,16,2,0,0,0,0,0,0.01,0.01,0.02,0.01,0.02,Matches
108,Marvin Ducksch,deGER,FW,Werder Bremen,30,1994,32,30,"2,418",26.9,8,8,16,7,1,2,3,0,10.1,8.5,8.5,17,26,86,166,0.3,0.3,0.6,0.26,0.56,0.38,0.31,0.69,0.32,0.63,Matches
109,Julien Duranville,beBEL,"FW,MF",Dortmund,18,2006,12,2,283,3.1,0,0,0,0,0,0,3,0,0.2,0.2,0.3,0.6,16,7,33,0,0,0,0,0,0.08,0.1,0.18,0.08,0.18,Matches
110,Adam Dźwigała,plPOL,"DF,MF",St. Pauli,28,1995,16,2,373,4.1,0,0,0,0,0,0,2,1,0.4,0.4,0,0.4,1,14,4,0,0,0,0,0,0.09,0,0.09,0.09,0.09,Matches
111,Johannes Eggestein,deGER,FW,St. Pauli,26,1998,27,22,"1,853",20.6,3,4,7,2,1,2,3,0,4.7,3.1,2.1,5.2,25,43,138,0.15,0.19,0.34,0.1,0.29,0.23,0.1,0.33,0.15,0.25,Matches
112,Maximilian Eggestein,deGER,MF,Freiburg,27,1996,33,33,"2,845",31.6,2,0,2,2,0,0,4,0,2,2,1.5,3.5,34,141,41,0.06,0,0.06,0.06,0.06,0.06,0.05,0.11,0.06,0.11,Matches
113,Hugo Ekitike,frFRA,FW,Eint Frankfurt,22,2002,33,31,"2,563",28.5,15,8,23,14,1,3,1,0,21.6,19.3,6.8,26,93,53,215,0.53,0.28,0.81,0.49,0.77,0.76,0.24,0.99,0.68,0.91,Matches
114,Elif Elmas,mkMKD,MF,RB Leipzig,24,1999,2,0,44,0.5,0,0,0,0,0,0,1,0,0.3,0.3,0,0.3,0,2,2,0,0,0,0,0,0.7,0,0.7,0.7,0.7,Matches
115,Nico Elvedi,chSUI,DF,Gladbach,27,1996,25,25,"2,135",23.7,1,1,2,1,0,0,1,0,2,2,0.4,2.5,20,55,5,0.04,0.04,0.08,0.04,0.08,0.09,0.02,0.1,0.09,0.1,Matches
116,Arne Engels,beBEL,"MF,FW",Augsburg,20,2003,1,1,79,0.9,0,0,0,0,0,0,1,0,0.4,0.4,0,0.4,1,1,5,0,0,0,0,0,0.45,0,0.45,0.45,0.45,Matches
117,Patrick Erras,deGER,DF,Holstein Kiel,29,1995,10,10,832,9.2,1,0,1,1,0,0,2,0,0.9,0.9,0.1,1,3,25,1,0.11,0,0.11,0.11,0.11,0.1,0.01,0.11,0.1,0.11,Matches
118,Samuel Essende,cdCOD,FW,Augsburg,26,1998,30,21,"1,636",18.2,7,2,9,7,0,0,4,2,4.2,4.2,1.3,5.5,33,21,118,0.39,0.11,0.5,0.39,0.5,0.23,0.07,0.3,0.23,0.3,Matches
119,Frank Feller,deGER,GK,Heidenheim,20,2004,2,1,121,1.3,0,0,0,0,0,0,0,0,0,0,0,0,0,0,0,0,0,0,0,0,0,0,0,0,0,Matches
120,Kilian Fischer,deGER,DF,Wolfsburg,23,2000,32,29,"2,297",25.5,1,0,1,1,0,0,7,0,0.3,0.3,0.5,0.8,51,110,89,0.04,0,0.04,0.04,0.04,0.01,0.02,0.03,0.01,0.03,Matches
121,Jonas Föhrenbach,deGER,DF,Heidenheim,28,1996,27,22,"1,832",20.4,0,1,1,0,0,0,3,0,0.3,0.3,1.3,1.6,36,59,50,0,0.05,0.05,0,0.05,0.01,0.06,0.08,0.01,0.08,Matches
122,Marco Friedl,atAUT,DF,Werder Bremen,26,1998,26,25,"2,161",24,0,0,0,0,0,0,10,2,0.5,0.5,0.2,0.7,4,69,1,0,0,0,0,0,0.02,0.01,0.03,0.02,0.03,Matches
123,Marvin Friedrich,deGER,DF,Gladbach,28,1995,22,9,989,11,0,1,1,0,0,0,0,0,0.4,0.4,0.6,1.1,11,36,3,0,0.09,0.09,0,0.09,0.04,0.06,0.1,0.04,0.1,Matches
124,Jeremie Frimpong,nlNED,"DF,MF",Leverkusen,23,2000,33,25,"2,314",25.7,5,5,10,5,0,0,4,0,4.1,4.1,4.2,8.3,100,55,272,0.19,0.19,0.39,0.19,0.39,0.16,0.16,0.32,0.16,0.32,Matches
125,Chris Führich,deGER,"MF,FW",Stuttgart,26,1998,33,23,"1,981",22,2,3,5,2,0,0,1,0,2.9,2.9,3.7,6.6,114,95,202,0.09,0.14,0.23,0.09,0.23,0.13,0.17,0.3,0.13,0.3,Matches
Rk,Player,Nation,Pos,Squad,Age,Born,MP,Starts,Min,90s,Gls,Ast,G+A,G-PK,PK,PKatt,CrdY,CrdR,xG,npxG,xAG,npxG+xAG,PrgC,PrgP,PrgR,Gls,Ast,G+A,G-PK,G+A-PK,xG,xAG,xG+xAG,npxG,npxG+xAG,Matches
126,Shiō Fukuda,jpJPN,FW,Gladbach,20,2004,6,0,60,0.7,1,0,1,1,0,0,0,0,0.4,0.4,0,0.4,0,1,3,1.5,0,1.5,1.5,1.5,0.65,0,0.65,0.65,0.65,Matches
127,Cristian Gamboa,crCRC,DF,Bochum,34,1989,12,1,226,2.5,1,0,1,1,0,0,1,0,0.2,0.2,0.2,0.3,2,5,9,0.4,0,0.4,0.4,0.4,0.06,0.07,0.14,0.06,0.14,Matches
128,Aleix García,esESP,MF,Leverkusen,27,1997,28,17,"1,455",16.2,3,4,7,3,0,0,3,0,1,1,4.9,5.9,27,120,47,0.19,0.25,0.43,0.19,0.43,0.06,0.3,0.36,0.06,0.36,Matches
129,Viggo Gebel,deGER,MF,RB Leipzig,16,2007,1,0,14,0.2,0,0,0,0,0,0,0,0,0,0,0,0,0,0,3,0,0,0,0,0,0,0,0,0,0,Matches
130,Lutsharel Geertruida,nlNED,DF,RB Leipzig,24,2000,24,17,"1,557",17.3,1,0,1,1,0,0,2,0,1.1,1.1,1,2,21,93,34,0.06,0,0.06,0.06,0.06,0.06,0.06,0.12,0.06,0.12,Matches
131,Dennis Geiger,deGER,"MF,FW",Hoffenheim,26,1998,20,7,734,8.2,0,0,0,0,0,0,4,0,0.2,0.2,0.5,0.6,12,37,21,0,0,0,0,0,0.02,0.06,0.08,0.02,0.08,Matches
132,Valentin Gendrey,frFRA,DF,Hoffenheim,24,2000,22,14,"1,414",15.7,1,1,2,1,0,0,1,0,1.1,1.1,1.8,2.9,24,49,86,0.06,0.06,0.13,0.06,0.13,0.07,0.12,0.19,0.07,0.19,Matches
133,Yannick Gerhardt,deGER,"MF,DF",Wolfsburg,30,1994,29,15,"1,518",16.9,1,1,2,1,0,0,5,1,1.2,1.2,0.2,1.4,27,57,63,0.06,0.06,0.12,0.06,0.12,0.07,0.01,0.08,0.07,0.08,Matches
134,Max Geschwill,deGER,DF,Holstein Kiel,23,2001,19,13,"1,282",14.2,1,2,3,1,0,0,2,0,0.9,0.9,0.8,1.6,6,58,16,0.07,0.14,0.21,0.07,0.21,0.06,0.05,0.12,0.06,0.12,Matches
135,Dimitris Giannoulis,grGRE,DF,Augsburg,28,1995,31,31,"2,650",29.4,1,4,5,1,0,0,8,0,1.1,1.1,4.2,5.3,60,104,164,0.03,0.14,0.17,0.03,0.17,0.04,0.14,0.18,0.04,0.18,Matches
136,Armin Gigovic,baBIH,MF,Holstein Kiel,22,2002,31,23,"1,895",21.1,5,1,6,5,0,0,5,0,1.9,1.9,2.1,3.9,37,50,45,0.24,0.05,0.28,0.24,0.28,0.09,0.1,0.19,0.09,0.19,Matches
137,Benedikt Gimber,deGER,DF,Heidenheim,27,1997,32,32,"2,671",29.7,0,0,0,0,0,0,9,0,0.7,0.7,0.3,1,7,46,8,0,0,0,0,0,0.02,0.01,0.03,0.02,0.03,Matches
138,Matthias Ginter,deGER,DF,Freiburg,30,1994,32,28,"2,561",28.5,2,1,3,2,0,0,5,0,2.8,2.8,0.7,3.5,11,113,16,0.07,0.04,0.11,0.07,0.11,0.1,0.02,0.12,0.1,0.12,Matches
139,Jamie Gittens,engENG,"FW,MF",Dortmund,19,2004,32,21,"1,776",19.7,8,3,11,8,0,0,4,0,3.6,3.6,2.5,6.1,113,42,180,0.41,0.15,0.56,0.41,0.56,0.18,0.13,0.31,0.18,0.31,Matches
140,Serge Gnabry,deGER,"FW,MF",Bayern Munich,29,1995,27,13,"1,242",13.8,7,5,12,7,0,1,0,0,7.5,6.8,5.1,11.9,44,48,149,0.51,0.36,0.87,0.51,0.87,0.55,0.37,0.92,0.49,0.86,Matches
141,Tidiam Gomis,frFRA,"MF,FW",RB Leipzig,17,2006,8,1,152,1.7,0,1,1,0,0,0,2,0,0.3,0.3,0.9,1.2,5,3,14,0,0.59,0.59,0,0.59,0.15,0.55,0.7,0.15,0.7,Matches
142,Leon Goretzka,deGER,"MF,DF",Bayern Munich,29,1995,26,13,"1,325",14.7,4,1,5,4,0,0,2,0,2.8,2.8,1.7,4.4,35,127,28,0.27,0.07,0.34,0.27,0.34,0.19,0.11,0.3,0.19,0.3,Matches
143,Robin Gosens,deGER,DF,Union Berlin,30,1994,1,1,90,1,0,0,0,0,0,0,1,0,0,0,0.1,0.2,1,4,5,0,0,0,0,0,0.02,0.13,0.15,0.02,0.15,Matches
144,Mario Götze,deGER,"MF,FW",Eint Frankfurt,32,1992,24,18,"1,542",17.1,3,2,5,3,0,0,1,0,2.9,2.9,3.1,6,29,88,96,0.18,0.12,0.29,0.18,0.29,0.17,0.18,0.35,0.17,0.35,Matches
145,Jeffrey Gouweleeuw,nlNED,DF,Augsburg,33,1991,33,33,"2,944",32.7,1,4,5,1,0,1,9,0,1.7,0.9,2.2,3.1,24,142,19,0.03,0.12,0.15,0.03,0.15,0.05,0.07,0.12,0.03,0.1,Matches
146,Kamil Grabara,plPOL,GK,Wolfsburg,25,1999,29,29,"2,585",28.7,0,0,0,0,0,0,2,0,0,0,0,0,0,2,0,0,0,0,0,0,0,0,0,0,0,Matches
147,Michael Gregoritsch,atAUT,FW,Freiburg,30,1994,20,5,639,7.1,2,1,3,2,0,0,2,0,1.8,1.8,0.4,2.2,6,19,36,0.28,0.14,0.42,0.28,0.42,0.25,0.06,0.31,0.25,0.31,Matches
148,Vincenzo Grifo,itITA,"FW,MF",Freiburg,31,1993,34,31,"2,432",27,8,11,19,8,0,3,2,0,7.9,5.6,6.9,12.5,58,128,147,0.3,0.41,0.7,0.3,0.7,0.29,0.26,0.55,0.21,0.46,Matches
149,Florian Grillitsch,atAUT,MF,Hoffenheim,28,1995,8,8,601,6.7,0,0,0,0,0,0,1,0,0.2,0.2,0.2,0.3,4,44,4,0,0,0,0,0,0.02,0.03,0.05,0.02,0.05,Matches
150,Álex Grimaldo,esESP,DF,Leverkusen,28,1995,32,31,"2,636",29.3,2,7,9,2,0,0,6,1,2.5,2.5,8.1,10.6,86,160,252,0.07,0.24,0.31,0.07,0.31,0.09,0.28,0.36,0.09,0.36,Matches
Rk,Player,Nation,Pos,Squad,Age,Born,MP,Starts,Min,90s,Gls,Ast,G+A,G-PK,PK,PKatt,CrdY,CrdR,xG,npxG,xAG,npxG+xAG,PrgC,PrgP,PrgR,Gls,Ast,G+A,G-PK,G+A-PK,xG,xAG,xG+xAG,npxG,npxG+xAG,Matches
151,Pascal Groß,deGER,"MF,DF",Dortmund,33,1991,30,28,"2,327",25.9,0,9,9,0,0,0,5,1,2.4,2.4,5.1,7.5,41,178,122,0,0.35,0.35,0,0.35,0.09,0.2,0.29,0.09,0.29,Matches
152,Marco Grüll,atAUT,"FW,MF",Werder Bremen,26,1998,30,13,"1,181",13.1,6,1,7,6,0,0,1,0,4,4,1.8,5.8,24,38,93,0.46,0.08,0.53,0.46,0.53,0.3,0.14,0.44,0.3,0.44,Matches
153,Raphaël Guerreiro,ptPOR,"DF,MF",Bayern Munich,30,1993,23,19,"1,572",17.5,4,4,8,4,0,0,2,0,2.9,2.9,2.9,5.8,39,85,126,0.23,0.23,0.46,0.23,0.46,0.16,0.17,0.33,0.16,0.33,Matches
154,Morgan Guilavogui,gnGUI,"FW,MF",St. Pauli,26,1998,25,21,"1,807",20.1,6,2,8,6,0,0,6,0,7.1,7.1,1.9,9.1,42,41,135,0.3,0.1,0.4,0.3,0.4,0.36,0.1,0.45,0.36,0.45,Matches
155,Serhou Guirassy,gnGUI,FW,Dortmund,28,1996,30,29,"2,598",28.9,21,4,25,18,3,4,4,0,22.7,19.6,3.9,23.5,25,43,128,0.73,0.14,0.87,0.62,0.76,0.79,0.14,0.92,0.68,0.81,Matches
156,Péter Gulácsi,huHUN,GK,RB Leipzig,34,1990,30,30,"2,631",29.2,0,0,0,0,0,0,0,0,0,0,0,0,0,0,0,0,0,0,0,0,0,0,0,0,0,Matches
157,Robert Gumny,plPOL,DF,Augsburg,26,1998,7,2,271,3,0,0,0,0,0,0,2,0,0.3,0.3,0.5,0.8,5,10,13,0,0,0,0,0,0.11,0.15,0.26,0.11,0.26,Matches
158,Christian Günter,deGER,DF,Freiburg,31,1993,29,27,"2,314",25.7,2,2,4,2,0,0,0,0,0.8,0.6,2.5,3.2,19,52,109,0.08,0.08,0.16,0.08,0.16,0.03,0.1,0.13,0.02,0.12,Matches
159,Janik Haberer,deGER,"MF,DF",Union Berlin,30,1994,28,21,"1,696",18.8,0,0,0,0,0,0,1,0,0.7,0.7,0.8,1.6,13,59,22,0,0,0,0,0,0.04,0.04,0.08,0.04,0.08,Matches
160,Robin Hack,deGER,"FW,MF",Gladbach,25,1998,33,27,"2,172",24.1,4,7,11,4,0,0,4,0,5.4,5.4,3.6,9,51,95,141,0.17,0.29,0.46,0.17,0.46,0.22,0.15,0.38,0.22,0.38,Matches
161,Amadou Haidara,mlMLI,MF,RB Leipzig,26,1998,28,16,"1,320",14.7,0,1,1,0,0,0,7,0,1.4,1.4,0.9,2.2,7,65,24,0,0.07,0.07,0,0.07,0.09,0.06,0.15,0.09,0.15,Matches
162,Andreas Hanche-Olsen,noNOR,DF,Mainz 05,27,1997,22,12,"1,284",14.3,1,1,2,1,0,0,4,1,0.8,0.8,0.3,1.1,2,34,5,0.07,0.07,0.14,0.07,0.14,0.06,0.02,0.08,0.06,0.08,Matches
163,Phil Harres,deGER,FW,Holstein Kiel,22,2002,26,17,"1,544",17.2,8,1,9,8,0,0,3,0,5.9,5.9,1.3,7.2,12,16,71,0.47,0.06,0.52,0.47,0.52,0.34,0.07,0.42,0.34,0.42,Matches
164,Ramon Hendriks,nlNED,DF,Stuttgart,23,2001,25,10,"1,154",12.8,0,1,1,0,0,0,3,0,0.6,0.6,1,1.6,8,36,22,0,0.08,0.08,0,0.08,0.04,0.08,0.12,0.04,0.12,Matches
165,Paul Hennrich,deGER,MF,Hoffenheim,19,2005,1,0,12,0.1,0,0,0,0,0,0,0,0,0,0,0,0,1,0,0,0,0,0,0,0,0,0,0,0,0,Matches
166,Benjamin Henrichs,deGER,DF,RB Leipzig,27,1997,15,10,935,10.4,0,2,2,0,0,0,3,0,0.5,0.4,1.4,1.8,9,29,55,0,0.19,0.19,0,0.19,0.05,0.14,0.18,0.04,0.18,Matches
167,Mario Hermoso,esESP,DF,Leverkusen,29,1995,4,3,293,3.3,0,0,0,0,0,0,0,0,0.4,0.4,0.2,0.6,2,20,3,0,0,0,0,0,0.11,0.06,0.17,0.11,0.17,Matches
168,Piero Hincapié,ecECU,DF,Leverkusen,22,2002,32,28,"2,670",29.7,2,2,4,2,0,0,8,0,2.9,2.9,3.2,6.1,52,152,72,0.07,0.07,0.13,0.07,0.13,0.1,0.11,0.21,0.1,0.21,Matches
169,Adam Hložek,czCZE,"FW,MF",Hoffenheim,22,2002,27,22,"1,871",20.8,8,4,12,8,0,0,2,0,5.6,5.6,3.5,9.1,54,68,102,0.38,0.19,0.58,0.38,0.58,0.27,0.17,0.44,0.27,0.44,Matches
170,Nicolas Höfler,deGER,MF,Freiburg,34,1990,20,7,794,8.8,0,0,0,0,0,0,3,0,0.2,0.2,0.1,0.3,1,30,3,0,0,0,0,0,0.03,0.01,0.04,0.03,0.04,Matches
171,Jonas Hofmann,deGER,"MF,DF",Leverkusen,32,1992,11,4,356,4,2,1,3,2,0,0,1,0,1,1,0.4,1.4,10,14,29,0.51,0.25,0.76,0.51,0.76,0.25,0.11,0.35,0.25,0.35,Matches
172,Philipp Hofmann,deGER,FW,Bochum,31,1993,32,27,"2,277",25.3,3,3,6,3,0,0,4,0,5.5,5.5,3.3,8.8,8,53,112,0.12,0.12,0.24,0.12,0.24,0.22,0.13,0.35,0.22,0.35,Matches
173,Lucas Höler,deGER,"FW,MF",Freiburg,30,1994,31,21,"1,867",20.7,6,4,10,6,0,1,3,0,7.7,6.9,2.9,9.8,21,47,122,0.29,0.19,0.48,0.29,0.48,0.37,0.14,0.51,0.33,0.47,Matches
174,Benedict Hollerbach,deGER,"FW,MF",Union Berlin,23,2001,34,30,"2,540",28.2,9,1,10,9,0,0,3,0,7,7,1.6,8.6,103,68,214,0.32,0.04,0.35,0.32,0.35,0.25,0.06,0.31,0.25,0.31,Matches
175,Lewis Holtby,deGER,MF,Holstein Kiel,33,1990,25,13,"1,238",13.8,0,1,1,0,0,0,1,1,0.5,0.5,1.5,2.1,14,47,34,0,0.07,0.07,0,0.07,0.04,0.11,0.15,0.04,0.15,Matches
Rk,Player,Nation,Pos,Squad,Age,Born,MP,Starts,Min,90s,Gls,Ast,G+A,G-PK,PK,PKatt,CrdY,CrdR,xG,npxG,xAG,npxG+xAG,PrgC,PrgP,PrgR,Gls,Ast,G+A,G-PK,G+A-PK,xG,xAG,xG+xAG,npxG,npxG+xAG,Matches
176,Gerrit Holtmann,phPHI,"DF,FW",Bochum,29,1995,23,12,"1,136",12.6,2,1,3,2,0,0,2,0,2,2,2.9,4.9,50,33,97,0.16,0.08,0.24,0.16,0.24,0.16,0.23,0.39,0.16,0.39,Matches
177,Franck Honorat,frFRA,FW,Gladbach,27,1996,19,18,"1,439",16,4,7,11,4,0,0,0,0,4.5,4.5,5.3,9.8,63,45,124,0.25,0.44,0.69,0.25,0.69,0.28,0.33,0.61,0.28,0.61,Matches
178,Mathias Honsak,atAUT,"FW,DF",Heidenheim,27,1996,22,12,"1,181",13.1,5,1,6,5,0,0,1,0,3.3,3.3,1.6,4.9,37,29,58,0.38,0.08,0.46,0.38,0.46,0.26,0.12,0.38,0.26,0.38,Matches
179,Timo Horn,deGER,GK,Bochum,31,1993,13,13,"1,170",13,0,0,0,0,0,0,2,0,0,0,0,0,0,1,0,0,0,0,0,0,0,0,0,0,0,Matches
180,Lukáš Hrádecký,fiFIN,GK,Leverkusen,34,1989,29,29,"2,610",29,0,0,0,0,0,0,1,0,0,0,0,0,0,0,0,0,0,0,0,0,0,0,0,0,0,Matches
181,Robin Hranáč,czCZE,DF,Hoffenheim,24,2000,4,2,219,2.4,0,0,0,0,0,0,0,0,0,0,0,0,2,4,0,0,0,0,0,0,0,0,0,0,0,Matches
182,Hong Hyunseok,krKOR,MF,Mainz 05,25,1999,23,4,530,5.9,0,1,1,0,0,0,0,0,0.5,0.5,1.5,1.9,10,23,31,0,0.17,0.17,0,0.17,0.08,0.25,0.33,0.08,0.33,Matches
183,Oscar Højlund,dkDEN,MF,Eint Frankfurt,19,2005,20,7,722,8,1,0,1,1,0,0,0,0,1,1,1.1,2,17,49,9,0.12,0,0.12,0.12,0.12,0.12,0.13,0.25,0.12,0.25,Matches
184,Arijon Ibrahimović,deGER,FW,Bayern Munich,18,2005,1,0,1,0,0,0,0,0,0,0,0,0,0,0,0,0,0,0,0,0,0,0,0,0,0,0,0,0,0,Matches
185,Andrej Ilic,rsSRB,FW,Union Berlin,24,2000,16,11,937,10.4,7,0,7,6,1,1,1,0,4.9,4.1,0.3,4.4,5,13,59,0.67,0,0.67,0.58,0.58,0.47,0.03,0.5,0.39,0.42,Matches
186,Jackson Irvine,auAUS,MF,St. Pauli,31,1993,29,29,"2,610",29,0,6,6,0,0,0,2,0,3.2,3,3.9,7,19,117,58,0,0.21,0.21,0,0.21,0.11,0.14,0.25,0.1,0.24,Matches
187,Ko Itakura,jpJPN,DF,Gladbach,27,1997,31,31,"2,790",31,3,0,3,3,0,0,5,0,1.6,1.6,0.8,2.5,23,69,5,0.1,0,0.1,0.1,0.1,0.05,0.03,0.08,0.05,0.08,Matches
188,Hiroki Ito,jpJPN,DF,Bayern Munich,25,1999,6,3,250,2.8,1,0,1,1,0,0,1,0,0.4,0.4,0.4,0.8,3,18,6,0.36,0,0.36,0.36,0.36,0.13,0.14,0.27,0.13,0.27,Matches
189,Marko Ivezić,rsSRB,DF,Holstein Kiel,22,2001,23,18,"1,657",18.4,0,0,0,0,0,0,5,0,0.6,0.6,0.2,0.8,3,40,9,0,0,0,0,0,0.03,0.01,0.04,0.03,0.04,Matches
190,Lee Jae-sung,krKOR,MF,Mainz 05,31,1992,33,31,"2,650",29.4,7,6,13,7,0,0,4,0,5.3,5.3,5,10.3,28,105,165,0.24,0.2,0.44,0.24,0.44,0.18,0.17,0.35,0.18,0.35,Matches
191,Kristijan Jakić,hrCRO,MF,Augsburg,27,1997,31,27,"2,306",25.6,0,1,1,0,0,0,2,0,0.8,0.8,1.2,2,24,106,49,0,0.04,0.04,0,0.04,0.03,0.05,0.08,0.03,0.08,Matches
192,Luca Jaquez,chSUI,DF,Stuttgart,21,2003,5,2,253,2.8,0,0,0,0,0,0,0,0,0.2,0.2,0,0.2,5,18,0,0,0,0,0,0,0.08,0,0.08,0.08,0.08,Matches
193,Dominik Javorček,skSVK,"DF,MF",Holstein Kiel,21,2002,13,4,386,4.3,0,2,2,0,0,0,2,0,0,0,1,1,7,4,23,0,0.47,0.47,0,0.47,0,0.23,0.24,0,0.24,Matches
194,Finn Jeltsch,deGER,DF,Stuttgart,18,2006,12,9,780,8.7,0,0,0,0,0,0,2,0,0.1,0.1,0.1,0.1,8,31,5,0,0,0,0,0,0.01,0.01,0.02,0.01,0.02,Matches
195,Fredrik Jensen,fiFIN,MF,Augsburg,26,1997,20,9,763,8.5,0,0,0,0,0,0,0,0,0.7,0.7,0.7,1.4,16,20,58,0,0,0,0,0,0.08,0.08,0.16,0.08,0.16,Matches
196,Moritz Jenz,deGER,DF,Mainz 05,25,1999,19,18,"1,600",17.8,0,0,0,0,0,0,4,0,1.6,1.6,0.3,1.8,1,47,3,0,0,0,0,0,0.09,0.01,0.1,0.09,0.1,Matches
197,Carl Johansson,seSWE,DF,Holstein Kiel,30,1994,10,7,568,6.3,0,0,0,0,0,0,0,1,0,0,0.4,0.5,0,12,0,0,0,0,0,0,0.01,0.06,0.07,0.01,0.07,Matches
198,Anthony Jung,deGER,DF,Werder Bremen,32,1991,28,20,"1,898",21.1,0,0,0,0,0,0,1,0,0,0,0.1,0.1,20,121,6,0,0,0,0,0,0,0,0,0,0,Matches
199,Josip Juranović,hrCRO,"DF,MF",Union Berlin,28,1995,17,13,"1,159",12.9,0,1,1,0,0,0,4,0,0.3,0.3,1.8,2.1,19,52,45,0,0.08,0.08,0,0.08,0.02,0.14,0.16,0.02,0.16,Matches
200,David Jurásek,czCZE,DF,Hoffenheim,23,2000,14,6,619,6.9,0,1,1,0,0,0,0,0,0.1,0.1,0.9,1,17,22,42,0,0.15,0.15,0,0.15,0.02,0.13,0.14,0.02,0.14,Matches
Rk,Player,Nation,Pos,Squad,Age,Born,MP,Starts,Min,90s,Gls,Ast,G+A,G-PK,PK,PKatt,CrdY,CrdR,xG,npxG,xAG,npxG+xAG,PrgC,PrgP,PrgR,Gls,Ast,G+A,G-PK,G+A-PK,xG,xAG,xG+xAG,npxG,npxG+xAG,Matches
201,Yusuf Kabadayı,deGER,"FW,MF",Augsburg,20,2004,5,0,71,0.8,1,0,1,1,0,0,0,0,0.6,0.6,0,0.7,2,3,8,1.27,0,1.27,1.27,1.27,0.82,0.06,0.89,0.82,0.89,Matches
202,Almugera Kabar,deGER,DF,Dortmund,18,2006,5,1,137,1.5,0,0,0,0,0,0,2,1,0,0,0.5,0.5,5,6,2,0,0,0,0,0,0,0.36,0.36,0,0.36,Matches
203,Issa Kaboré,bfBFA,"DF,FW",Werder Bremen,23,2001,9,3,308,3.4,0,0,0,0,0,0,0,0,0.7,0.7,0.8,1.5,15,8,35,0,0,0,0,0,0.2,0.25,0.45,0.2,0.45,Matches
204,Pavel Kadeřábek,czCZE,DF,Hoffenheim,32,1992,24,18,"1,576",17.5,2,0,2,2,0,0,6,0,0.8,0.8,2,2.7,15,47,86,0.11,0,0.11,0.11,0.11,0.04,0.11,0.16,0.04,0.16,Matches
205,Jakub Kamiński,plPOL,"DF,MF",Wolfsburg,22,2002,22,12,"1,130",12.6,0,2,2,0,0,0,2,0,0.9,0.9,3.3,4.2,41,40,69,0,0.16,0.16,0,0.16,0.07,0.26,0.34,0.07,0.34,Matches
206,Kevin Kampl,siSVN,MF,RB Leipzig,33,1990,26,18,"1,593",17.7,1,0,1,1,0,0,5,0,0.8,0.8,1.4,2.2,21,106,32,0.06,0,0.06,0.06,0.06,0.05,0.08,0.13,0.05,0.13,Matches
207,Harry Kane,engENG,FW,Bayern Munich,31,1993,31,28,"2,381",26.5,26,9,35,17,9,9,5,0,20.3,13.3,5.3,18.6,29,97,143,0.98,0.34,1.32,0.64,0.98,0.77,0.2,0.97,0.5,0.7,Matches
208,Atakan Karazor,,MF,Stuttgart,27,1996,32,31,"2,618",29.1,2,4,6,2,0,0,10,1,2.3,2,2.6,4.6,19,140,33,0.07,0.14,0.21,0.07,0.21,0.08,0.09,0.17,0.07,0.16,Matches
209,Mikkel Kaufmann,dkDEN,FW,Heidenheim,23,2001,9,3,372,4.1,0,0,0,0,0,0,2,0,0.5,0.5,0.1,0.6,4,10,21,0,0,0,0,0,0.13,0.03,0.15,0.13,0.15,Matches
210,Yannik Keitel,deGER,MF,Stuttgart,24,2000,11,2,270,3,0,0,0,0,0,0,1,0,0.5,0.5,0,0.6,2,11,3,0,0,0,0,0,0.18,0.01,0.19,0.18,0.19,Matches
211,Andu Kelati,deGER,"MF,DF",Holstein Kiel,21,2002,8,2,288,3.2,1,1,2,1,0,0,2,1,0.9,0.9,0.8,1.7,3,19,11,0.31,0.31,0.62,0.31,0.62,0.27,0.26,0.53,0.27,0.53,Matches
212,Thomas Keller,deGER,"DF,MF",Heidenheim,24,1999,6,2,148,1.6,0,0,0,0,0,0,2,0,0,0,0,0,0,6,0,0,0,0,0,0,0.01,0,0.01,0.01,0.01,Matches
213,Aljoscha Kemlein,deGER,MF,Union Berlin,19,2004,15,11,922,10.2,1,0,1,1,0,0,3,0,0.9,0.9,0.6,1.5,5,42,19,0.1,0,0.1,0.1,0.1,0.09,0.06,0.15,0.09,0.15,Matches
214,Luca Kerber,deGER,"MF,DF",Heidenheim,22,2002,23,7,783,8.7,2,0,2,2,0,0,4,0,0.6,0.6,0.7,1.3,1,16,12,0.23,0,0.23,0.23,0.23,0.07,0.08,0.15,0.07,0.15,Matches
215,Rani Khedira,deGER,MF,Union Berlin,30,1994,32,31,"2,723",30.3,1,1,2,1,0,0,7,0,1.4,1.4,0.6,2.1,12,80,34,0.03,0.03,0.07,0.03,0.07,0.05,0.02,0.07,0.05,0.07,Matches
216,Joshua Kimmich,deGER,MF,Bayern Munich,29,1995,33,32,"2,847",31.6,3,7,10,3,0,0,4,0,1.8,1.8,7.4,9.2,51,362,77,0.09,0.22,0.32,0.09,0.32,0.06,0.24,0.29,0.06,0.29,Matches
217,Tim Kleindienst,deGER,FW,Gladbach,28,1995,31,31,"2,737",30.4,16,7,23,15,1,2,5,1,13.6,11.9,6.2,18,45,63,145,0.53,0.23,0.76,0.49,0.72,0.45,0.2,0.65,0.39,0.59,Matches
218,Lukas Klostermann,deGER,DF,RB Leipzig,28,1996,28,20,"1,838",20.4,1,0,1,1,0,0,5,0,0.3,0.3,0.1,0.4,16,83,26,0.05,0,0.05,0.05,0.05,0.02,0.01,0.02,0.02,0.02,Matches
219,Ansgar Knauff,deGER,"MF,DF",Eint Frankfurt,22,2002,30,18,"1,597",17.7,4,5,9,4,0,0,3,0,4.9,4.9,5.2,10,53,58,146,0.23,0.28,0.51,0.23,0.51,0.28,0.29,0.57,0.28,0.57,Matches
220,Magnus Knudsen,noNOR,MF,Holstein Kiel,23,2001,31,22,"1,850",20.6,0,1,1,0,0,0,7,0,0.7,0.7,1.3,2,16,54,25,0,0.05,0.05,0,0.05,0.03,0.06,0.1,0.03,0.1,Matches
221,Gregor Kobel,chSUI,GK,Dortmund,26,1997,32,32,"2,880",32,0,0,0,0,0,0,1,0,0,0,0,0,0,1,0,0,0,0,0,0,0,0,0,0,0,Matches
222,Robin Koch,deGER,DF,Eint Frankfurt,28,1996,30,30,"2,586",28.7,3,0,3,3,0,0,3,0,1.7,1.7,0.2,2,9,93,4,0.1,0,0.1,0.1,0.1,0.06,0.01,0.07,0.06,0.07,Matches
223,Derrick Köhn,deGER,"DF,FW",Werder Bremen,25,1999,27,14,"1,343",14.9,2,2,4,2,0,0,2,0,0.7,0.7,1.6,2.4,36,39,122,0.13,0.13,0.27,0.13,0.27,0.05,0.11,0.16,0.05,0.16,Matches
224,Dominik Kohr,deGER,"DF,MF",Mainz 05,30,1994,28,28,"2,295",25.5,2,0,2,2,0,0,11,1,1.6,1.6,0.6,2.1,26,101,31,0.08,0,0.08,0.08,0.08,0.06,0.02,0.08,0.06,0.08,Matches
225,Marco Komenda,hrCRO,DF,Holstein Kiel,27,1996,19,17,"1,307",14.5,0,0,0,0,0,0,3,0,0.1,0.1,0.8,0.9,13,53,16,0,0,0,0,0,0.01,0.06,0.06,0.01,0.06,Matches
Rk,Player,Nation,Pos,Squad,Age,Born,MP,Starts,Min,90s,Gls,Ast,G+A,G-PK,PK,PKatt,CrdY,CrdR,xG,npxG,xAG,npxG+xAG,PrgC,PrgP,PrgR,Gls,Ast,G+A,G-PK,G+A-PK,xG,xAG,xG+xAG,npxG,npxG+xAG,Matches
226,Mert Kömür,deGER,MF,Augsburg,19,2005,20,5,654,7.3,2,1,3,2,0,0,1,0,1.1,1.1,1.5,2.6,18,11,46,0.28,0.14,0.41,0.28,0.41,0.16,0.2,0.36,0.16,0.36,Matches
227,Kacper Koscierski,deGER,DF,Bochum,17,2007,1,0,7,0.1,0,0,0,0,0,0,0,0,0,0,0,0,0,0,0,0,0,0,0,0,0,0,0,0,0,Matches
228,Henri Koudossou,deGER,DF,Augsburg,24,1999,21,4,748,8.3,0,0,0,0,0,0,1,0,0.1,0.1,0.8,0.9,19,23,48,0,0,0,0,0,0.01,0.09,0.1,0.01,0.1,Matches
229,Konstantinos Koulierakis,grGRE,DF,Wolfsburg,20,2003,30,28,"2,468",27.4,0,2,2,0,0,0,4,0,1,1,1,1.9,20,104,8,0,0.07,0.07,0,0.07,0.03,0.04,0.07,0.03,0.07,Matches
230,Matej Kovar,czCZE,GK,Leverkusen,24,2000,5,5,450,5,0,0,0,0,0,0,0,0,0,0,0,0,0,0,0,0,0,0,0,0,0,0,0,0,0,Matches
231,Andrej Kramarić,hrCRO,"MF,FW",Hoffenheim,33,1991,32,32,"2,767",30.7,11,8,19,8,3,3,4,0,11.8,9.5,4.3,13.7,75,143,202,0.36,0.26,0.62,0.26,0.52,0.38,0.14,0.52,0.31,0.45,Matches
232,Frans Krätzig,deGER,"DF,MF",Heidenheim,21,2003,16,15,"1,217",13.5,1,2,3,1,0,0,1,0,0.6,0.6,1.8,2.5,25,37,57,0.07,0.15,0.22,0.07,0.22,0.05,0.13,0.18,0.05,0.18,Matches
233,Frans Krätzig,deGER,DF,Stuttgart,21,2003,1,1,56,0.6,0,0,0,0,0,0,0,0,0,0,0,0,0,2,2,0,0,0,0,0,0,0,0,0,0,Matches
234,Tom Krauß,deGER,MF,Bochum,23,2001,14,13,"1,077",12,0,0,0,0,0,0,2,0,0.4,0.4,0.7,1.1,16,84,20,0,0,0,0,0,0.03,0.06,0.09,0.03,0.09,Matches
235,Rasmus Kristensen,dkDEN,DF,Eint Frankfurt,27,1997,30,28,"2,513",27.9,5,3,8,5,0,0,4,0,2.5,2.5,3.1,5.6,51,172,162,0.18,0.11,0.29,0.18,0.29,0.09,0.11,0.2,0.09,0.2,Matches
236,Lukas Kübler,deGER,DF,Freiburg,31,1992,28,22,"1,842",20.5,5,1,6,5,0,0,5,0,2.7,2.7,0.8,3.5,24,78,49,0.24,0.05,0.29,0.24,0.29,0.13,0.04,0.17,0.13,0.17,Matches
237,Jonah Kusi-Asare,seSWE,FW,Bayern Munich,17,2007,1,0,3,0,0,0,0,0,0,0,0,0,0,0,0,0,0,0,0,0,0,0,0,0,1.12,0,1.12,1.12,1.12,Matches
238,Moritz-Broni Kwarteng,ghGHA,"MF,FW",Bochum,26,1998,7,0,172,1.9,0,0,0,0,0,0,1,0,0.2,0.2,0.2,0.4,4,12,16,0,0,0,0,0,0.1,0.09,0.19,0.1,0.19,Matches
239,Nediljko Labrović,hrCRO,GK,Augsburg,24,1999,15,15,"1,350",15,0,0,0,0,0,0,0,0,0,0,0,0,0,0,0,0,0,0,0,0,0,0,0,0,0,Matches
240,Konrad Laimer,atAUT,DF,Bayern Munich,27,1997,29,19,"1,699",18.9,2,2,4,2,0,0,8,0,2.1,2.1,2.7,4.8,87,141,113,0.11,0.11,0.21,0.11,0.21,0.11,0.14,0.25,0.11,0.25,Matches
241,Stefan Lainer,atAUT,DF,Gladbach,31,1992,21,6,757,8.4,1,0,1,1,0,0,2,0,0.3,0.3,1,1.3,25,25,32,0.12,0,0.12,0.12,0.12,0.04,0.12,0.15,0.04,0.15,Matches
242,Hugo Larsson,seSWE,MF,Eint Frankfurt,20,2004,33,28,"2,393",26.6,3,1,4,3,0,0,2,0,3.1,3.1,2.1,5.2,16,121,33,0.11,0.04,0.15,0.11,0.15,0.12,0.08,0.19,0.12,0.19,Matches
243,Diogo Leite,ptPOR,DF,Union Berlin,25,1999,30,29,"2,546",28.3,1,2,3,1,0,0,3,0,1.4,1.4,1,2.4,20,116,16,0.04,0.07,0.11,0.04,0.11,0.05,0.04,0.08,0.05,0.08,Matches
244,Maxim Leitsch,deGER,DF,Mainz 05,26,1998,14,6,674,7.5,1,0,1,1,0,0,2,0,1.2,1.2,0.2,1.4,4,25,5,0.13,0,0.13,0.13,0.13,0.16,0.03,0.19,0.16,0.19,Matches
245,Jamie Leweling,deGER,"MF,FW",Stuttgart,23,2001,27,22,"1,663",18.5,2,2,4,2,0,0,4,0,1.6,1.6,3.8,5.4,55,51,164,0.11,0.11,0.22,0.11,0.22,0.08,0.21,0.29,0.08,0.29,Matches
246,Philipp Lienhart,atAUT,DF,Freiburg,28,1996,32,31,"2,770",30.8,1,0,1,1,0,0,5,0,0.5,0.5,0.8,1.2,44,138,9,0.03,0,0.03,0.03,0.03,0.02,0.02,0.04,0.02,0.04,Matches
247,Marin Ljubicic,hrCRO,"FW,MF",Union Berlin,22,2002,13,1,281,3.1,1,1,2,1,0,0,1,0,0.4,0.4,0.6,1.1,1,6,19,0.32,0.32,0.64,0.32,0.64,0.14,0.2,0.34,0.14,0.34,Matches
248,Anthony Losilla,frFRA,MF,Bochum,38,1986,21,13,"1,137",12.6,0,0,0,0,0,0,1,0,0.1,0.1,0.4,0.5,3,45,11,0,0,0,0,0,0.01,0.03,0.04,0.01,0.04,Matches
249,Yannik Lührs,deGER,DF,Dortmund,20,2003,3,1,127,1.4,0,0,0,0,0,0,0,0,0,0,0,0,2,1,1,0,0,0,0,0,0,0.03,0.03,0,0.03,Matches
250,Castello Lukeba,frFRA,DF,RB Leipzig,21,2002,23,18,"1,577",17.5,0,0,0,0,0,0,2,0,0.4,0.4,0.2,0.6,18,80,23,0,0,0,0,0,0.02,0.01,0.04,0.02,0.04,Matches
Rk,Player,Nation,Pos,Squad,Age,Born,MP,Starts,Min,90s,Gls,Ast,G+A,G-PK,PK,PKatt,CrdY,CrdR,xG,npxG,xAG,npxG+xAG,PrgC,PrgP,PrgR,Gls,Ast,G+A,G-PK,G+A-PK,xG,xAG,xG+xAG,npxG,npxG+xAG,Matches
251,Senne Lynen,beBEL,MF,Werder Bremen,25,1999,32,32,"2,733",30.4,0,1,1,0,0,0,9,0,1.1,1.1,0.6,1.7,9,91,28,0,0.03,0.03,0,0.03,0.04,0.02,0.06,0.04,0.06,Matches
252,Shuto Machino,jpJPN,"FW,MF",Holstein Kiel,24,1999,32,23,"1,953",21.7,11,2,13,9,2,2,2,0,6.5,4.9,3,7.9,30,59,108,0.51,0.09,0.6,0.41,0.51,0.3,0.14,0.44,0.23,0.36,Matches
253,Arne Maier,deGER,MF,Augsburg,25,1999,28,7,938,10.4,0,0,0,0,0,0,0,1,1.5,1.5,1.5,3,19,44,56,0,0,0,0,0,0.15,0.14,0.29,0.15,0.29,Matches
254,Patrick Mainka,deGER,DF,Heidenheim,29,1994,34,34,"3,060",34,1,1,2,1,0,0,3,0,1.9,1.9,0.3,2.3,21,102,12,0.03,0.03,0.06,0.03,0.06,0.06,0.01,0.07,0.06,0.07,Matches
255,Lovro Majer,hrCRO,MF,Wolfsburg,26,1998,9,3,304,3.4,2,1,3,1,1,1,1,0,1.4,0.6,1.1,1.7,8,17,10,0.59,0.3,0.89,0.3,0.59,0.41,0.31,0.72,0.18,0.49,Matches
256,Jordy Makengo,frFRA,DF,Freiburg,22,2001,19,7,745,8.3,0,0,0,0,0,0,1,0,0,0,0.2,0.2,9,15,35,0,0,0,0,0,0,0.03,0.03,0,0.03,Matches
257,Jarzinho Malanga,deGER,DF,Stuttgart,18,2006,1,0,2,0,0,0,0,0,0,0,0,0,0,0,0,0,0,0,2,0,0,0,0,0,0,0,0,0,0,Matches
258,Julián Malatini,arARG,DF,Werder Bremen,23,2001,10,5,454,5,1,1,2,1,0,0,1,0,0.2,0.2,0.5,0.7,8,24,4,0.2,0.2,0.4,0.2,0.4,0.05,0.09,0.14,0.05,0.14,Matches
259,Donyell Malen,nlNED,"FW,MF",Dortmund,25,1999,14,6,614,6.8,3,0,3,3,0,0,1,0,2.9,2.9,0.2,3.2,23,17,75,0.44,0,0.44,0.44,0.44,0.43,0.03,0.46,0.43,0.46,Matches
260,Lennard Maloney,usUSA,MF,Heidenheim,24,1999,11,10,760,8.4,0,0,0,0,0,0,1,0,0.3,0.3,0,0.4,1,14,0,0,0,0,0,0,0.04,0,0.04,0.04,0.04,Matches
261,Lennard Maloney,usUSA,MF,Mainz 05,24,1999,5,0,26,0.3,0,0,0,0,0,0,1,0,0,0,0,0,1,0,0,0,0,0,0,0,0,0,0,0,0,Matches
262,Johan Manzambi,chSUI,"FW,MF",Freiburg,18,2005,11,4,335,3.7,2,1,3,2,0,0,2,0,1.3,1.3,0.4,1.8,7,10,12,0.54,0.27,0.81,0.54,0.81,0.36,0.12,0.47,0.36,0.47,Matches
263,Omar Marmoush,egEGY,FW,Eint Frankfurt,25,1999,17,17,"1,448",16.1,15,9,24,13,2,2,2,0,8.8,7.3,6.2,13.5,73,50,125,0.93,0.56,1.49,0.81,1.37,0.55,0.39,0.94,0.45,0.84,Matches
264,Giorgos Masouras,grGRE,"FW,MF",Bochum,30,1994,14,12,"1,055",11.7,2,1,3,2,0,0,1,0,3.9,3.9,1.1,5,26,19,82,0.17,0.09,0.26,0.17,0.26,0.33,0.09,0.43,0.33,0.43,Matches
265,Erhan Mašović,rsSRB,DF,Bochum,25,1998,16,10,910,10.1,1,1,2,1,0,0,2,0,0.6,0.6,0.9,1.5,1,35,4,0.1,0.1,0.2,0.1,0.2,0.06,0.09,0.15,0.06,0.15,Matches
266,Igor Matanovic,hrCRO,FW,Eint Frankfurt,21,2003,16,2,312,3.5,1,0,1,1,0,0,0,0,1.1,1.1,0,1.2,2,6,19,0.29,0,0.29,0.29,0.29,0.33,0.01,0.34,0.33,0.34,Matches
267,Chrislain Matsima,frFRA,DF,Augsburg,22,2002,30,28,"2,551",28.3,1,1,2,1,0,0,4,0,1.8,1.8,0.3,2.1,14,84,13,0.04,0.04,0.07,0.04,0.07,0.06,0.01,0.07,0.06,0.07,Matches
268,Jean Mattéo Bahoya,frFRA,"MF,FW",Eint Frankfurt,19,2005,24,10,921,10.2,2,3,5,2,0,0,3,0,1.9,1.9,1.7,3.6,24,28,93,0.2,0.29,0.49,0.2,0.49,0.18,0.17,0.35,0.18,0.35,Matches
269,Maurides,brBRA,FW,St. Pauli,30,1994,1,0,2,0,0,0,0,0,0,0,0,0,0,0,0,0,0,0,0,0,0,0,0,0,0,0,0,0,0,Matches
270,Keke Maximilian Topp,deGER,"FW,MF",Werder Bremen,20,2004,19,1,252,2.8,2,2,4,2,0,0,1,0,1,1,2,3,10,9,27,0.71,0.71,1.43,0.71,1.43,0.35,0.72,1.08,0.35,1.08,Matches
271,Jakov Medić,hrCRO,DF,Bochum,25,1998,23,17,"1,603",17.8,1,0,1,1,0,0,2,0,0.9,0.9,0.2,1,2,27,3,0.06,0,0.06,0.06,0.06,0.05,0.01,0.06,0.05,0.06,Matches
272,Connor Metcalfe,auAUS,"MF,FW",St. Pauli,24,1999,10,3,358,4,0,0,0,0,0,0,2,1,0.7,0.7,0.2,0.9,6,8,11,0,0,0,0,0,0.18,0.04,0.22,0.18,0.22,Matches
273,Karol Mets,eeEST,DF,St. Pauli,31,1993,10,10,900,10,0,0,0,0,0,0,1,0,0.1,0.1,0.2,0.3,5,54,2,0,0,0,0,0,0.01,0.02,0.03,0.01,0.03,Matches
274,Alexander Meyer,deGER,GK,Dortmund,33,1991,2,2,180,2,0,0,0,0,0,0,0,0,0,0,0.1,0.1,0,0,0,0,0,0,0,0,0,0.06,0.06,0,0.06,Matches
275,Florian Micheler,atAUT,MF,Hoffenheim,19,2005,1,0,32,0.4,0,0,0,0,0,0,1,0,0,0,0,0,1,1,1,0,0,0,0,0,0,0,0,0,0,Matches
Rk,Player,Nation,Pos,Squad,Age,Born,MP,Starts,Min,90s,Gls,Ast,G+A,G-PK,PK,PKatt,CrdY,CrdR,xG,npxG,xAG,npxG+xAG,PrgC,PrgP,PrgR,Gls,Ast,G+A,G-PK,G+A-PK,xG,xAG,xG+xAG,npxG,npxG+xAG,Matches
276,Enzo Millot,frFRA,"MF,FW",Stuttgart,22,2002,29,22,"1,843",20.5,6,5,11,6,0,1,9,0,7.6,6.7,3.1,9.8,44,118,123,0.29,0.24,0.54,0.29,0.54,0.37,0.15,0.52,0.33,0.48,Matches
277,Kim Min-jae,krKOR,DF,Bayern Munich,27,1996,27,27,"2,283",25.4,2,0,2,2,0,0,2,0,1.6,1.6,0.3,1.9,16,181,5,0.08,0,0.08,0.08,0.08,0.06,0.01,0.08,0.06,0.08,Matches
278,Maximilian Mittelstädt,deGER,DF,Stuttgart,27,1997,31,28,"2,469",27.4,1,7,8,1,0,0,5,0,0.9,0.9,4.7,5.6,62,182,155,0.04,0.26,0.29,0.04,0.29,0.03,0.17,0.2,0.03,0.2,Matches
279,Koji Miyoshi,jpJPN,"FW,MF",Bochum,27,1997,15,6,464,5.2,1,0,1,1,0,0,0,1,1.1,1.1,0.8,1.9,11,15,23,0.19,0,0.19,0.19,0.19,0.21,0.15,0.36,0.21,0.36,Matches
280,Max Moerstedt,deGER,FW,Hoffenheim,,,12,5,451,5,0,0,0,0,0,0,2,0,0.8,0.8,0.6,1.3,6,10,36,0,0,0,0,0,0.15,0.12,0.27,0.15,0.27,Matches
281,David Mokwa,frFRA,"DF,FW",Hoffenheim,20,2004,2,0,22,0.2,0,0,0,0,0,0,0,0,0.3,0.3,0,0.3,0,0,0,0,0,0,0,0,1.21,0,1.21,1.21,1.21,Matches
282,Steve Mounié,bjBEN,"FW,MF",Augsburg,29,1994,16,1,347,3.9,1,0,1,1,0,0,2,0,3.2,3.2,0,3.2,8,11,27,0.26,0,0.26,0.26,0.26,0.82,0.01,0.83,0.82,0.83,Matches
283,Nordi Mukiele,frFRA,DF,Leverkusen,26,1997,15,10,899,10,1,0,1,1,0,0,4,0,1.4,1.4,1,2.4,20,36,28,0.1,0,0.1,0.1,0.1,0.14,0.1,0.24,0.14,0.24,Matches
284,Florian Müller,deGER,GK,Freiburg,26,1997,9,8,753,8.4,0,0,0,0,0,0,0,0,0,0,0,0,0,0,0,0,0,0,0,0,0,0,0,0,0,Matches
285,Kevin Müller,deGER,GK,Heidenheim,33,1991,33,33,"2,939",32.7,0,0,0,0,0,0,0,0,0,0,0,0,0,1,0,0,0,0,0,0,0,0,0,0,0,Matches
286,Marius Müller,deGER,GK,Wolfsburg,31,1993,6,5,475,5.3,0,0,0,0,0,0,0,0,0,0,0,0,0,0,0,0,0,0,0,0,0,0,0,0,0,Matches
287,Thomas Müller,deGER,"MF,FW",Bayern Munich,34,1989,30,12,"1,225",13.6,1,4,5,1,0,0,3,0,3.8,3.8,2.9,6.7,24,50,143,0.07,0.29,0.37,0.07,0.37,0.28,0.21,0.49,0.28,0.49,Matches
288,Jamal Musiala,deGER,MF,Bayern Munich,21,2003,25,21,"1,798",20,12,2,14,12,0,0,3,0,9.3,9.3,4.5,13.8,71,107,156,0.6,0.1,0.7,0.6,0.7,0.46,0.23,0.69,0.46,0.69,Matches
289,Florent Muslija,xkKVX,"FW,MF",Freiburg,26,1998,9,0,168,1.9,0,0,0,0,0,0,0,0,0.3,0.3,0.3,0.6,5,7,14,0,0,0,0,0,0.14,0.16,0.3,0.14,0.3,Matches
290,Phillipp Mwene,atAUT,DF,Mainz 05,30,1994,32,32,"2,607",29,1,4,5,1,0,0,7,0,1.5,1.5,1.9,3.4,62,106,144,0.03,0.14,0.17,0.03,0.17,0.05,0.06,0.12,0.05,0.12,Matches
291,Joakim Mæhle,dkDEN,DF,Wolfsburg,27,1997,28,25,"2,188",24.3,3,4,7,3,0,0,6,0,2,2,2.2,4.3,59,88,117,0.12,0.16,0.29,0.12,0.29,0.08,0.09,0.18,0.08,0.18,Matches
292,Nathan N'Goumou,cmCMR,FW,Gladbach,24,2000,19,9,828,9.2,2,1,3,2,0,0,0,0,1.9,1.9,1.3,3.2,30,16,85,0.22,0.11,0.33,0.22,0.33,0.2,0.14,0.34,0.2,0.34,Matches
293,Stanley N'Soki,frFRA,DF,Hoffenheim,25,1999,22,16,"1,308",14.5,0,0,0,0,0,0,3,1,0.1,0.1,0.4,0.5,10,52,6,0,0,0,0,0,0.01,0.03,0.03,0.01,0.03,Matches
294,Nikolas Nartey,dkDEN,MF,Stuttgart,24,2000,1,0,22,0.2,0,0,0,0,0,0,0,0,0,0,0,0,0,0,0,0,0,0,0,0,0,0,0,0,0,Matches
295,Paul Nebel,deGER,MF,Mainz 05,21,2002,31,26,"2,345",26.1,10,4,14,10,0,0,5,1,5.8,5.8,4.1,9.8,67,91,219,0.38,0.15,0.54,0.38,0.54,0.22,0.16,0.38,0.22,0.38,Matches
296,Kosta Nedeljković,rsSRB,DF,RB Leipzig,18,2005,10,6,479,5.3,0,0,0,0,0,0,1,0,0.5,0.5,0.3,0.7,10,16,27,0,0,0,0,0,0.09,0.05,0.14,0.09,0.14,Matches
297,Ivan Nekić,hrCRO,DF,Holstein Kiel,23,2000,1,1,71,0.8,0,0,0,0,0,0,0,0,0,0,0,0,0,2,0,0,0,0,0,0,0,0,0,0,0,Matches
298,David Nemeth,atAUT,DF,St. Pauli,23,2001,24,24,"2,137",23.7,0,1,1,0,0,0,3,0,0.2,0.2,0.1,0.3,14,65,5,0,0.04,0.04,0,0.04,0.01,0.01,0.01,0.01,0.01,Matches
299,Luca Netz,deGER,DF,Gladbach,21,2003,24,8,969,10.8,0,2,2,0,0,0,2,0,0.2,0.2,1.9,2.1,16,28,55,0,0.19,0.19,0,0.19,0.02,0.18,0.2,0.02,0.2,Matches
300,Manuel Neuer,deGER,GK,Bayern Munich,38,1986,22,22,"1,980",22,0,0,0,0,0,0,0,0,0,0,0.5,0.5,0,10,0,0,0,0,0,0,0,0.02,0.02,0,0.02,Matches
Rk,Player,Nation,Pos,Squad,Age,Born,MP,Starts,Min,90s,Gls,Ast,G+A,G-PK,PK,PKatt,CrdY,CrdR,xG,npxG,xAG,npxG+xAG,PrgC,PrgP,PrgR,Gls,Ast,G+A,G-PK,G+A-PK,xG,xAG,xG+xAG,npxG,npxG+xAG,Matches
301,Florian Neuhaus,deGER,MF,Gladbach,27,1997,18,2,382,4.2,0,1,1,0,0,0,1,0,0.6,0.6,0.3,0.9,10,27,8,0,0.24,0.24,0,0.24,0.14,0.08,0.22,0.14,0.22,Matches
302,Moritz Nicolas,deGER,GK,Gladbach,26,1997,19,19,"1,639",18.2,0,0,0,0,0,0,0,0,0,0,0,0,0,0,0,0,0,0,0,0,0,0,0,0,0,Matches
303,Julian Niehues,deGER,MF,Heidenheim,23,2001,8,0,154,1.7,0,0,0,0,0,0,1,0,0.2,0.2,0.1,0.4,0,6,3,0,0,0,0,0,0.15,0.08,0.22,0.15,0.22,Matches
304,Justin Njinmah,deGER,"FW,MF",Werder Bremen,23,2000,26,10,952,10.6,3,2,5,3,0,0,1,0,3.7,3.7,1.6,5.2,33,23,103,0.28,0.19,0.47,0.28,0.47,0.35,0.15,0.49,0.35,0.49,Matches
305,Niels Nkounkou,frFRA,"DF,MF",Eint Frankfurt,23,2000,12,4,382,4.2,0,0,0,0,0,0,1,0,0.2,0.2,1.3,1.5,17,15,21,0,0,0,0,0,0.04,0.31,0.35,0.04,0.35,Matches
306,Felix Nmecha,deGER,MF,Dortmund,23,2000,26,19,"1,509",16.8,4,1,5,4,0,0,3,0,1.3,1.3,1.1,2.4,21,85,27,0.24,0.06,0.3,0.24,0.3,0.08,0.07,0.15,0.08,0.15,Matches
307,Lukas Nmecha,deGER,"FW,MF",Wolfsburg,25,1998,19,3,467,5.2,3,0,3,3,0,0,1,0,4.5,4.5,0.3,4.8,8,6,32,0.58,0,0.58,0.58,0.58,0.87,0.05,0.92,0.87,0.92,Matches
308,Arnaud Nordin,frFRA,"DF,MF",Mainz 05,26,1998,6,0,80,0.9,0,0,0,0,0,0,0,0,0,0,0.5,0.5,3,1,15,0,0,0,0,0,0.03,0.51,0.54,0.03,0.54,Matches
309,Alexander Nübel,deGER,GK,Stuttgart,27,1996,34,34,"3,060",34,0,1,1,0,0,0,0,0,0,0,0.3,0.3,0,0,0,0,0.03,0.03,0,0.03,0,0.01,0.01,0,0.01,Matches
310,Antonio Nusa,noNOR,"MF,DF",RB Leipzig,19,2005,25,16,"1,558",17.3,3,3,6,3,0,0,0,0,1.6,1.6,2.8,4.4,57,52,123,0.17,0.17,0.35,0.17,0.35,0.09,0.16,0.26,0.09,0.26,Matches
311,David Odogu,deGER,DF,Wolfsburg,18,2006,3,2,195,2.2,0,0,0,0,0,0,0,0,0.2,0.2,0,0.2,1,8,0,0,0,0,0,0,0.1,0,0.1,0.1,0.1,Matches
312,Tim Oermann,deGER,DF,Bochum,20,2003,29,26,"2,213",24.6,0,2,2,0,0,0,0,0,0.2,0.2,0.6,0.8,15,61,16,0,0.08,0.08,0,0.08,0.01,0.02,0.03,0.01,0.03,Matches
313,Ifechukwu Ogbus,chSUI,DF,Freiburg,18,2005,2,0,19,0.2,0,0,0,0,0,0,0,0,0,0,0,0,0,0,0,0,0,0,0,0,0,0,0,0,0,Matches
314,Finn Ole Becker,deGER,MF,Hoffenheim,24,2000,13,7,670,7.4,0,1,1,0,0,0,1,0,0.1,0.1,0.3,0.4,3,45,7,0,0.13,0.13,0,0.13,0.02,0.04,0.05,0.02,0.05,Matches
315,Michael Olise,frFRA,"FW,MF",Bayern Munich,22,2001,34,28,"2,334",25.9,12,15,27,12,0,0,3,0,9.7,9.7,12,21.7,119,184,381,0.46,0.58,1.04,0.46,1.04,0.38,0.46,0.84,0.38,0.84,Matches
316,Jonas Omlin,chSUI,GK,Gladbach,30,1994,12,11,978,10.9,0,0,0,0,0,0,0,1,0,0,0,0,0,0,0,0,0,0,0,0,0,0,0,0,0,Matches
317,Karim Onisiwo,atAUT,"MF,FW",Mainz 05,32,1992,6,1,110,1.2,0,0,0,0,0,0,0,0,0.1,0.1,0.3,0.4,1,0,8,0,0,0,0,0,0.06,0.27,0.33,0.06,0.33,Matches
318,Frank Onyeka,ngNGA,MF,Augsburg,26,1998,31,30,"2,586",28.7,0,1,1,0,0,0,8,0,1.4,1.4,1.3,2.7,46,106,71,0,0.03,0.03,0,0.03,0.05,0.04,0.09,0.05,0.09,Matches
319,Loïs Openda,beBEL,"FW,MF",RB Leipzig,24,2000,33,28,"2,453",27.3,9,5,14,9,0,1,5,1,9,8.2,3.4,11.6,58,47,229,0.33,0.18,0.51,0.33,0.51,0.33,0.12,0.45,0.3,0.43,Matches
320,Gift Orban,ngNGA,FW,Hoffenheim,22,2002,13,7,687,7.6,4,0,4,4,0,0,2,0,3.4,3.4,0.2,3.6,8,7,35,0.52,0,0.52,0.52,0.52,0.44,0.03,0.47,0.44,0.47,Matches
321,Willi Orban,huHUN,DF,RB Leipzig,31,1992,25,25,"2,222",24.7,5,0,5,5,0,0,4,2,4,4,1,5,15,106,8,0.2,0,0.2,0.2,0.2,0.16,0.04,0.2,0.16,0.2,Matches
322,Ivan Ordets,uaUKR,DF,Bochum,32,1992,22,21,"1,861",20.7,0,0,0,0,0,0,6,0,0.7,0.7,0.7,1.5,2,48,4,0,0,0,0,0,0.04,0.04,0.07,0.04,0.07,Matches
323,Patrick Osterhage,deGER,MF,Freiburg,24,2000,30,27,"2,267",25.2,1,0,1,1,0,0,6,1,1.7,1.7,1.4,3.1,26,73,50,0.04,0,0.04,0.04,0.04,0.07,0.06,0.12,0.07,0.12,Matches
324,Assan Ouedraogo,deGER,MF,RB Leipzig,18,2006,3,0,50,0.6,0,0,0,0,0,0,0,0,0.1,0.1,0,0.1,2,1,2,0,0,0,0,0,0.11,0,0.11,0.11,0.11,Matches
325,Salih Özcan,trTUR,MF,Wolfsburg,26,1998,11,3,353,3.9,0,0,0,0,0,0,0,0,0.1,0.1,0.8,0.9,6,22,5,0,0,0,0,0,0.03,0.2,0.23,0.03,0.23,Matches
Rk,Player,Nation,Pos,Squad,Age,Born,MP,Starts,Min,90s,Gls,Ast,G+A,G-PK,PK,PKatt,CrdY,CrdR,xG,npxG,xAG,npxG+xAG,PrgC,PrgP,PrgR,Gls,Ast,G+A,G-PK,G+A-PK,xG,xAG,xG+xAG,npxG,npxG+xAG,Matches
326,Salih Özcan,trTUR,MF,Dortmund,26,1998,11,3,391,4.3,0,0,0,0,0,0,0,0,0.3,0.3,0.4,0.7,4,31,4,0,0,0,0,0,0.08,0.09,0.17,0.08,0.17,Matches
327,Exequiel Palacios,arARG,MF,Leverkusen,25,1998,24,11,"1,155",12.8,1,6,7,1,0,0,2,0,1.5,1.5,2.3,3.8,15,97,40,0.08,0.47,0.55,0.08,0.55,0.12,0.18,0.3,0.12,0.3,Matches
328,João Palhinha,ptPOR,MF,Bayern Munich,29,1995,17,6,673,7.5,0,0,0,0,0,0,2,1,0.7,0.7,0.2,0.9,3,32,7,0,0,0,0,0,0.09,0.03,0.12,0.09,0.12,Matches
329,Mats Pannewig,deGER,MF,Bochum,19,2004,14,2,267,3,0,0,0,0,0,0,1,0,0.8,0.8,0.1,0.9,3,10,16,0,0,0,0,0,0.27,0.04,0.31,0.27,0.31,Matches
330,Kevin Paredes,usUSA,DF,Wolfsburg,21,2003,2,2,123,1.4,0,1,1,0,0,0,1,0,0.4,0.4,0.1,0.4,1,7,12,0,0.73,0.73,0,0.73,0.27,0.05,0.32,0.27,0.32,Matches
331,Felix Passlack,deGER,"DF,MF",Bochum,26,1998,31,30,"2,334",25.9,1,6,7,1,0,0,4,0,1.3,1.3,3.9,5.2,43,65,118,0.04,0.23,0.27,0.04,0.27,0.05,0.15,0.2,0.05,0.2,Matches
332,Aleksandar Pavlovic,deGER,MF,Bayern Munich,20,2004,21,18,"1,451",16.1,1,0,1,1,0,0,2,0,0.6,0.6,0.2,0.8,15,128,33,0.06,0,0.06,0.06,0.06,0.03,0.01,0.05,0.03,0.05,Matches
333,Mads Pedersen,dkDEN,DF,Augsburg,27,1996,7,2,235,2.6,0,0,0,0,0,0,0,0,0.1,0.1,0,0.1,1,11,10,0,0,0,0,0,0.03,0,0.03,0.03,0.03,Matches
334,Jordan Pefok,usUSA,FW,Union Berlin,28,1996,18,10,908,10.1,0,1,1,0,0,0,2,0,3.2,3.2,0.9,4.1,3,12,40,0,0.1,0.1,0,0.1,0.32,0.09,0.4,0.32,0.4,Matches
335,Daniel Peretz,ilISR,GK,Bayern Munich,24,2000,3,3,270,3,0,0,0,0,0,0,1,0,0,0,0,0,0,1,0,0,0,0,0,0,0,0,0,0,0,Matches
336,Noah Pesch,hrCRO,FW,Gladbach,19,2005,1,0,6,0.1,0,0,0,0,0,0,0,0,0,0,0,0,0,1,1,0,0,0,0,0,0,0,0,0,0,Matches
337,Luca Philipp,deGER,GK,Hoffenheim,23,2000,6,6,540,6,0,0,0,0,0,0,0,0,0,0,0,0,0,0,0,0,0,0,0,0,0,0,0,0,0,Matches
338,Maximilian Philipp,deGER,"MF,FW",Freiburg,30,1994,2,0,17,0.2,0,0,0,0,0,0,0,0,0,0,0,0,0,0,0,0,0,0,0,0,0.22,0,0.22,0.22,0.22,Matches
339,Benedikt Pichler,atAUT,FW,Holstein Kiel,27,1997,18,7,785,8.7,1,2,3,1,0,0,1,0,2.3,2.3,1.1,3.4,18,19,58,0.11,0.23,0.34,0.11,0.34,0.26,0.13,0.39,0.26,0.39,Matches
340,Amos Pieper,deGER,DF,Werder Bremen,26,1998,23,16,"1,498",16.6,0,0,0,0,0,0,3,0,0.4,0.4,0.6,1,11,62,3,0,0,0,0,0,0.03,0.04,0.06,0.03,0.06,Matches
341,Marvin Pieringer,deGER,"FW,MF",Heidenheim,24,1999,31,26,"2,206",24.5,7,4,11,4,3,3,7,0,8.9,6.6,4,10.6,23,59,115,0.29,0.16,0.45,0.16,0.33,0.36,0.16,0.53,0.27,0.43,Matches
342,Alassane Pléa,frFRA,"MF,FW",Gladbach,31,1993,30,24,"1,902",21.1,11,4,15,10,1,1,3,0,7.4,6.6,3.1,9.8,51,116,141,0.52,0.19,0.71,0.47,0.66,0.35,0.15,0.5,0.31,0.46,Matches
343,Finn Porath,deGER,"DF,MF",Holstein Kiel,27,1997,31,20,"1,970",21.9,2,3,5,2,0,0,3,0,1.9,1.8,2,3.8,42,58,69,0.09,0.14,0.23,0.09,0.23,0.09,0.09,0.18,0.08,0.18,Matches
344,Yussuf Poulsen,dkDEN,"FW,MF",RB Leipzig,30,1994,22,2,378,4.2,2,0,2,2,0,0,1,0,3.3,3.3,0.6,3.9,2,12,30,0.48,0,0.48,0.48,0.48,0.8,0.13,0.93,0.8,0.93,Matches
345,Alexander Prass,atAUT,DF,Hoffenheim,23,2001,23,19,"1,566",17.4,0,1,1,0,0,0,1,0,0.9,0.9,2.8,3.6,28,63,66,0,0.06,0.06,0,0.06,0.05,0.16,0.21,0.05,0.21,Matches
346,David Preu,deGER,"MF,DF",Union Berlin,19,2004,5,1,121,1.3,0,0,0,0,0,0,1,0,0.1,0.1,0,0.1,1,3,9,0,0,0,0,0,0.1,0,0.1,0.1,0.1,Matches
347,Grischa Prömel,deGER,MF,Hoffenheim,29,1995,2,2,174,1.9,0,0,0,0,0,0,0,0,0,0,0,0,2,5,3,0,0,0,0,0,0,0,0,0,0,Matches
348,Ivan Prtajin,hrCRO,FW,Union Berlin,28,1996,5,2,161,1.8,0,0,0,0,0,0,0,0,0.5,0.5,0.1,0.7,1,1,17,0,0,0,0,0,0.29,0.08,0.37,0.29,0.37,Matches
349,Tymoteusz Puchacz,plPOL,DF,Holstein Kiel,25,1999,10,5,396,4.4,0,1,1,0,0,0,0,0,0.1,0.1,0.6,0.7,13,8,30,0,0.23,0.23,0,0.23,0.02,0.14,0.16,0.02,0.16,Matches
350,Leopold Querfeld,atAUT,DF,Union Berlin,20,2003,27,17,"1,747",19.4,2,2,4,2,0,0,8,0,1.1,1.1,1,2.2,3,49,5,0.1,0.1,0.21,0.1,0.21,0.06,0.05,0.11,0.06,0.11,Matches
Rk,Player,Nation,Pos,Squad,Age,Born,MP,Starts,Min,90s,Gls,Ast,G+A,G-PK,PK,PKatt,CrdY,CrdR,xG,npxG,xAG,npxG+xAG,PrgC,PrgP,PrgR,Gls,Ast,G+A,G-PK,G+A-PK,xG,xAG,xG+xAG,npxG,npxG+xAG,Matches
351,Grant Ranos,amARM,FW,Gladbach,21,2003,2,0,20,0.2,0,0,0,0,0,0,1,0,0,0,0,0,1,1,2,0,0,0,0,0,0,0,0,0,0,Matches
352,David Raum,deGER,DF,RB Leipzig,26,1998,22,21,"1,783",19.8,1,5,6,1,0,0,5,0,0.5,0.5,6.5,6.9,36,71,127,0.05,0.25,0.3,0.05,0.3,0.02,0.33,0.35,0.02,0.35,Matches
353,Rocco Reitz,deGER,MF,Gladbach,22,2002,27,21,"1,830",20.3,2,1,3,2,0,0,1,0,1.7,1.7,2.1,3.8,18,91,30,0.1,0.05,0.15,0.1,0.15,0.08,0.1,0.19,0.08,0.19,Matches
354,Nicolai Remberg,deGER,MF,Holstein Kiel,24,2000,32,26,"2,417",26.9,0,1,1,0,0,0,11,0,1.5,1.5,0.8,2.3,25,80,31,0,0.04,0.04,0,0.04,0.06,0.03,0.09,0.06,0.09,Matches
355,Elvis Rexhbeçaj,xkKVX,MF,Augsburg,26,1997,27,22,"1,785",19.8,1,1,2,1,0,0,8,0,1.4,1.4,1.1,2.5,31,94,82,0.05,0.05,0.1,0.05,0.1,0.07,0.05,0.13,0.07,0.13,Matches
356,Gio Reyna,usUSA,MF,Dortmund,21,2002,16,3,350,3.9,2,0,2,2,0,0,3,0,0.2,0.2,0.2,0.4,5,22,19,0.51,0,0.51,0.51,0.51,0.04,0.06,0.1,0.04,0.1,Matches
357,Fabian Rieder,chSUI,"MF,FW",Stuttgart,22,2002,21,8,867,9.6,1,3,4,1,0,0,1,0,1.4,1.4,2,3.4,20,38,61,0.1,0.31,0.42,0.1,0.42,0.14,0.21,0.35,0.14,0.35,Matches
358,Lasse Rieß,deGER,GK,Mainz 05,23,2001,2,2,180,2,0,0,0,0,0,0,0,0,0,0,0,0,0,0,0,0,0,0,0,0,0,0,0,0,0,Matches
359,Lars Ritzka,deGER,"DF,MF",St. Pauli,26,1998,21,11,922,10.2,1,0,1,1,0,0,1,0,0.4,0.4,0.2,0.6,8,21,34,0.1,0,0.1,0.1,0.1,0.04,0.02,0.06,0.04,0.06,Matches
360,Mads Roerslev,dkDEN,DF,Wolfsburg,25,1999,7,2,298,3.3,0,0,0,0,0,0,0,0,0,0,0,0,7,13,18,0,0,0,0,0,0,0.01,0.01,0,0.01,Matches
361,Merlin Röhl,deGER,"MF,FW",Freiburg,22,2002,19,11,965,10.7,0,1,1,0,0,0,2,0,0.8,0.8,1.7,2.5,20,22,60,0,0.09,0.09,0,0.09,0.07,0.16,0.23,0.07,0.23,Matches
362,Lasse Rosenboom,deGER,DF,Holstein Kiel,22,2002,26,21,"1,734",19.3,2,2,4,2,0,0,3,0,1.9,1.9,1.1,3,19,34,50,0.1,0.1,0.21,0.1,0.21,0.1,0.06,0.16,0.1,0.16,Matches
363,Max Rosenfelder,deGER,DF,Freiburg,21,2003,25,13,"1,249",13.9,1,0,1,1,0,0,2,0,0.4,0.4,0.7,1,24,29,18,0.07,0,0.07,0.07,0.07,0.03,0.05,0.08,0.03,0.08,Matches
364,Tom Rothe,deGER,"DF,MF",Union Berlin,19,2004,26,19,"1,670",18.6,3,3,6,3,0,0,4,1,1.8,1.8,1.3,3.1,25,50,91,0.16,0.16,0.32,0.16,0.32,0.1,0.07,0.17,0.1,0.17,Matches
365,Anthony Rouault,frFRA,DF,Stuttgart,23,2001,18,14,"1,212",13.5,1,0,1,1,0,0,1,0,0.5,0.5,0.3,0.8,6,52,4,0.07,0,0.07,0.07,0.07,0.04,0.02,0.06,0.04,0.06,Matches
366,Jérôme Roussillon,frFRA,"DF,MF",Union Berlin,31,1993,7,1,136,1.5,0,0,0,0,0,0,0,0,0.1,0.1,0,0.1,2,11,7,0,0,0,0,0,0.06,0,0.06,0.06,0.06,Matches
367,Julian Ryerson,noNOR,DF,Dortmund,26,1997,29,27,"2,259",25.1,2,3,5,2,0,0,6,1,0.7,0.7,4.5,5.2,66,92,136,0.08,0.12,0.2,0.08,0.2,0.03,0.18,0.21,0.03,0.21,Matches
368,Frederik Rønnow,dkDEN,GK,Union Berlin,31,1992,28,28,"2,520",28,0,0,0,0,0,0,2,0,0.1,0.1,0,0.1,0,1,0,0,0,0,0,0,0,0,0,0,0,Matches
369,Elias Saad,tnTUN,"FW,MF",St. Pauli,24,1999,18,10,900,10,3,2,5,3,0,0,1,0,2.8,2.8,0.8,3.6,29,27,76,0.3,0.2,0.5,0.3,0.5,0.28,0.08,0.36,0.28,0.36,Matches
370,Marcel Sabitzer,atAUT,MF,Dortmund,30,1994,26,18,"1,616",18,1,0,1,1,0,0,3,0,1.8,1.8,1.6,3.3,24,97,70,0.06,0,0.06,0.06,0.06,0.1,0.09,0.19,0.1,0.19,Matches
371,Faik Sakar,deGER,MF,RB Leipzig,16,2008,1,0,1,0,0,0,0,0,0,0,0,0,0,0,0,0,0,0,0,0,0,0,0,0,0,0,0,0,0,Matches
372,Manolis Saliakas,grGRE,"MF,DF",St. Pauli,27,1996,30,26,"2,314",25.7,2,1,3,2,0,0,4,0,1.5,1.5,2.6,4.1,28,93,80,0.08,0.04,0.12,0.08,0.12,0.06,0.1,0.16,0.06,0.16,Matches
373,Roland Sallai,huHUN,"FW,MF",Freiburg,27,1997,2,0,46,0.5,0,0,0,0,0,0,0,0,0.1,0.1,0.1,0.2,4,3,2,0,0,0,0,0,0.25,0.16,0.41,0.25,0.41,Matches
374,Diadie Samassékou,mlMLI,MF,Hoffenheim,28,1996,8,6,290,3.2,0,0,0,0,0,0,0,0,0.1,0.1,0,0.1,3,11,2,0,0,0,0,0,0.02,0,0.02,0.02,0.02,Matches
375,Philipp Sander,deGER,MF,Gladbach,26,1998,27,16,"1,400",15.6,1,0,1,1,0,0,2,0,1.2,1.2,0.6,1.8,16,60,29,0.06,0,0.06,0.06,0.06,0.08,0.04,0.12,0.08,0.12,Matches
Rk,Player,Nation,Pos,Squad,Age,Born,MP,Starts,Min,90s,Gls,Ast,G+A,G-PK,PK,PKatt,CrdY,CrdR,xG,npxG,xAG,npxG+xAG,PrgC,PrgP,PrgR,Gls,Ast,G+A,G-PK,G+A-PK,xG,xAG,xG+xAG,npxG,npxG+xAG,Matches
376,James Sands,usUSA,"MF,DF",St. Pauli,24,2000,7,5,453,5,0,0,0,0,0,0,1,0,0.1,0.1,0,0.1,0,16,6,0,0,0,0,0,0.01,0,0.01,0.01,0.01,Matches
377,Leroy Sané,deGER,FW,Bayern Munich,28,1996,30,17,"1,637",18.2,11,5,16,11,0,0,2,0,10.2,10.2,5.5,15.8,75,64,266,0.6,0.27,0.88,0.6,0.88,0.56,0.3,0.87,0.56,0.87,Matches
378,Kaishu Sano,jpJPN,MF,Mainz 05,23,2000,34,34,"3,043",33.8,0,0,0,0,0,0,3,0,0.9,0.9,1.2,2.1,53,159,46,0,0,0,0,0,0.03,0.04,0.06,0.03,0.06,Matches
379,Kauã Santos,brBRA,GK,Eint Frankfurt,21,2003,9,8,765,8.5,0,0,0,0,0,0,0,0,0,0,0,0,0,1,0,0,0,0,0,0,0,0,0,0,0,Matches
380,Joe Scally,usUSA,DF,Gladbach,21,2002,32,30,"2,578",28.6,0,0,0,0,0,0,6,0,0.4,0.4,1.1,1.5,52,68,69,0,0,0,0,0,0.01,0.04,0.05,0.01,0.05,Matches
381,András Schäfer,huHUN,MF,Union Berlin,25,1999,26,17,"1,534",17,1,1,2,1,0,0,3,0,0.6,0.6,0.9,1.5,23,55,42,0.06,0.06,0.12,0.06,0.12,0.04,0.05,0.09,0.04,0.09,Matches
382,Patrik Schick,czCZE,FW,Leverkusen,28,1996,31,19,"1,684",18.7,21,0,21,20,1,1,4,0,12.7,11.9,0.6,12.5,7,21,107,1.12,0,1.12,1.07,1.07,0.68,0.03,0.71,0.63,0.67,Matches
383,Stefan Schimmer,deGER,"FW,MF",Heidenheim,30,1994,13,0,247,2.7,0,0,0,0,0,0,1,0,1.1,1.1,0.3,1.3,0,3,15,0,0,0,0,0,0.39,0.09,0.48,0.39,0.48,Matches
384,Xaver Schlager,atAUT,MF,RB Leipzig,26,1997,4,2,181,2,0,0,0,0,0,0,1,0,0.1,0.1,0.7,0.8,5,6,2,0,0,0,0,0,0.03,0.35,0.38,0.03,0.38,Matches
385,Keven Schlotterbeck,deGER,DF,Augsburg,27,1997,18,15,"1,297",14.4,3,1,4,3,0,0,4,1,0.8,0.8,0.6,1.4,3,59,2,0.21,0.07,0.28,0.21,0.28,0.05,0.04,0.1,0.05,0.1,Matches
386,Nico Schlotterbeck,deGER,DF,Dortmund,24,1999,23,23,"1,982",22,0,4,4,0,0,0,7,2,1.3,1.3,2.1,3.4,37,195,14,0,0.18,0.18,0,0.18,0.06,0.09,0.15,0.06,0.15,Matches
387,Romano Schmid,atAUT,MF,Werder Bremen,24,2000,32,32,"2,834",31.5,5,4,9,4,1,1,4,0,4.3,3.5,6.2,9.7,107,279,201,0.16,0.13,0.29,0.13,0.25,0.14,0.2,0.33,0.11,0.31,Matches
388,Jan Schöppner,deGER,MF,Heidenheim,25,1999,33,32,"2,681",29.8,4,3,7,4,0,0,8,0,3.9,3.9,3.4,7.3,35,107,48,0.13,0.1,0.23,0.13,0.23,0.13,0.12,0.25,0.13,0.25,Matches
389,Marvin Schulz,deGER,"MF,DF",Holstein Kiel,29,1995,12,3,306,3.4,0,0,0,0,0,0,3,0,0,0,0.7,0.7,5,11,2,0,0,0,0,0,0.01,0.19,0.2,0.01,0.2,Matches
390,Alexander Schwolow,deGER,GK,Union Berlin,32,1992,6,6,540,6,0,0,0,0,0,0,0,0,0,0,0,0,0,0,0,0,0,0,0,0,0,0,0,0,0,Matches
391,Léo Scienza,brBRA,"FW,MF",Heidenheim,25,1998,25,13,"1,153",12.8,3,3,6,3,0,0,1,0,2,2,3.7,5.8,70,30,90,0.23,0.23,0.47,0.23,0.47,0.16,0.29,0.45,0.16,0.45,Matches
392,Nicolas Seiwald,atAUT,"MF,DF",RB Leipzig,23,2001,30,20,"2,084",23.2,0,0,0,0,0,0,2,0,0.2,0.2,1.7,2,17,140,30,0,0,0,0,0,0.01,0.08,0.08,0.01,0.08,Matches
393,Benjamin Šeško,siSVN,"FW,MF",RB Leipzig,21,2003,33,30,"2,380",26.4,13,5,18,11,2,2,2,1,10,8.4,2.1,10.5,47,46,141,0.49,0.19,0.68,0.42,0.61,0.38,0.08,0.46,0.32,0.4,Matches
394,Armindo Sieb,deGER,"FW,MF",Mainz 05,21,2003,27,5,762,8.5,2,2,4,2,0,0,2,0,2.8,2.8,1.1,3.9,28,18,64,0.24,0.24,0.47,0.24,0.47,0.33,0.13,0.47,0.33,0.47,Matches
395,Tim Siersleben,deGER,DF,Heidenheim,24,2000,16,14,"1,182",13.1,0,0,0,0,0,0,4,0,0.6,0.6,0.5,1.1,8,31,12,0,0,0,0,0,0.04,0.04,0.08,0.04,0.08,Matches
396,Kiliann Sildillia,frFRA,DF,Freiburg,22,2002,21,8,801,8.9,2,0,2,2,0,0,2,0,0.5,0.5,0.7,1.1,11,29,34,0.22,0,0.22,0.22,0.22,0.05,0.07,0.13,0.05,0.13,Matches
397,André Silva,ptPOR,FW,Werder Bremen,28,1995,7,4,375,4.2,1,0,1,0,1,2,1,0,2.6,1,0.4,1.4,6,10,28,0.24,0,0.24,0,0,0.62,0.09,0.71,0.24,0.33,Matches
398,André Silva,ptPOR,"FW,MF",RB Leipzig,28,1995,8,0,132,1.5,1,2,3,0,1,1,0,0,1.3,0.5,0.6,1.1,6,4,11,0.68,1.36,2.05,0,1.36,0.9,0.38,1.28,0.36,0.74,Matches
399,Mohamed Simakan,frFRA,DF,RB Leipzig,24,2000,1,1,54,0.6,0,0,0,0,0,0,0,0,0,0,0.3,0.3,3,7,4,0,0,0,0,0,0,0.46,0.46,0,0.46,Matches
400,Xavi Simons,nlNED,MF,RB Leipzig,21,2003,25,25,"2,150",23.9,10,6,16,10,0,0,5,0,5.1,5.1,6.3,11.4,85,140,185,0.42,0.25,0.67,0.42,0.67,0.21,0.26,0.48,0.21,0.48,Matches
Rk,Player,Nation,Pos,Squad,Age,Born,MP,Starts,Min,90s,Gls,Ast,G+A,G-PK,PK,PKatt,CrdY,CrdR,xG,npxG,xAG,npxG+xAG,PrgC,PrgP,PrgR,Gls,Ast,G+A,G-PK,G+A-PK,xG,xAG,xG+xAG,npxG,npxG+xAG,Matches
401,Danel Sinani,luLUX,"FW,MF",St. Pauli,27,1997,26,14,"1,250",13.9,2,2,4,2,0,0,3,0,1.7,1.7,3,4.6,16,60,64,0.14,0.14,0.29,0.14,0.29,0.12,0.21,0.33,0.12,0.33,Matches
402,Tobias Sippel,deGER,GK,Gladbach,36,1988,1,0,59,0.7,0,0,0,0,0,0,0,0,0,0,0,0,0,0,0,0,0,0,0,0,0,0,0,0,0,Matches
403,Ibrahima Sissoko,mlMLI,MF,Bochum,26,1997,32,30,"2,610",29,2,1,3,2,0,0,11,1,1.7,1.7,1.6,3.3,35,105,69,0.07,0.03,0.1,0.07,0.1,0.06,0.05,0.11,0.06,0.11,Matches
404,Tim Skarke,deGER,"FW,MF",Union Berlin,27,1996,33,11,"1,164",12.9,0,2,2,0,0,0,1,0,2.1,2.1,1.2,3.3,26,25,96,0,0.15,0.15,0,0.15,0.16,0.09,0.25,0.16,0.25,Matches
405,Ellyes Skhiri,tnTUN,MF,Eint Frankfurt,29,1995,30,26,"2,231",24.8,1,2,3,1,0,0,6,0,1.4,1.4,1.4,2.8,17,105,27,0.04,0.08,0.12,0.04,0.12,0.06,0.06,0.11,0.06,0.11,Matches
406,Leo Skiri Østigård,noNOR,DF,Hoffenheim,24,1999,11,11,927,10.3,0,0,0,0,0,0,0,1,0.3,0.3,0.1,0.4,0,51,1,0,0,0,0,0,0.03,0.01,0.04,0.03,0.04,Matches
407,Andreas Skov Olsen,dkDEN,"FW,MF",Wolfsburg,24,1999,12,4,535,5.9,1,1,2,1,0,0,0,0,0.8,0.8,1.9,2.7,22,22,48,0.17,0.17,0.34,0.17,0.34,0.14,0.32,0.46,0.14,0.46,Matches
408,Robert Skov,dkDEN,"DF,MF",Union Berlin,28,1996,15,11,852,9.5,2,2,4,1,1,1,1,0,1.7,0.9,2.4,3.3,25,36,45,0.21,0.21,0.42,0.11,0.32,0.18,0.25,0.43,0.1,0.35,Matches
409,Steven Skrzybski,deGER,"MF,FW",Holstein Kiel,31,1992,24,15,"1,323",14.7,6,3,9,5,1,1,0,0,3.5,2.7,2.9,5.6,17,64,71,0.41,0.2,0.61,0.34,0.54,0.24,0.2,0.44,0.19,0.38,Matches
410,Eric Smith,seSWE,"DF,MF",St. Pauli,27,1997,32,32,"2,827",31.4,1,1,2,1,0,0,7,0,1.4,1.4,1.5,2.9,16,118,11,0.03,0.03,0.06,0.03,0.06,0.05,0.05,0.09,0.05,0.09,Matches
411,Anton Stach,deGER,"MF,DF",Hoffenheim,25,1998,30,29,"2,585",28.7,1,2,3,1,0,0,8,0,2,2,2.2,4.2,33,152,36,0.03,0.07,0.1,0.03,0.1,0.07,0.08,0.15,0.07,0.15,Matches
412,Jens Stage,dkDEN,MF,Werder Bremen,27,1996,28,26,"2,204",24.5,10,5,15,10,0,0,10,0,7.2,7.2,2.8,10,28,104,89,0.41,0.2,0.61,0.41,0.61,0.29,0.12,0.41,0.29,0.41,Matches
413,Josip Stanišić,hrCRO,DF,Bayern Munich,24,2000,14,9,876,9.7,0,2,2,0,0,0,0,0,0.3,0.3,1.5,1.8,20,76,30,0,0.21,0.21,0,0.21,0.03,0.15,0.18,0.03,0.18,Matches
414,Niklas Stark,deGER,DF,Werder Bremen,29,1995,26,25,"2,106",23.4,0,1,1,0,0,0,6,1,1.1,1.1,0.1,1.2,7,62,3,0,0.04,0.04,0,0.04,0.05,0,0.05,0.05,0.05,Matches
415,Pascal Stenzel,deGER,DF,Stuttgart,28,1996,10,4,290,3.2,0,0,0,0,0,0,0,0,0.3,0.3,0.6,0.9,2,12,16,0,0,0,0,0,0.1,0.17,0.28,0.1,0.28,Matches
416,Leonidas Stergiou,chSUI,DF,Stuttgart,22,2002,12,11,852,9.5,1,2,3,1,0,0,0,1,1.1,1.1,0.9,2,11,39,32,0.11,0.21,0.32,0.11,0.32,0.11,0.1,0.21,0.11,0.21,Matches
417,Finley Stevens,wlsWAL,DF,St. Pauli,21,2003,1,0,1,0,0,0,0,0,0,0,0,0,0,0,0,0,0,0,0,0,0,0,0,0,0,0,0,0,0,Matches
418,Angelo Stiller,deGER,MF,Stuttgart,23,2001,32,31,"2,741",30.5,1,8,9,1,0,0,6,0,1.8,1.8,7.2,9,39,289,69,0.03,0.26,0.3,0.03,0.3,0.06,0.24,0.29,0.06,0.29,Matches
419,Kevin Stöger,atAUT,MF,Gladbach,30,1993,31,16,"1,551",17.2,3,3,6,1,2,2,3,0,3.9,2.3,5.3,7.6,40,121,95,0.17,0.17,0.35,0.06,0.23,0.22,0.31,0.53,0.13,0.44,Matches
420,Niklas Süle,deGER,DF,Dortmund,28,1995,15,12,"1,053",11.7,0,0,0,0,0,0,1,0,0.6,0.6,0.1,0.7,15,47,10,0,0,0,0,0,0.05,0.01,0.06,0.05,0.06,Matches
421,Mattias Svanberg,seSWE,MF,Wolfsburg,25,1999,20,14,"1,219",13.5,3,1,4,3,0,0,4,0,3.6,3.6,1.7,5.4,11,36,39,0.22,0.07,0.3,0.22,0.3,0.27,0.13,0.4,0.27,0.4,Matches
422,Daniel Svensson,seSWE,"DF,FW",Dortmund,22,2002,12,8,781,8.7,1,3,4,1,0,0,0,0,0.8,0.8,1.2,1.9,11,41,51,0.12,0.35,0.46,0.12,0.46,0.09,0.14,0.22,0.09,0.22,Matches
423,Haris Tabakovic,baBIH,FW,Hoffenheim,30,1994,22,6,821,9.1,3,1,4,3,0,0,0,0,3.3,3.3,1.2,4.6,4,7,45,0.33,0.11,0.44,0.33,0.44,0.37,0.14,0.5,0.37,0.5,Matches
424,Jonathan Tah,deGER,DF,Leverkusen,28,1996,33,33,"2,970",33,3,0,3,3,0,0,3,0,1.1,1.1,0.4,1.5,15,169,9,0.09,0,0.09,0.09,0.09,0.03,0.01,0.05,0.03,0.05,Matches
425,Edmond Tapsoba,bfBFA,DF,Leverkusen,25,1999,29,29,"2,507",27.9,0,0,0,0,0,0,4,0,1.1,1.1,0.2,1.3,52,164,17,0,0,0,0,0,0.04,0.01,0.05,0.04,0.05,Matches
Rk,Player,Nation,Pos,Squad,Age,Born,MP,Starts,Min,90s,Gls,Ast,G+A,G-PK,PK,PKatt,CrdY,CrdR,xG,npxG,xAG,npxG+xAG,PrgC,PrgP,PrgR,Gls,Ast,G+A,G-PK,G+A-PK,xG,xAG,xG+xAG,npxG,npxG+xAG,Matches
426,Mathys Tel,frFRA,"FW,MF",Bayern Munich,19,2005,8,2,256,2.8,0,1,1,0,0,0,0,0,0.7,0.7,0.3,1,6,9,34,0,0.35,0.35,0,0.35,0.26,0.1,0.36,0.26,0.36,Matches
427,Nathan Tella,ngNGA,"MF,FW",Leverkusen,25,1999,27,17,"1,359",15.1,2,4,6,2,0,0,1,0,3.1,3.1,1.5,4.6,38,22,130,0.13,0.26,0.4,0.13,0.4,0.2,0.1,0.31,0.2,0.31,Matches
428,Martin Terrier,frFRA,"MF,FW",Leverkusen,27,1997,15,7,584,6.5,2,1,3,2,0,0,1,0,2.4,2.4,0.9,3.3,11,14,35,0.31,0.15,0.46,0.31,0.46,0.38,0.14,0.52,0.38,0.52,Matches
429,Arthur Theate,beBEL,DF,Eint Frankfurt,24,2000,31,31,"2,704",30,0,0,0,0,0,0,6,1,2.4,2.4,1,3.4,50,171,24,0,0,0,0,0,0.08,0.03,0.11,0.08,0.11,Matches
430,Norman Theuerkauf,deGER,MF,Heidenheim,37,1987,1,0,22,0.2,0,0,0,0,0,0,0,0,0,0,0,0,0,2,0,0,0,0,0,0,0.14,0,0.14,0.14,0.14,Matches
431,Denis Thomalla,deGER,MF,Heidenheim,31,1992,1,0,4,0,0,0,0,0,0,0,0,0,0,0,0,0,0,0,0,0,0,0,0,0,0,0,0,0,0,Matches
432,Phillip Tietz,deGER,FW,Augsburg,27,1997,34,19,"1,686",18.7,7,2,9,6,1,1,4,0,6.1,5.3,1.2,6.5,8,29,113,0.37,0.11,0.48,0.32,0.43,0.33,0.07,0.39,0.28,0.35,Matches
433,Umut Tohumcu,deGER,"MF,FW",Hoffenheim,19,2004,12,3,375,4.2,0,1,1,0,0,0,3,0,0.1,0.1,0.4,0.5,3,13,5,0,0.24,0.24,0,0.24,0.03,0.09,0.12,0.03,0.12,Matches
434,John Tolkin,usUSA,"DF,MF",Holstein Kiel,22,2002,11,9,737,8.2,0,2,2,0,0,0,0,0,0.1,0.1,0.7,0.7,6,17,12,0,0.24,0.24,0,0.24,0.01,0.08,0.09,0.01,0.09,Matches
435,Tiago Tomás,ptPOR,"FW,MF",Wolfsburg,22,2002,32,23,"1,884",20.9,6,1,7,6,0,0,7,0,5.4,5.4,2.6,8.1,31,50,125,0.29,0.05,0.33,0.29,0.33,0.26,0.13,0.38,0.26,0.38,Matches
436,Bazoumana Touré,ciCIV,"FW,MF",Hoffenheim,18,2006,13,7,609,6.8,0,3,3,0,0,0,1,0,1.4,1.4,1.9,3.3,24,14,56,0,0.44,0.44,0,0.44,0.21,0.28,0.49,0.21,0.49,Matches
437,Lucas Tousart,frFRA,MF,Union Berlin,27,1997,15,6,561,6.2,0,1,1,0,0,0,2,0,0.4,0.4,0.5,0.8,4,18,13,0,0.16,0.16,0,0.16,0.06,0.07,0.14,0.06,0.14,Matches
438,Omar Traoré,deGER,DF,Heidenheim,26,1998,30,30,"2,616",29.1,0,1,1,0,0,0,7,0,0.5,0.5,1.6,2.2,103,117,115,0,0.03,0.03,0,0.03,0.02,0.06,0.07,0.02,0.07,Matches
439,Kevin Trapp,deGER,GK,Eint Frankfurt,34,1990,26,26,"2,295",25.5,0,0,0,0,0,0,0,0,0,0,0,0,0,1,0,0,0,0,0,0,0,0,0,0,0,Matches
440,Philipp Treu,deGER,"MF,DF",St. Pauli,23,2000,33,33,"2,881",32,0,2,2,0,0,0,2,0,1.2,1.2,2.5,3.7,58,105,117,0,0.06,0.06,0,0.06,0.04,0.08,0.12,0.04,0.12,Matches
441,Christopher Trimmel,atAUT,"DF,MF",Union Berlin,37,1987,26,20,"1,740",19.3,0,3,3,0,0,0,5,0,0.2,0.2,2.1,2.3,18,73,45,0,0.16,0.16,0,0.16,0.01,0.11,0.12,0.01,0.12,Matches
442,Tuta,brBRA,"DF,MF",Eint Frankfurt,25,1999,30,26,"2,274",25.3,2,1,3,2,0,0,8,0,1.1,1.1,0.3,1.4,11,78,12,0.08,0.04,0.12,0.08,0.12,0.04,0.01,0.06,0.04,0.06,Matches
443,Lukas Ullrich,deGER,DF,Gladbach,20,2004,26,24,"1,903",21.1,1,2,3,1,0,0,4,0,0.9,0.9,1.8,2.7,31,39,71,0.05,0.09,0.14,0.05,0.14,0.04,0.09,0.13,0.04,0.13,Matches
444,Sven Ulreich,deGER,GK,Bayern Munich,35,1988,1,1,90,1,0,0,0,0,0,0,0,0,0,0,0,0,0,0,0,0,0,0,0,0,0,0,0,0,0,Matches
445,Deniz Undav,deGER,"FW,MF",Stuttgart,28,1996,27,20,"1,726",19.2,9,3,12,9,0,0,4,0,11.7,11.7,3.6,15.2,31,70,141,0.47,0.16,0.63,0.47,0.63,0.61,0.19,0.79,0.61,0.79,Matches
446,Dayot Upamecano,frFRA,DF,Bayern Munich,25,1998,20,20,"1,759",19.5,2,0,2,2,0,0,6,0,1.2,1.2,0.5,1.7,17,137,4,0.1,0,0.1,0.1,0.1,0.06,0.03,0.09,0.06,0.09,Matches
447,Jonas Urbig,deGER,GK,Bayern Munich,20,2003,8,8,720,8,0,0,0,0,0,0,0,0,0,0,0,0,0,3,0,0,0,0,0,0,0,0,0,0,0,Matches
448,Can Uzun,trTUR,"MF,FW",Eint Frankfurt,18,2005,20,6,675,7.5,4,1,5,4,0,0,1,0,3,3,1.1,4.1,11,42,45,0.53,0.13,0.67,0.53,0.67,0.4,0.15,0.55,0.4,0.55,Matches
449,Josha Vagnoman,deGER,"DF,MF",Stuttgart,23,2000,26,19,"1,834",20.4,1,1,2,1,0,0,4,0,1.5,1.5,2.1,3.5,24,47,96,0.05,0.05,0.1,0.05,0.1,0.07,0.1,0.17,0.07,0.17,Matches
450,Siebe Van Der Heyden,beBEL,"DF,MF",St. Pauli,26,1998,13,11,872,9.7,1,0,1,1,0,0,4,1,1.7,1.7,0,1.8,10,28,26,0.1,0,0.1,0.1,0.1,0.18,0,0.18,0.18,0.18,Matches
Rk,Player,Nation,Pos,Squad,Age,Born,MP,Starts,Min,90s,Gls,Ast,G+A,G-PK,PK,PKatt,CrdY,CrdR,xG,npxG,xAG,npxG+xAG,PrgC,PrgP,PrgR,Gls,Ast,G+A,G-PK,G+A-PK,xG,xAG,xG+xAG,npxG,npxG+xAG,Matches
451,Maarten Vandevoordt,beBEL,GK,RB Leipzig,22,2002,6,4,429,4.8,0,0,0,0,0,0,0,0,0,0,0,0,0,4,0,0,0,0,0,0,0,0,0,0,0,Matches
452,Ruben Vargas,chSUI,"MF,FW",Augsburg,25,1998,8,3,305,3.4,0,0,0,0,0,0,3,0,0.7,0.7,0.7,1.4,9,13,24,0,0,0,0,0,0.2,0.2,0.4,0.2,0.4,Matches
453,Nikola Vasilj,baBIH,GK,St. Pauli,28,1995,33,33,"2,969",33,0,0,0,0,0,0,2,1,0,0,0,0,0,0,0,0,0,0,0,0,0,0,0,0,0,Matches
454,Denis Vavro,skSVK,DF,Wolfsburg,28,1996,29,27,"2,461",27.3,2,0,2,2,0,0,4,0,1.4,1.4,0.2,1.6,9,96,3,0.07,0,0.07,0.07,0.07,0.05,0.01,0.06,0.05,0.06,Matches
455,Miloš Veljković,rsSRB,DF,Werder Bremen,28,1995,14,11,"1,029",11.4,0,1,1,0,0,0,1,0,0.6,0.6,0.2,0.7,9,64,2,0,0.09,0.09,0,0.09,0.05,0.01,0.06,0.05,0.06,Matches
456,Nikolas Veratschnig,atAUT,"DF,MF",Mainz 05,21,2003,15,2,364,4,0,0,0,0,0,0,1,0,0.2,0.2,0.3,0.5,7,7,30,0,0,0,0,0,0.06,0.08,0.13,0.06,0.13,Matches
457,Arthur Vermeeren,beBEL,MF,RB Leipzig,19,2005,28,18,"1,572",17.5,0,2,2,0,0,0,7,0,0.4,0.4,0.9,1.3,14,77,20,0,0.11,0.11,0,0.11,0.02,0.05,0.07,0.02,0.07,Matches
458,Yorbe Vertessen,beBEL,"MF,FW",Union Berlin,23,2001,17,7,718,8,1,0,1,1,0,0,2,0,1.3,1.3,1.6,2.9,18,16,42,0.13,0,0.13,0.13,0.13,0.16,0.2,0.36,0.16,0.36,Matches
459,Gabriel Vidovic,hrCRO,MF,Mainz 05,20,2003,1,0,4,0,0,0,0,0,0,0,0,0,0.1,0.1,0,0.1,0,0,2,0,0,0,0,0,1.17,0,1.17,1.17,1.17,Matches
460,Gabriel Vidovic,hrCRO,MF,Bayern Munich,20,2003,4,0,24,0.3,0,0,0,0,0,0,0,0,0.1,0.1,0,0.1,0,0,3,0,0,0,0,0,0.41,0,0.41,0.41,0.41,Matches
461,Kevin Vogt,deGER,DF,Union Berlin,32,1991,18,16,"1,367",15.2,1,0,1,0,1,1,6,0,0.8,0,0,0,11,70,2,0.07,0,0.07,0,0,0.05,0,0.05,0,0,Matches
462,Kevin Volland,deGER,"FW,MF",Union Berlin,32,1992,4,0,61,0.7,0,0,0,0,0,0,1,0,0,0,0.1,0.1,0,2,4,0,0,0,0,0,0,0.08,0.08,0,0.08,Matches
463,Aster Vranckx,beBEL,MF,Wolfsburg,21,2002,14,6,556,6.2,0,0,0,0,0,0,1,0,0,0,0,0,5,20,6,0,0,0,0,0,0,0.01,0.01,0,0.01,Matches
464,Robert Wagner,deGER,MF,St. Pauli,21,2003,12,5,407,4.5,0,0,0,0,0,0,1,0,0.1,0.1,0,0.1,1,10,9,0,0,0,0,0,0.02,0,0.02,0.02,0.02,Matches
465,Elye Wahi,frFRA,"FW,MF",Eint Frankfurt,21,2003,8,1,196,2.2,0,0,0,0,0,0,1,0,1.3,1.3,0.1,1.4,6,5,19,0,0,0,0,0,0.58,0.04,0.62,0.58,0.62,Matches
466,Hauke Wahl,deGER,DF,St. Pauli,30,1994,33,33,"2,970",33,0,0,0,0,0,0,1,0,0.9,0.9,0.5,1.4,30,142,10,0,0,0,0,0,0.03,0.02,0.04,0.03,0.04,Matches
467,Paul Wanner,deGER,"MF,FW",Heidenheim,18,2005,29,20,"1,771",19.7,3,2,5,2,1,1,2,0,3.7,2.9,1.3,4.1,28,64,65,0.15,0.1,0.25,0.1,0.2,0.19,0.06,0.25,0.15,0.21,Matches
468,Kjell-Arik Wätjen,deGER,MF,Dortmund,18,2006,2,0,16,0.2,0,0,0,0,0,0,0,0,0,0,0,0,0,0,0,0,0,0,0,0,0,0,0,0,0,Matches
469,Julian Weigl,deGER,MF,Gladbach,28,1995,33,33,"2,881",32,0,2,2,0,0,0,8,0,0.7,0.7,1.1,1.9,11,122,9,0,0.06,0.06,0,0.06,0.02,0.03,0.06,0.02,0.06,Matches
470,Timon Weiner,deGER,GK,Holstein Kiel,25,1999,25,25,"2,250",25,0,0,0,0,0,0,4,0,0,0,0,0,0,0,0,0,0,0,0,0,0,0,0,0,0,Matches
471,Nelson Weiper,deGER,"FW,MF",Mainz 05,19,2005,23,7,704,7.8,3,2,5,3,0,0,2,0,4.1,4.1,1.9,6,12,13,62,0.38,0.26,0.64,0.38,0.64,0.52,0.25,0.77,0.52,0.77,Matches
472,Mitchell Weiser,deGER,"DF,MF",Werder Bremen,30,1994,32,32,"2,868",31.9,5,9,14,5,0,0,9,1,5.4,5.4,4.7,10.1,65,125,200,0.16,0.28,0.44,0.16,0.44,0.17,0.15,0.32,0.17,0.32,Matches
473,Noah Weißhaupt,deGER,"FW,MF",St. Pauli,22,2001,19,13,"1,160",12.9,1,0,1,1,0,0,0,0,2.1,2.1,1.8,3.9,42,33,94,0.08,0,0.08,0.08,0.08,0.16,0.14,0.3,0.16,0.3,Matches
474,Noah Weißhaupt,deGER,FW,Freiburg,22,2001,3,0,80,0.9,0,0,0,0,0,0,0,0,0,0,0,0,8,6,10,0,0,0,0,0,0.05,0,0.05,0.05,0.05,Matches
475,Silvan Widmer,chSUI,DF,Mainz 05,31,1993,27,3,504,5.6,0,1,1,0,0,0,3,0,0.3,0.3,0.4,0.7,3,23,36,0,0.18,0.18,0,0.18,0.06,0.07,0.13,0.06,0.13,Matches
Rk,Player,Nation,Pos,Squad,Age,Born,MP,Starts,Min,90s,Gls,Ast,G+A,G-PK,PK,PKatt,CrdY,CrdR,xG,npxG,xAG,npxG+xAG,PrgC,PrgP,PrgR,Gls,Ast,G+A,G-PK,G+A-PK,xG,xAG,xG+xAG,npxG,npxG+xAG,Matches
476,Patrick Wimmer,atAUT,"MF,FW",Wolfsburg,23,2001,29,22,"1,770",19.7,3,4,7,3,0,0,5,1,3.7,3.7,2.9,6.7,46,91,75,0.15,0.2,0.36,0.15,0.36,0.19,0.15,0.34,0.19,0.34,Matches
477,Jonas Wind,dkDEN,"FW,MF",Wolfsburg,25,1999,31,21,"1,966",21.8,9,3,12,8,1,2,2,0,5.7,4,4.2,8.1,17,100,94,0.41,0.14,0.55,0.37,0.5,0.26,0.19,0.45,0.18,0.37,Matches
478,Florian Wirtz,deGER,"MF,FW",Leverkusen,21,2003,31,25,"2,351",26.1,10,12,22,8,2,4,3,0,9.4,6.1,7,13.1,131,176,309,0.38,0.46,0.84,0.31,0.77,0.36,0.27,0.63,0.23,0.5,Matches
479,Dani de Wit,nlNED,"MF,FW",Bochum,26,1998,28,11,"1,153",12.8,2,1,3,2,0,0,1,0,2.1,2.1,0.5,2.7,5,33,37,0.16,0.08,0.23,0.16,0.23,0.17,0.04,0.21,0.17,0.21,Matches
480,Maximilian Wittek,deGER,DF,Bochum,28,1995,33,32,"2,706",30.1,0,0,0,0,0,0,8,0,1.4,1.4,4.4,5.7,47,141,83,0,0,0,0,0,0.04,0.14,0.19,0.04,0.19,Matches
481,Marius Wolf,deGER,DF,Augsburg,29,1995,32,28,"2,144",23.8,1,3,4,1,0,0,2,0,0.7,0.7,3.2,3.9,36,117,95,0.04,0.13,0.17,0.04,0.17,0.03,0.14,0.16,0.03,0.16,Matches
482,Nick Woltemade,deGER,"FW,MF",Stuttgart,22,2002,28,17,"1,622",18,12,2,14,10,2,3,5,1,10.2,8,4.6,12.6,31,52,141,0.67,0.11,0.78,0.55,0.67,0.57,0.25,0.82,0.44,0.7,Matches
483,Jeong Woo-yeong,krKOR,"MF,FW",Union Berlin,24,1999,23,17,"1,263",14,3,2,5,3,0,0,2,0,2.8,2.8,1.7,4.4,32,63,93,0.21,0.14,0.36,0.21,0.36,0.2,0.12,0.31,0.2,0.31,Matches
484,Granit Xhaka,chSUI,MF,Leverkusen,31,1992,33,33,"2,888",32.1,2,7,9,2,0,0,3,0,0.9,0.9,4.4,5.3,42,318,72,0.06,0.22,0.28,0.06,0.28,0.03,0.14,0.17,0.03,0.17,Matches
485,Erencan Yardimci,trTUR,"FW,MF",Hoffenheim,22,2002,8,3,313,3.5,0,0,0,0,0,0,2,0,1,1,0,1,4,4,12,0,0,0,0,0,0.3,0,0.3,0.3,0.3,Matches
486,Dan-Axel Zagadou,frFRA,"DF,MF",Stuttgart,25,1999,2,0,29,0.3,0,0,0,0,0,0,1,0,0,0,0,0,0,0,0,0,0,0,0,0,0,0,0,0,0,Matches
487,David Zec,siSVN,DF,Holstein Kiel,24,2000,18,18,"1,541",17.1,2,0,2,2,0,0,5,0,1.2,1.2,0.5,1.8,3,34,2,0.12,0,0.12,0.12,0.12,0.07,0.03,0.1,0.07,0.1,Matches
488,Robin Zentner,deGER,GK,Mainz 05,29,1994,32,32,"2,880",32,0,0,0,0,0,0,3,0,0,0,0.3,0.3,0,2,0,0,0,0,0,0,0,0.01,0.01,0,0.01,Matches
489,Cedric Zesiger,chSUI,DF,Augsburg,26,1998,15,15,"1,221",13.6,0,2,2,0,0,0,7,1,1.2,1.2,1.3,2.5,4,40,7,0,0.15,0.15,0,0.15,0.09,0.09,0.18,0.09,0.18,Matches
490,Cedric Zesiger,chSUI,DF,Wolfsburg,26,1998,7,5,522,5.8,0,0,0,0,0,0,4,0,0.1,0.1,0,0.1,3,19,2,0,0,0,0,0,0.01,0,0.01,0.01,0.01,Matches
491,Michael Zetterer,deGER,GK,Werder Bremen,29,1995,34,34,"3,060",34,0,0,0,0,0,0,2,0,0,0,0,0,0,3,0,0,0,0,0,0,0,0,0,0,0,Matches
492,Budu Zivzivadze,geGEO,FW,Heidenheim,30,1994,15,10,958,10.6,2,3,5,2,0,0,0,0,1.7,1.7,1.5,3.2,11,20,43,0.19,0.28,0.47,0.19,0.47,0.16,0.14,0.3,0.16,0.3,Matches
