Rk,Player,Nation,Position,Squad,Age,Year of birth,Matches Played,Starts,Minutes,90s Played,Goals,Assists,Goals + Assists,Non-Penalty Goals,Penalty Kicks Made,Penalty Kicks Attempted,Yellow Cards,Red Cards,Goals/90,Assists/90,Goals + Assists/90,Non-Penalty Goals/90,Non-Penalty Goals + Assists/90
1,Samuel Adeniran,usUSA,FW,LASK,25,1998,14,6,566,6.3,1,1,2,1,0,0,4,0,0.16,0.16,0.32,0.16,0.32
2,Ange Ahoussou,ciCIV,DF,Rapid Wien,20,2003,10,8,787,8.7,0,0,0,0,0,0,2,0,0,0,0,0,0
3,Emanuel Aiwum,atAUT,DF,Sturm Graz,23,2000,27,25,"2,232",24.8,1,0,1,1,0,0,8,0,0.04,0,0.04,0.04,0.04
4,Konstantin Aleksa,atAUT,FW,Austria Wien,17,2007,9,0,85,0.9,0,1,1,0,0,0,0,0,0,1.06,1.06,0,1.06
5,Sandro Altunashvili,geGEO,MF,Wolfsberger AC,27,1997,18,8,794,8.8,1,0,1,1,0,0,1,0,0.11,0,0.11,0.11,0.11
6,Nelson Amadin,nlNED,MF,Hartberg,23,2000,5,1,148,1.6,0,0,0,0,0,0,0,0,0,0,0,0,0
7,Romeo Amane,ciCIV,MF,Rapid Wien,21,2003,9,5,562,6.2,1,0,1,1,0,0,0,0,0.16,0,0.16,0.16,0.16
8,Anderson,brBRA,"MF,DF",Blau-Weiß Linz,26,1998,31,30,"2,494",27.7,2,5,7,2,0,0,3,0,0.07,0.18,0.25,0.07,0.25
9,Andrés Andrade Cedeño,paPAN,DF,LASK,25,1998,7,7,523,5.8,1,1,2,1,0,0,1,1,0.17,0.17,0.34,0.17,0.34
10,Tobias Anselm,atAUT,"FW,MF",WSG Tirol,24,2000,20,3,603,6.7,2,0,2,2,0,0,1,0,0.3,0,0.3,0.3,0.3
11,David Atanga,ghGHA,"MF,FW",Wolfsberger AC,27,1996,15,6,721,8,4,1,5,3,1,1,3,0,0.5,0.12,0.62,0.37,0.5
12,Jonas Auer,atAUT,DF,Rapid Wien,23,2000,25,22,"1,970",21.9,2,1,3,2,0,0,4,0,0.09,0.05,0.14,0.09,0.14
13,Donis Avdijaj,xkKVX,"MF,FW",Hartberg,27,1996,29,27,"2,227",24.7,4,4,8,4,0,0,4,0,0.16,0.16,0.32,0.16,0.32
14,Sofian Bahloul,frFRA,"FW,MF",SCR Altach,24,1999,12,4,437,4.9,0,1,1,0,0,0,1,0,0,0.21,0.21,0,0.21
15,Mike-Steven Bähre,deGER,MF,SCR Altach,28,1995,29,23,"2,005",22.3,1,1,2,0,1,2,9,0,0.04,0.04,0.09,0,0.04
16,Edmund Baidoo,ghGHA,"MF,FW",RB Salzburg,18,2006,18,2,473,5.3,4,1,5,4,0,0,0,0,0.76,0.19,0.95,0.76,0.95
17,Samson Baidoo,atAUT,DF,RB Salzburg,20,2004,29,29,"2,609",29,0,0,0,0,0,0,5,1,0,0,0,0,0
18,Stefan Bajcetic,esESP,MF,RB Salzburg,19,2004,12,6,614,6.8,0,0,0,0,0,0,3,0,0,0,0,0,0
19,Elias Bakatukanda,deGER,DF,Blau-Weiß Linz,20,2004,12,7,717,8,1,0,1,1,0,0,1,0,0.13,0,0.13,0.13,0.13
20,Thierno Ballo,atAUT,"FW,MF",Wolfsberger AC,22,2002,31,29,"2,451",27.2,10,6,16,8,2,2,7,0,0.37,0.22,0.59,0.29,0.51
21,Mazou Bambara,bfBFA,FW,WSG Tirol,22,2002,1,0,1,0,0,0,0,0,0,0,0,0,0,0,0,0,0
22,Abubakr Barry,gmGAM,MF,Austria Wien,24,2000,30,27,"2,147",23.9,1,3,4,1,0,0,8,0,0.04,0.13,0.17,0.04,0.17
23,Dominik Baumgartner,atAUT,DF,Wolfsberger AC,28,1996,28,28,"2,405",26.7,2,0,2,2,0,0,8,0,0.07,0,0.07,0.07,0.07
24,Belmin Beganovic,baBIH,FW,Sturm Graz,19,2004,3,0,35,0.4,0,0,0,0,0,0,2,1,0,0,0,0,0
25,George Bello,usUSA,"DF,MF",LASK,22,2002,29,27,"2,443",27.1,1,0,1,1,0,0,5,0,0.04,0,0.04,0.04,0.04
Rk,Player,Nation,Pos,Squad,Age,Born,MP,Starts,Min,90s,Gls,Ast,G+A,G-PK,PK,PKatt,CrdY,CrdR,Gls,Ast,G+A,G-PK,G+A-PK
26,Keanan Bennetts,engENG,"MF,FW",SK Austria Klagenfurt,25,1999,11,4,453,5,0,0,0,0,0,0,2,0,0,0,0,0,0
27,Valon Berisha,xkKVX,MF,LASK,31,1993,21,17,"1,411",15.7,3,4,7,3,0,0,2,0,0.19,0.26,0.45,0.19,0.45
28,Mads Bidstrup,dkDEN,MF,RB Salzburg,23,2001,30,24,"2,234",24.8,1,1,2,1,0,0,5,0,0.04,0.04,0.08,0.04,0.08
29,Mika Biereth,dkDEN,"FW,MF",Sturm Graz,21,2003,16,15,"1,267",14.1,11,4,15,11,0,0,2,0,0.78,0.28,1.07,0.78,1.07
30,Nicolas Binder,atAUT,FW,SK Austria Klagenfurt,22,2002,26,13,"1,244",13.8,3,1,4,3,0,0,0,0,0.22,0.07,0.29,0.22,0.29
31,Noah Bischof,atAUT,FW,Rapid Wien,21,2002,14,2,438,4.9,1,0,1,1,0,0,4,0,0.21,0,0.21,0.21,0.21
32,Hendry Blank,deGER,DF,RB Salzburg,19,2004,6,6,482,5.4,0,0,0,0,0,0,1,0,0,0,0,0,0
33,Janis Blaswich,deGER,GK,RB Salzburg,33,1991,11,11,990,11,0,0,0,0,0,0,0,0,0,0,0,0,0
34,Bror Blume,dkDEN,"MF,FW",WSG Tirol,32,1992,21,16,"1,333",14.8,3,7,10,3,0,0,3,0,0.2,0.47,0.68,0.2,0.68
35,Jérôme Boateng,deGER,DF,LASK,35,1988,9,4,401,4.5,0,0,0,0,0,0,1,0,0,0,0,0,0
36,Ben Bobzien,deGER,"FW,MF",SK Austria Klagenfurt,21,2003,31,31,"2,651",29.5,9,1,10,4,5,7,6,0,0.31,0.03,0.34,0.14,0.17
37,Benjamin Böckle,atAUT,DF,Rapid Wien,22,2002,7,5,441,4.9,0,1,1,0,0,0,2,0,0,0.2,0.2,0,0.2
38,Melayro Bogarde,nlNED,"DF,MF",LASK,22,2002,27,17,"1,582",17.6,1,2,3,1,0,0,5,1,0.06,0.11,0.17,0.06,0.17
39,Bendegúz Bolla,huHUN,DF,Rapid Wien,24,1999,30,30,"2,684",29.8,2,2,4,2,0,0,7,0,0.07,0.07,0.13,0.07,0.13
40,Solomon Bonnah,nlNED,"MF,DF",SK Austria Klagenfurt,20,2003,24,10,"1,072",11.9,1,0,1,1,0,0,2,0,0.08,0,0.08,0.08,0.08
41,Alexander Briedl,atAUT,MF,Blau-Weiß Linz,22,2002,24,23,"2,009",22.3,1,1,2,1,0,0,6,0,0.04,0.04,0.09,0.04,0.09
42,Guido Burgstaller,atAUT,FW,Rapid Wien,35,1989,20,14,"1,193",13.3,5,2,7,5,0,0,5,1,0.38,0.15,0.53,0.38,0.53
43,Quincy Butler,usUSA,"FW,MF",WSG Tirol,22,2001,32,29,"2,375",26.4,4,3,7,4,0,0,4,0,0.15,0.11,0.27,0.15,0.27
44,Tobias Børkeeiet,noNOR,MF,Rapid Wien,25,1999,7,1,152,1.7,0,0,0,0,0,0,1,0,0,0,0,0,0
45,Amady Camara,mlMLI,FW,Sturm Graz,19,2005,19,5,612,6.8,0,0,0,0,0,0,0,0,0,0,0,0,0
46,Nicolás Capaldo,arARG,"MF,DF",RB Salzburg,26,1997,23,21,"1,750",19.4,4,1,5,4,0,0,5,0,0.21,0.05,0.26,0.21,0.26
47,Maximiliano Caufriez,beBEL,DF,RB Salzburg,27,1997,4,2,140,1.6,0,0,0,0,0,0,0,0,0,0,0,0,0
48,Ismaila Cheick Coulibaly,mlMLI,MF,LASK,23,2000,10,8,670,7.4,1,1,2,1,0,0,3,0,0.13,0.13,0.27,0.13,0.27
49,Michael Cheukoua,cmCMR,FW,Grazer AK,27,1997,9,2,270,3,1,1,2,1,0,0,2,0,0.33,0.33,0.67,0.33,0.67
50,Tochi Chukwuani,dkDEN,MF,Sturm Graz,21,2003,27,12,"1,246",13.8,3,1,4,3,0,0,6,1,0.22,0.07,0.29,0.22,0.29
Rk,Player,Nation,Pos,Squad,Age,Born,MP,Starts,Min,90s,Gls,Ast,G+A,G-PK,PK,PKatt,CrdY,CrdR,Gls,Ast,G+A,G-PK,G+A-PK
51,Tio Cipot,siSVN,"FW,MF",Grazer AK,21,2003,27,17,"1,507",16.7,7,1,8,7,0,0,4,0,0.42,0.06,0.48,0.42,0.48
52,Modou Cissé,snSEN,DF,LASK,18,2005,10,7,659,7.3,1,0,1,1,0,0,4,0,0.14,0,0.14,0.14,0.14
53,Bobby Clark,engENG,"MF,FW",RB Salzburg,19,2005,17,7,642,7.1,1,0,1,1,0,0,2,0,0.14,0,0.14,0.14,0.14
54,Cristiano,brBRA,MF,Austria Wien,22,2001,6,0,98,1.1,0,0,0,0,0,0,1,0,0,0,0,0,0
55,Christopher Cvetko,atAUT,MF,SK Austria Klagenfurt,27,1997,28,27,"2,265",25.2,2,4,6,2,0,1,11,0,0.08,0.16,0.24,0.08,0.24
56,Lennart-Marten Czyborra,deGER,"MF,DF",WSG Tirol,25,1999,20,18,"1,532",17,0,0,0,0,0,0,0,0,0,0,0,0,0
57,Adam Daghim,dkDEN,FW,RB Salzburg,18,2005,29,18,"1,742",19.4,2,5,7,2,0,0,3,0,0.1,0.26,0.36,0.1,0.36
58,Kryštof Daněk,czCZE,"MF,FW",LASK,21,2003,14,9,815,9.1,1,3,4,1,0,0,0,0,0.11,0.33,0.44,0.11,0.44
59,Jonas David,deGER,DF,WSG Tirol,24,2000,17,16,"1,461",16.2,2,2,4,2,0,0,2,0,0.12,0.12,0.25,0.12,0.25
60,Amar Dedić,baBIH,DF,RB Salzburg,21,2002,12,9,782,8.7,0,3,3,0,0,0,1,0,0,0.35,0.35,0,0.35
61,Laurenz Dehl,deGER,FW,SK Austria Klagenfurt,22,2001,10,1,209,2.3,1,0,1,1,0,0,0,0,0.43,0,0.43,0.43,0.43
62,Dino Delić,baBIH,FW,SK Austria Klagenfurt,15,2008,2,0,15,0.2,0,0,0,0,0,0,0,0,0,0,0,0,0
63,Vesel Demaku,xkKVX,MF,SCR Altach,24,2000,29,28,"2,237",24.9,0,1,1,0,0,0,7,1,0,0.04,0.04,0,0.04
64,Furkan Demir,atAUT,"DF,MF",Hartberg,19,2004,24,11,"1,214",13.5,0,3,3,0,0,0,11,1,0,0.22,0.22,0,0.22
65,Soumaïla Diabaté,mlMLI,MF,Blau-Weiß Linz,19,2004,26,26,"2,317",25.7,0,1,1,0,0,0,8,0,0,0.04,0.04,0,0.04
66,Oumar Diallo,caCAN,FW,LASK,19,2005,1,0,13,0.1,0,0,0,0,0,0,0,0,0,0,0,0,0
67,Mamady Diambou,mlMLI,MF,RB Salzburg,21,2002,20,9,863,9.6,0,0,0,0,0,0,4,0,0,0,0,0,0
68,Mahamadou Diarra,mlMLI,FW,WSG Tirol,20,2003,25,12,"1,061",11.8,3,1,4,3,0,0,6,0,0.25,0.08,0.34,0.25,0.34
69,Youba Diarra,mlMLI,MF,Hartberg,26,1998,29,20,"1,713",19,2,2,4,2,0,0,8,1,0.11,0.11,0.21,0.11,0.21
70,Ousmane Diawara,seSWE,FW,SCR Altach,24,1999,14,8,765,8.5,1,0,1,1,0,0,2,0,0.12,0,0.12,0.12,0.12
71,Florian Dietz,deGER,FW,SCR Altach,25,1998,7,5,476,5.3,2,0,2,2,0,0,1,0,0.38,0,0.38,0.38,0.38
72,Kristijan Dobras,atAUT,"MF,FW",Blau-Weiß Linz,31,1992,30,15,"1,416",15.7,2,2,4,2,0,0,2,0,0.13,0.13,0.25,0.13,0.25
73,Nene Dorgeles,mlMLI,"MF,FW",RB Salzburg,21,2002,30,24,"2,053",22.8,13,4,17,11,2,2,1,0,0.57,0.18,0.75,0.48,0.66
74,Aleksandar Dragović,atAUT,DF,Austria Wien,33,1991,29,29,"2,507",27.9,0,0,0,0,0,0,8,0,0,0,0,0,0
75,Dion Drena Beljo,hrCRO,FW,Rapid Wien,22,2002,29,27,"2,181",24.2,10,2,12,6,4,5,9,0,0.41,0.08,0.5,0.25,0.33
Rk,Player,Nation,Pos,Squad,Age,Born,MP,Starts,Min,90s,Gls,Ast,G+A,G-PK,PK,PKatt,CrdY,CrdR,Gls,Ast,G+A,G-PK,G+A-PK
76,Dennis Dressel,deGER,MF,Grazer AK,25,1998,14,9,936,10.4,0,0,0,0,0,0,3,0,0,0,0,0,0
77,Jed Drew,auAUS,"FW,MF",Hartberg,20,2003,15,6,562,6.2,2,0,2,2,0,0,0,0,0.32,0,0.32,0.32,0.32
78,Furkan Dursun,atAUT,FW,Rapid Wien,19,2005,3,1,109,1.2,0,0,0,0,0,0,0,0,0,0,0,0,0
79,Alexander Eckmayr,atAUT,FW,WSG Tirol,25,1999,1,1,90,1,0,0,0,0,0,0,0,0,0,0,0,0,0
80,Maximilian Entrup,atAUT,FW,LASK,27,1997,26,21,"1,783",19.8,12,2,14,12,0,0,3,0,0.61,0.1,0.71,0.61,0.71
81,David Ewemade,ngNGA,DF,Austria Wien,19,2005,1,0,1,0,0,0,0,0,0,0,0,0,0,0,0,0,0
82,Lukas Fadinger,atAUT,"MF,FW",SCR Altach,23,2000,25,12,"1,159",12.9,0,1,1,0,0,0,3,0,0,0.08,0.08,0,0.08
83,Petar Filipović,deGER,DF,Grazer AK,33,1990,26,26,"2,190",24.3,1,0,1,1,0,0,6,2,0.04,0,0.04,0.04,0.04
84,Maximilian Fillafer,atAUT,"MF,FW",Hartberg,19,2004,14,3,382,4.2,2,1,3,2,0,0,1,0,0.47,0.24,0.71,0.47,0.71
85,Manfred Fischer,atAUT,MF,Austria Wien,28,1995,31,30,"2,551",28.3,3,3,6,3,0,0,6,0,0.11,0.11,0.21,0.11,0.21
86,Dominik Fitz,atAUT,"MF,FW",Austria Wien,25,1999,30,29,"2,626",29.2,12,12,24,4,8,8,11,0,0.41,0.41,0.82,0.14,0.55
87,Florian Flecker,atAUT,MF,LASK,28,1995,17,11,"1,048",11.6,3,3,6,3,0,0,5,0,0.26,0.26,0.52,0.26,0.52
88,Sadik Fofana,tgTOG,MF,Grazer AK,21,2003,14,13,"1,214",13.5,0,0,0,0,0,0,6,0,0,0,0,0,0
89,Justin Forst,atAUT,FW,WSG Tirol,21,2003,1,0,45,0.5,0,0,0,0,0,0,0,0,0,0,0,0,0
90,Lukas Fridrikas,atAUT,FW,SCR Altach,26,1997,29,15,"1,461",16.2,4,1,5,3,1,1,4,0,0.25,0.06,0.31,0.18,0.25
91,Dominik Frieser,atAUT,"MF,FW",Grazer AK,30,1993,29,26,"2,003",22.3,1,1,2,1,0,0,2,0,0.04,0.04,0.09,0.04,0.09
92,Kouakou Gadou,frFRA,DF,RB Salzburg,17,2007,21,17,"1,572",17.5,0,0,0,0,0,0,1,1,0,0,0,0,0
93,Thierry Gale,bbBRB,MF,Rapid Wien,22,2002,1,0,17,0.2,0,0,0,0,0,0,0,0,0,0,0,0,0
94,Lucas Galvão,brBRA,DF,Austria Wien,33,1991,22,15,"1,456",16.2,1,0,1,1,0,0,8,0,0.06,0,0.06,0.06,0.06
95,Tomas Galvez,fiFIN,MF,LASK,19,2005,3,1,86,1,0,0,0,0,0,0,0,0,0,0,0,0,0
96,Marco Gantschnig,atAUT,DF,Grazer AK,26,1997,15,8,735,8.2,1,0,1,1,0,0,3,0,0.12,0,0.12,0.12,0.12
97,Paul Gartler,atAUT,GK,Rapid Wien,27,1997,3,2,240,2.7,0,0,0,0,0,0,0,0,0,0,0,0,0
98,Angelo Gattermayer,atAUT,"MF,FW",Wolfsberger AC,22,2002,27,17,"1,316",14.6,3,3,6,3,0,0,3,0,0.21,0.21,0.41,0.21,0.41
99,Jusuf Gazibegović,baBIH,DF,Sturm Graz,24,2000,14,14,"1,188",13.2,0,1,1,0,0,0,6,0,0,0.08,0.08,0,0.08
100,Christian Gebauer,atAUT,"FW,MF",SCR Altach,30,1993,17,7,660,7.3,1,0,1,1,0,0,2,0,0.14,0,0.14,0.14,0.14
Rk,Player,Nation,Pos,Squad,Age,Born,MP,Starts,Min,90s,Gls,Ast,G+A,G-PK,PK,PKatt,CrdY,CrdR,Gls,Ast,G+A,G-PK,G+A-PK
101,Thomas Geris,atAUT,"MF,DF",WSG Tirol,21,2002,8,5,406,4.5,0,0,0,0,0,0,0,0,0,0,0,0,0
102,Niklas Geyrhofer,atAUT,DF,Sturm Graz,24,2000,19,12,"1,177",13.1,1,0,1,1,0,0,2,0,0.08,0,0.08,0.08,0.08
103,Kosmas Gezos,grGRE,DF,SK Austria Klagenfurt,31,1992,20,15,"1,260",14,1,0,1,1,0,1,7,1,0.07,0,0.07,0.07,0.07
104,Oscar Gloukh,ilISR,MF,RB Salzburg,20,2004,26,21,"1,935",21.5,10,4,14,9,1,3,0,0,0.47,0.19,0.65,0.42,0.6
105,Thomas Goiginger,atAUT,"FW,MF",Blau-Weiß Linz,31,1993,25,23,"1,823",20.3,2,4,6,2,0,0,3,0,0.1,0.2,0.3,0.1,0.3
106,Julian Gölles,atAUT,"DF,MF",Blau-Weiß Linz,24,1999,17,0,317,3.5,0,0,0,0,0,0,0,0,0,0,0,0,0
107,Jon Gorenc Stanković,siSVN,MF,Sturm Graz,28,1996,26,24,"2,045",22.7,1,4,5,1,0,0,5,0,0.04,0.18,0.22,0.04,0.22
108,Alexander Gorgon,atAUT,"FW,MF",SCR Altach,35,1988,15,8,788,8.8,0,1,1,0,0,0,2,1,0,0.11,0.11,0,0.11
109,Lucas Gourna-Douath,frFRA,MF,RB Salzburg,20,2003,11,4,429,4.8,0,1,1,0,0,0,4,0,0,0.21,0.21,0,0.21
110,Marvin da Graça,luLUX,DF,Austria Wien,29,1995,2,0,25,0.3,0,0,0,0,0,0,1,0,0,0,0,0,0
111,Lukas Graf,atAUT,DF,Grazer AK,29,1994,12,11,975,10.8,0,0,0,0,0,0,3,0,0,0,0,0,0
112,Leon Grgic,atAUT,FW,Sturm Graz,18,2006,18,9,818,9.1,5,2,7,5,0,0,3,1,0.55,0.22,0.77,0.55,0.77
113,Lukas Grgic,atAUT,MF,Rapid Wien,28,1995,26,25,"1,956",21.7,0,2,2,0,0,0,5,1,0,0.09,0.09,0,0.09
114,Amin-Elias Gröller,atAUT,DF,Rapid Wien,19,2005,1,1,90,1,0,0,0,0,0,0,0,0,0,0,0,0,0
115,Andreas Gruber,atAUT,"MF,FW",Austria Wien,29,1995,29,13,"1,326",14.7,5,3,8,5,0,0,2,0,0.34,0.2,0.54,0.34,0.54
116,Tobias Gruber,atAUT,DF,Wolfsberger AC,19,2005,4,2,217,2.4,0,0,0,0,0,0,0,0,0,0,0,0,0
117,Hakim Guenouche,frFRA,"DF,MF",Austria Wien,24,2000,22,11,912,10.1,0,0,0,0,0,0,2,0,0,0,0,0,0
118,David Gugganig,atAUT,DF,WSG Tirol,27,1997,24,24,"2,007",22.3,1,1,2,1,0,0,4,1,0.04,0.04,0.09,0.04,0.09
119,Lukas Gugganig,atAUT,DF,SCR Altach,29,1995,24,17,"1,584",17.6,2,1,3,2,0,0,5,0,0.11,0.06,0.17,0.11,0.17
120,Daouda Guindo,mlMLI,DF,RB Salzburg,21,2002,10,5,474,5.3,0,0,0,0,0,0,1,0,0,0,0,0,0
121,Lukas Gütlbauer,atAUT,GK,Wolfsberger AC,23,2000,2,2,180,2,0,0,0,0,0,0,0,0,0,0,0,0,0
122,Armin Haider,atAUT,FW,LASK,18,2005,1,0,22,0.2,0,0,0,0,0,0,0,0,0,0,0,0,0
123,Johannes Handl,atAUT,DF,Austria Wien,26,1998,15,11,"1,046",11.6,0,0,0,0,0,0,1,0,0,0,0,0,0
124,Björn Hardley,nlNED,DF,Hartberg,21,2002,2,0,24,0.3,0,0,0,0,0,0,0,0,0,0,0,0,0
125,Elias Havel,atAUT,FW,Hartberg,21,2003,16,6,543,6,3,0,3,3,0,0,2,0,0.5,0,0.5,0.5,0.5
Rk,Player,Nation,Pos,Squad,Age,Born,MP,Starts,Min,90s,Gls,Ast,G+A,G-PK,PK,PKatt,CrdY,CrdR,Gls,Ast,G+A,G-PK,G+A-PK
126,Niklas Hedl,atAUT,GK,Rapid Wien,23,2001,30,30,"2,636",29.3,0,0,0,0,0,0,1,1,0,0,0,0,0
127,Tobias Hedl,atAUT,FW,Rapid Wien,21,2003,2,0,34,0.4,0,0,0,0,0,0,0,0,0,0,0,0,0
128,Jürgen Heil,atAUT,"DF,MF",Hartberg,27,1997,31,29,"2,600",28.9,1,0,1,1,0,0,5,0,0.03,0,0.03,0.03,0.03
129,Ammar Helac,atAUT,GK,SCR Altach,26,1998,3,3,270,3,0,0,0,0,0,0,0,0,0,0,0,0,0
130,Stefan Hierländer,atAUT,MF,Sturm Graz,33,1991,14,1,111,1.2,0,1,1,0,0,0,0,0,0,0.81,0.81,0,0.81
131,Martin Hinteregger,atAUT,DF,SK Austria Klagenfurt,31,1992,14,14,"1,260",14,0,2,2,0,0,0,4,0,0,0.14,0.14,0,0.14
132,Lukas Hinterseer,atAUT,FW,WSG Tirol,33,1991,23,16,"1,269",14.1,3,0,3,3,0,0,3,0,0.21,0,0.21,0.21,0.21
133,Jacob Hodl,atAUT,MF,Sturm Graz,17,2007,6,0,48,0.5,0,0,0,0,0,0,1,0,0,0,0,0,0
134,Raphael Hofer,atAUT,DF,Hartberg,21,2003,6,4,381,4.2,0,0,0,0,0,0,3,1,0,0,0,0,0
135,Marco Hoffmnann,atAUT,FW,Hartberg,16,2007,22,4,635,7.1,1,1,2,1,0,0,2,0,0.14,0.14,0.28,0.14,0.28
136,Maximilian Hofmann,atAUT,DF,Rapid Wien,30,1993,8,3,299,3.3,0,0,0,0,0,0,1,0,0,0,0,0,0
137,Felix Holzhacker,atAUT,MF,Grazer AK,22,2002,1,0,2,0,0,0,0,0,0,0,0,0,0,0,0,0,0
138,Tomi Horvat,siSVN,MF,Sturm Graz,25,1999,32,23,"1,997",22.2,4,8,12,3,1,1,1,0,0.18,0.36,0.54,0.14,0.5
139,Sascha Horvath,atAUT,MF,LASK,27,1996,28,26,"2,183",24.3,2,1,3,2,0,0,1,1,0.08,0.04,0.12,0.08,0.12
140,Christian Huetz,atAUT,FW,WSG Tirol,18,2006,1,0,13,0.1,0,0,0,0,0,0,0,0,0,0,0,0,0
141,Muharem Huskovic,atAUT,FW,Austria Wien,21,2003,6,0,116,1.3,1,0,1,1,0,0,0,0,0.78,0,0.78,0.78,0.78
142,Muharem Huskovic,atAUT,"FW,MF",Hartberg,21,2003,12,3,433,4.8,3,0,3,3,0,0,0,0,0.62,0,0.62,0.62,0.62
143,Lukas Ibertsberger,atAUT,MF,Blau-Weiß Linz,20,2003,4,1,126,1.4,0,1,1,0,0,0,0,0,0,0.71,0.71,0,0.71
144,Mehmet Ibrahimi,deGER,FW,Blau-Weiß Linz,21,2003,3,0,64,0.7,0,0,0,0,0,0,0,0,0,0,0,0,0
145,Sandro Ingolitsch,atAUT,"DF,MF",SCR Altach,27,1997,27,27,"2,325",25.8,0,3,3,0,0,0,10,1,0,0.12,0.12,0,0.12
146,Jacob Italiano,auAUS,"MF,DF",Grazer AK,23,2001,28,17,"1,719",19.1,1,2,3,1,0,0,4,0,0.05,0.1,0.16,0.05,0.16
147,Lukas Jäger,atAUT,MF,SCR Altach,30,1994,27,11,"1,074",11.9,0,0,0,0,0,0,6,1,0,0,0,0,0
148,Zeteny Jano,atAUT,"MF,FW",Grazer AK,19,2005,14,9,751,8.3,1,1,2,1,0,0,3,0,0.12,0.12,0.24,0.12,0.24
149,Isak Jansson,seSWE,"MF,FW",Rapid Wien,22,2002,22,17,"1,554",17.3,7,2,9,7,0,0,1,0,0.41,0.12,0.52,0.41,0.52
150,Florian Jaritz,atAUT,"MF,DF",SK Austria Klagenfurt,26,1997,24,15,"1,490",16.6,0,0,0,0,0,0,3,0,0,0,0,0,0
Rk,Player,Nation,Pos,Squad,Age,Born,MP,Starts,Min,90s,Gls,Ast,G+A,G-PK,PK,PKatt,CrdY,CrdR,Gls,Ast,G+A,G-PK,G+A-PK
151,Adis Jasic,atAUT,"MF,DF",Wolfsberger AC,21,2003,24,24,"1,956",21.7,2,3,5,2,0,0,5,0,0.09,0.14,0.23,0.09,0.23
152,Seedy Jatta,noNOR,"FW,MF",Sturm Graz,21,2003,21,15,"1,241",13.8,5,2,7,5,0,0,4,1,0.36,0.15,0.51,0.36,0.51
153,David Jaunegg,atAUT,DF,WSG Tirol,21,2003,22,15,"1,426",15.8,1,0,1,1,0,0,3,0,0.06,0,0.06,0.06,0.06
154,Max Johnston,sctSCO,DF,Sturm Graz,20,2003,24,18,"1,641",18.2,1,5,6,1,0,0,3,0,0.05,0.27,0.33,0.05,0.33
155,Branko Jovičić,rsSRB,"MF,DF",LASK,31,1993,28,28,"2,236",24.8,0,2,2,0,0,0,8,0,0,0.08,0.08,0,0.08
156,Miloš Jovičić,rsSRB,DF,Grazer AK,29,1995,25,25,"2,198",24.4,0,0,0,0,0,0,8,1,0,0,0,0,0
157,Pascal Juan Estrada,atAUT,DF,SCR Altach,22,2002,25,20,"1,800",20,2,0,2,2,0,0,7,0,0.1,0,0.1,0.1,0.1
158,Lukas Jungwirth,atAUT,GK,LASK,20,2004,3,2,225,2.5,0,0,0,0,0,0,0,0,0,0,0,0,0
159,Djawal Kaïba,cmCMR,MF,SCR Altach,21,2003,13,11,771,8.6,1,0,1,1,0,0,4,0,0.12,0,0.12,0.12,0.12
160,Tobias Kainz,atAUT,MF,Hartberg,31,1992,31,24,"2,051",22.8,2,0,2,2,0,0,6,1,0.09,0,0.09,0.09,0.09
161,Dijon Kameri,atAUT,"MF,FW",SCR Altach,20,2004,24,18,"1,491",16.6,2,2,4,2,0,0,3,0,0.12,0.12,0.24,0.12,0.24
162,Nael Kane,caCAN,FW,LASK,18,2006,1,1,45,0.5,0,0,0,0,0,0,0,0,0,0,0,0,0
163,Ercan Kara,atAUT,FW,Rapid Wien,28,1996,15,4,549,6.1,1,1,2,1,0,0,2,0,0.16,0.16,0.33,0.16,0.33
164,Mateo Karamatić,atAUT,DF,Hartberg,22,2001,22,17,"1,594",17.7,0,0,0,0,0,0,4,0,0,0,0,0,0
165,Sankara Karamoko,ciCIV,FW,Wolfsberger AC,20,2003,6,3,197,2.2,0,0,0,0,0,0,2,0,0,0,0,0,0
166,Armin Karic,baBIH,MF,SK Austria Klagenfurt,19,2004,1,0,14,0.2,0,0,0,0,0,0,0,0,0,0,0,0,0
167,Emir Karic,atAUT,DF,Sturm Graz,27,1997,15,7,672,7.5,0,1,1,0,0,0,4,1,0,0.13,0.13,0,0.13
168,Jonas Karner,atAUT,MF,Hartberg,19,2004,1,0,12,0.1,0,0,0,0,0,0,0,0,0,0,0,0,0
169,Takumu Kawamura,jpJPN,MF,RB Salzburg,24,1999,4,3,255,2.8,0,0,0,0,0,0,0,0,0,0,0,0,0
170,Dennis Kaygin,deGER,MF,Rapid Wien,20,2004,9,3,365,4.1,0,0,0,0,0,0,2,0,0,0,0,0,0
171,Roman Kerschbaum,atAUT,MF,Rapid Wien,30,1994,3,0,19,0.2,0,0,0,0,0,0,0,0,0,0,0,0,0
172,Daniil Khudiakov,ruRUS,GK,Sturm Graz,20,2004,2,2,180,2,0,0,0,0,0,0,1,0,0,0,0,0,0
173,Peter Kiedl,atAUT,FW,Sturm Graz,20,2004,1,0,7,0.1,0,0,0,0,0,0,0,0,0,0,0,0,0
174,Otar Kiteishvili,geGEO,"MF,FW",Sturm Graz,28,1996,32,30,"2,643",29.4,12,3,15,7,5,5,3,0,0.41,0.1,0.51,0.24,0.34
175,Matteo Kitz,atAUT,DF,SK Austria Klagenfurt,17,2007,15,4,456,5.1,0,0,0,0,0,0,2,1,0,0,0,0,0
Rk,Player,Nation,Pos,Squad,Age,Born,MP,Starts,Min,90s,Gls,Ast,G+A,G-PK,PK,PKatt,CrdY,CrdR,Gls,Ast,G+A,G-PK,G+A-PK
176,Maurits Kjærgaard,dkDEN,"MF,DF",RB Salzburg,21,2003,6,5,354,3.9,0,2,2,0,0,0,0,0,0,0.51,0.51,0,0.51
177,László Kleinheisler,huHUN,"MF,FW",Grazer AK,30,1994,13,4,396,4.4,0,2,2,0,0,0,2,0,0,0.45,0.45,0,0.45
178,Marco Knaller,atAUT,GK,SK Austria Klagenfurt,37,1987,5,5,450,5,0,0,0,0,0,0,0,0,0,0,0,0,0
179,Tobias Koch,atAUT,MF,SK Austria Klagenfurt,23,2001,27,27,"2,199",24.4,1,2,3,1,0,0,8,0,0.04,0.08,0.12,0.04,0.12
180,Erik Kojzek,siSVN,FW,Wolfsberger AC,18,2006,20,3,687,7.6,8,3,11,8,0,0,1,0,1.05,0.39,1.44,1.05,1.44
181,Paul Koller,atAUT,DF,SCR Altach,22,2002,30,26,"2,378",26.4,3,0,3,3,0,0,6,1,0.11,0,0.11,0.11,0.11
182,Paul Komposch,atAUT,DF,Hartberg,23,2001,30,30,"2,647",29.4,0,1,1,0,0,0,8,1,0,0.03,0.03,0,0.03
183,Karim Konaté,ciCIV,FW,RB Salzburg,20,2004,9,9,753,8.4,2,1,3,1,1,1,0,0,0.24,0.12,0.36,0.12,0.24
184,Moussa Kounfolo Yeo,mlMLI,"MF,FW",RB Salzburg,20,2004,22,15,"1,308",14.5,5,2,7,5,0,0,6,0,0.34,0.14,0.48,0.34,0.48
185,Damjan Kovacevic,atAUT,"DF,MF",Hartberg,19,2004,7,6,561,6.2,0,0,0,0,0,0,1,0,0,0,0,0,0
186,Martin Kreuzriegler,atAUT,DF,Grazer AK,30,1994,12,8,738,8.2,0,1,1,0,0,0,3,0,0,0.12,0.12,0,0.12
187,Luca Kronberger,atAUT,"FW,MF",SCR Altach,22,2002,11,4,424,4.7,0,1,1,0,0,0,3,0,0,0.21,0.21,0,0.21
188,Jonas Kühn,deGER,"MF,DF",SK Austria Klagenfurt,22,2002,9,9,658,7.3,0,0,0,0,0,0,0,0,0,0,0,0,0
189,Christoph Lang,atAUT,"MF,FW",Rapid Wien,22,2002,8,3,307,3.4,0,2,2,0,0,0,0,0,0,0.59,0.59,0,0.59
190,Christoph Lang,atAUT,"MF,FW",LASK,22,2002,16,9,707,7.9,3,1,4,3,0,0,1,0,0.38,0.13,0.51,0.38,0.51
191,Michael Lang,atAUT,"DF,MF",Grazer AK,26,1998,14,11,"1,045",11.6,2,1,3,2,0,0,3,1,0.17,0.09,0.26,0.17,0.26
192,Dimitri Lavalée,beBEL,DF,Sturm Graz,27,1997,30,30,"2,577",28.6,1,2,3,1,0,0,6,1,0.03,0.07,0.1,0.03,0.1
193,Tobias Lawal,atAUT,GK,LASK,24,2000,18,18,"1,583",17.6,0,0,0,0,0,0,0,0,0,0,0,0,0
194,Jamie Lawrence,deGER,DF,WSG Tirol,21,2002,28,28,"2,510",27.9,3,1,4,3,0,0,7,0,0.11,0.04,0.14,0.11,0.14
195,Kevin Lebersorger,atAUT,FW,LASK,19,2005,1,0,3,0,0,0,0,0,0,0,0,0,0,0,0,0,0
196,Christian Lichtenberger,atAUT,"MF,FW",Grazer AK,28,1995,31,24,"1,894",21,4,6,10,4,0,0,6,0,0.19,0.29,0.48,0.19,0.48
197,Lincoln,brBRA,FW,SCR Altach,23,2000,2,0,20,0.2,0,0,0,0,0,0,0,0,0,0,0,0,0
198,Ivan Ljubic,atAUT,MF,LASK,28,1996,12,11,979,10.9,1,0,1,1,0,0,3,0,0.09,0,0.09,0.09,0.09
199,Marin Ljubicic,hrCRO,FW,LASK,22,2002,16,11,"1,035",11.5,4,2,6,2,2,2,3,0,0.35,0.17,0.52,0.17,0.35
200,Joao Luiz,brBRA,FW,Blau-Weiß Linz,25,1999,1,0,32,0.4,0,0,0,0,0,0,0,0,0,0,0,0,0
Rk,Player,Nation,Pos,Squad,Age,Born,MP,Starts,Min,90s,Gls,Ast,G+A,G-PK,PK,PKatt,CrdY,CrdR,Gls,Ast,G+A,G-PK,G+A-PK
201,Leonardo Lukacevic,atAUT,"DF,MF",SCR Altach,25,1999,21,16,"1,461",16.2,0,2,2,0,0,0,3,0,0,0.12,0.12,0,0.12
202,Lukinha,brBRA,MF,Blau-Weiß Linz,22,2001,4,2,146,1.6,0,0,0,0,0,0,0,0,0,0,0,0,0
203,Andreas Lukse,atAUT,GK,Blau-Weiß Linz,36,1987,4,4,360,4,0,0,0,0,0,0,0,0,0,0,0,0,0
204,Daniel Maderner,atAUT,FW,Grazer AK,28,1995,28,21,"1,879",20.9,7,3,10,6,1,1,6,0,0.34,0.14,0.48,0.29,0.43
205,Thorsten Mahrer,atAUT,DF,SK Austria Klagenfurt,34,1990,29,29,"2,569",28.5,0,0,0,0,0,0,3,1,0,0,0,0,0
206,Arjan Malic,baBIH,DF,Sturm Graz,18,2005,11,3,369,4.1,0,0,0,0,0,0,1,0,0,0,0,0,0
207,Maurice Malone,deGER,"FW,MF",Austria Wien,23,2000,31,31,"2,492",27.7,11,3,14,11,0,0,6,0,0.4,0.11,0.51,0.4,0.51
208,Cheikh Mamadou Diabaté,ciCIV,DF,Wolfsberger AC,20,2004,22,9,982,10.9,0,1,1,0,0,0,2,0,0,0.09,0.09,0,0.09
209,Manuel Maranda,atAUT,DF,Blau-Weiß Linz,27,1997,32,32,"2,880",32,0,0,0,0,0,0,2,0,0,0,0,0,0
210,Luka Marić,atAUT,GK,Hartberg,22,2002,1,1,90,1,0,0,0,0,0,0,0,0,0,0,0,0,0
211,Benjamin Markuš,siSVN,MF,Hartberg,23,2001,29,22,"2,100",23.3,0,2,2,0,0,0,5,0,0,0.09,0.09,0,0.09
212,Boris Matić,rsSRB,"MF,DF",Wolfsberger AC,19,2004,22,12,"1,244",13.8,0,4,4,0,0,0,1,0,0,0.29,0.29,0,0.29
213,Philipp Maybach,atAUT,MF,Austria Wien,16,2007,7,4,231,2.6,0,0,0,0,0,0,2,0,0,0,0,0,0
214,Fally Mayulu,frFRA,FW,Sturm Graz,22,2002,2,1,70,0.8,0,0,0,0,0,0,0,0,0,0,0,0,0
215,Jakob Meierhofer,atAUT,GK,Grazer AK,26,1997,17,17,"1,530",17,0,0,0,0,0,0,1,0,0,0,0,0,0
216,John Mellberg,seSWE,DF,RB Salzburg,18,2006,5,4,285,3.2,0,0,0,0,0,0,0,0,0,0,0,0,0
217,Paul Mensah,ghGHA,"MF,FW",Blau-Weiß Linz,24,1999,11,4,475,5.3,0,0,0,0,0,0,3,1,0,0,0,0,0
218,Emmanuel Michael,ngNGA,DF,LASK,18,2006,1,0,5,0.1,0,0,0,0,0,0,0,0,0,0,0,0,0
219,Armin Midzic,atAUT,DF,LASK,18,2006,1,0,2,0,0,0,0,0,0,0,0,0,0,0,0,0,0
220,Patrik Mijić,hrCRO,FW,Hartberg,25,1998,32,25,"1,961",21.8,12,2,14,10,2,2,1,0,0.55,0.09,0.64,0.46,0.55
221,Filip Milojević,atAUT,MF,SCR Altach,19,2005,5,0,109,1.2,0,0,0,0,0,0,1,0,0,0,0,0,0
222,Danilo Mitrović,rsSRB,"DF,MF",Blau-Weiß Linz,23,2001,13,6,622,6.9,1,0,1,1,0,0,1,0,0.14,0,0.14,0.14,0.14
223,Martin Moormann,atAUT,DF,Blau-Weiß Linz,23,2001,22,22,"1,740",19.3,0,0,0,0,0,0,5,0,0,0,0,0,0
224,Leandro Morgalla,deGER,DF,RB Salzburg,19,2004,16,13,891,9.9,0,1,1,0,0,0,0,0,0,0.1,0.1,0,0.1
225,Pascal Müller,atAUT,MF,Wolfsberger AC,21,2003,1,0,1,0,0,0,0,0,0,0,0,0,0,0,0,0,0
Rk,Player,Nation,Pos,Squad,Age,Born,MP,Starts,Min,90s,Gls,Ast,G+A,G-PK,PK,PKatt,CrdY,CrdR,Gls,Ast,G+A,G-PK,G+A-PK
226,Valentino Müller,atAUT,MF,WSG Tirol,25,1999,32,32,"2,874",31.9,4,3,7,2,2,2,4,0,0.13,0.09,0.22,0.06,0.16
227,Adem Mustafić,baBIH,DF,SK Austria Klagenfurt,16,2008,1,0,2,0,0,0,0,0,0,0,0,0,0,0,0,0,0
228,Ibrahim Mustapha,ghGHA,MF,LASK,24,2000,7,0,123,1.4,1,0,1,1,0,0,0,0,0.73,0,0.73,0.73,0.73
229,Marlon Mustapha,atAUT,"FW,MF",SCR Altach,23,2001,14,10,762,8.5,2,0,2,2,0,0,3,0,0.24,0,0.24,0.24,0.24
230,Nenad N. Cvetković,rsSRB,DF,Rapid Wien,28,1996,20,18,"1,597",17.7,2,0,2,2,0,0,4,1,0.11,0,0.11,0.11,0.11
231,Johannes Naschberger,atAUT,MF,WSG Tirol,24,2000,23,12,"1,101",12.2,2,0,2,2,0,0,2,0,0.16,0,0.16,0.16,0.16
232,Steve Noode,cmCMR,DF,SCR Altach,19,2005,3,1,57,0.6,0,0,0,0,0,0,1,0,0,0,0,0,0
233,Connor Noß,ieIRL,"FW,MF",Blau-Weiß Linz,23,2001,17,3,673,7.5,2,0,2,2,0,0,3,0,0.27,0,0.27,0.27,0.27
234,Chibuike Nwaiwu,ngNGA,"DF,MF",Wolfsberger AC,21,2003,25,22,"2,016",22.4,2,1,3,2,0,0,6,1,0.09,0.04,0.13,0.09,0.13
235,Emmanuel Ofori Agyemang,ghGHA,MF,Wolfsberger AC,20,2004,24,9,915,10.2,2,5,7,2,0,0,0,0,0.2,0.49,0.69,0.2,0.69
236,Emmanuel Ojukwu,atAUT,DF,Hartberg,20,2004,1,1,40,0.4,0,0,0,0,0,0,0,0,0,0,0,0,0
237,Osarenren Okungbowa,atAUT,DF,WSG Tirol,30,1994,15,7,776,8.6,0,0,0,0,0,0,3,0,0,0,0,0,0
238,Ervin Omic,atAUT,"MF,DF",Wolfsberger AC,21,2003,24,10,"1,072",11.9,1,2,3,1,0,0,5,0,0.08,0.17,0.25,0.08,0.25
239,Justin Omoregie,atAUT,"MF,DF",Hartberg,20,2003,19,14,"1,111",12.3,0,4,4,0,0,0,5,0,0,0.32,0.32,0,0.32
240,Karim Onisiwo,atAUT,FW,RB Salzburg,32,1992,8,6,572,6.4,1,0,1,1,0,0,0,0,0.16,0,0.16,0.16,0.16
241,Moritz Oswald,atAUT,"MF,DF",Rapid Wien,22,2002,20,9,833,9.3,1,0,1,1,0,0,0,0,0.11,0,0.11,0.11,0.11
242,Mohamed Ouédraogo,bfBFA,"MF,DF",SCR Altach,21,2003,20,16,"1,441",16,0,0,0,0,0,0,3,0,0,0,0,0,0
243,Alem Pašić,siSVN,"DF,MF",Blau-Weiß Linz,26,1997,27,22,"1,959",21.8,3,1,4,3,0,0,6,0,0.14,0.05,0.18,0.14,0.18
244,Luca Pazourek,atAUT,DF,Austria Wien,19,2005,2,0,16,0.2,0,0,0,0,0,0,0,0,0,0,0,0,0
245,Marco Perchtold,atAUT,MF,Grazer AK,35,1988,21,12,813,9,1,0,1,1,0,0,4,2,0.11,0,0.11,0.11,0.11
246,Matteo Perez Vinlöf,seSWE,"MF,DF",Austria Wien,18,2005,31,22,"1,905",21.2,1,1,2,1,0,0,8,0,0.05,0.05,0.09,0.05,0.09
247,Manuel Pfeifer,atAUT,"DF,MF",Hartberg,24,1999,23,23,"2,028",22.5,0,3,3,0,0,0,3,0,0,0.13,0.13,0,0.13
248,Kamil Piątkowski,plPOL,DF,RB Salzburg,24,2000,14,11,"1,062",11.8,0,0,0,0,0,0,2,0,0,0,0,0,0
249,Simon Piesinger,atAUT,MF,Wolfsberger AC,32,1992,30,29,"2,414",26.8,2,2,4,2,0,0,5,0,0.07,0.07,0.15,0.07,0.15
250,Markus Pink,atAUT,FW,Wolfsberger AC,33,1991,22,11,"1,033",11.5,4,1,5,4,0,0,0,1,0.35,0.09,0.44,0.35,0.44
Rk,Player,Nation,Pos,Squad,Age,Born,MP,Starts,Min,90s,Gls,Ast,G+A,G-PK,PK,PKatt,CrdY,CrdR,Gls,Ast,G+A,G-PK,G+A-PK
251,Lenny Pintor,frFRA,MF,LASK,23,2000,9,1,258,2.9,0,1,1,0,0,0,0,0,0,0.35,0.35,0,0.35
252,Simon Pirkl,atAUT,"MF,DF",Blau-Weiß Linz,27,1997,30,29,"2,399",26.7,2,2,4,2,0,0,4,1,0.08,0.08,0.15,0.08,0.15
253,Tin Plavotic,atAUT,DF,Austria Wien,27,1997,23,19,"1,644",18.3,2,0,2,2,0,0,3,0,0.11,0,0.11,0.11,0.11
254,Nikolas Polster,atAUT,GK,Wolfsberger AC,22,2002,30,30,"2,700",30,0,0,0,0,0,0,1,0,0,0,0,0,0
255,Marvin Potzmann,atAUT,"MF,DF",Austria Wien,30,1993,20,2,445,4.9,0,0,0,0,0,0,3,0,0,0,0,0,0
256,Nik Prelec,siSVN,FW,Austria Wien,23,2001,31,30,"2,376",26.4,6,0,6,6,0,0,5,0,0.23,0,0.23,0.23,0.23
257,Nelson Prenner,atAUT,MF,Hartberg,19,2005,1,1,90,1,0,0,0,0,0,0,1,0,0,0,0,0,0
258,Dominik Prokop,atAUT,"MF,FW",Hartberg,27,1997,28,22,"1,708",19,3,1,4,2,1,1,4,0,0.16,0.05,0.21,0.11,0.16
259,Andrija Radulović,meMNE,"MF,FW",Rapid Wien,22,2002,13,5,440,4.9,3,0,3,3,0,0,0,0,0.61,0,0.61,0.61,0.61
260,Marko Raguž,atAUT,FW,Austria Wien,26,1998,20,0,269,3,0,1,1,0,0,0,1,0,0,0.33,0.33,0,0.33
261,Alexander Ranacher,atAUT,"MF,FW",WSG Tirol,25,1998,14,5,595,6.6,0,1,1,0,0,0,1,0,0,0.15,0.15,0,0.15
262,Reinhold Ranftl,atAUT,"MF,DF",Austria Wien,32,1992,30,30,"2,698",30,2,3,5,2,0,0,6,1,0.07,0.1,0.17,0.07,0.17
263,Petar Ratkov,rsSRB,FW,RB Salzburg,20,2003,22,8,759,8.4,3,6,9,3,0,0,1,0,0.36,0.71,1.07,0.36,1.07
264,Serge Raux Yao,frFRA,DF,Rapid Wien,25,1999,29,29,"2,610",29,1,0,1,1,0,0,1,0,0.03,0,0.03,0.03,0.03
265,René Renner,atAUT,DF,LASK,30,1993,2,1,64,0.7,0,0,0,0,0,0,0,0,0,0,0,0,0
266,Tobias Revelant,atAUT,FW,Grazer AK,20,2004,2,0,10,0.1,0,0,0,0,0,0,0,0,0,0,0,0,0
267,Florian Rieder,atAUT,FW,WSG Tirol,28,1996,10,6,506,5.6,0,0,0,0,0,0,2,0,0,0,0,0,0
268,Jannik Robatsch,atAUT,"DF,MF",SK Austria Klagenfurt,19,2004,28,24,"2,127",23.6,1,0,1,1,0,0,6,0,0.04,0,0.04,0.04,0.04
269,Ronivaldo,brBRA,FW,Blau-Weiß Linz,35,1989,31,29,"2,390",26.6,14,1,15,13,1,1,6,0,0.53,0.04,0.56,0.49,0.53
270,Benjamin Rosenberger,atAUT,"MF,DF",Grazer AK,28,1996,26,18,"1,546",17.2,1,2,3,1,0,0,7,0,0.06,0.12,0.17,0.06,0.17
271,Thomas Sabitzer,atAUT,FW,Wolfsberger AC,23,2000,14,6,441,4.9,1,0,1,1,0,0,3,0,0.2,0,0.2,0.2,0.2
272,Enis Safin,,MF,LASK,20,2004,3,2,140,1.6,0,0,0,0,0,0,0,0,0,0,0,0,0
273,Samuel Şahin-Radlinger,atAUT,GK,Austria Wien,31,1992,32,32,"2,880",32,0,0,0,0,0,0,1,0,0,0,0,0,0
274,Dikeni-Rafid Salifou,tgTOG,MF,SK Austria Klagenfurt,21,2003,24,21,"1,681",18.7,2,0,2,2,0,0,7,0,0.11,0,0.11,0.11,0.11
275,Raphael Sallinger,atAUT,GK,Hartberg,28,1995,31,31,"2,790",31,0,0,0,0,0,0,3,0,0,0,0,0,0
Rk,Player,Nation,Pos,Squad,Age,Born,MP,Starts,Min,90s,Gls,Ast,G+A,G-PK,PK,PKatt,CrdY,CrdR,Gls,Ast,G+A,G-PK,G+A-PK
276,Mamadou Sangare,mlMLI,MF,Rapid Wien,22,2002,27,24,"2,045",22.7,2,3,5,2,0,0,9,1,0.09,0.13,0.22,0.09,0.22
277,Mohamed Sanogo,mlMLI,MF,LASK,20,2003,3,1,63,0.7,0,0,0,0,0,0,0,0,0,0,0,0,0
278,Gustavo Santos Costa,brBRA,FW,SCR Altach,28,1996,12,8,785,8.7,6,0,6,6,0,0,1,0,0.69,0,0.69,0.69,0.69
279,Manprit Sarkaria,atAUT,"FW,MF",Sturm Graz,27,1996,1,0,17,0.2,0,0,0,0,0,0,0,0,0,0,0,0,0
280,Murat Satin,,MF,Grazer AK,27,1996,29,23,"2,125",23.6,0,4,4,0,0,0,4,0,0,0.17,0.17,0,0.17
281,Louis Schaub,atAUT,MF,Rapid Wien,29,1994,29,20,"1,634",18.2,2,4,6,2,0,0,1,0,0.11,0.22,0.33,0.11,0.33
282,Kjell Scherpen,nlNED,GK,Sturm Graz,24,2000,30,30,"2,700",30,0,0,0,0,0,0,0,0,0,0,0,0,0
283,Jonathan Scherzer,atAUT,DF,Wolfsberger AC,29,1995,2,2,180,2,0,0,0,0,0,0,1,0,0,0,0,0,0
284,Thomas Schiestl,atAUT,MF,Grazer AK,21,2002,6,3,376,4.2,0,0,0,0,0,0,0,1,0,0,0,0,0
285,Alexander Schlager,atAUT,GK,RB Salzburg,28,1996,21,21,"1,890",21,0,0,0,0,0,0,3,0,0,0,0,0,0
286,Nicolas Schmid,atAUT,GK,Blau-Weiß Linz,27,1997,2,2,180,2,0,1,1,0,0,0,0,0,0,0.5,0.5,0,0.5
287,Alexander Schmidt,atAUT,"FW,MF",Blau-Weiß Linz,26,1998,27,6,775,8.6,1,1,2,1,0,0,2,0,0.12,0.12,0.23,0.12,0.23
288,Jakob Schöller,atAUT,DF,Rapid Wien,18,2005,9,4,396,4.4,0,0,0,0,0,0,1,0,0,0,0,0,0
289,Alessandro Schöpf,atAUT,MF,Wolfsberger AC,30,1994,8,4,454,5,2,0,2,1,1,1,3,0,0.4,0,0.4,0.2,0.2
290,Konstantin Schopp,atAUT,DF,Sturm Graz,18,2005,1,0,7,0.1,0,0,0,0,0,0,0,0,0,0,0,0,0
291,Tristan Schoppitsch,atAUT,MF,SK Austria Klagenfurt,17,2006,1,0,2,0,0,0,0,0,0,0,0,0,0,0,0,0,0
292,Thorsten Schriebl,atAUT,MF,Grazer AK,25,1998,22,10,"1,046",11.6,0,0,0,0,0,0,6,2,0,0,0,0,0
293,Jannik Schuster,atAUT,DF,RB Salzburg,18,2006,1,0,14,0.2,0,0,0,0,0,0,0,0,0,0,0,0,0
294,Tobias Schützenauer,atAUT,GK,LASK,27,1997,2,2,180,2,0,0,0,0,0,0,0,0,0,0,0,0,0
295,Aaron Schwarz,atAUT,MF,SK Austria Klagenfurt,20,2004,2,0,36,0.4,0,0,0,0,0,0,0,0,0,0,0,0,0
296,Aaron Schwarz,atAUT,MF,Hartberg,20,2004,5,2,183,2,0,0,0,0,0,0,0,0,0,0,0,0,0
297,Matthias Seidl,atAUT,MF,Rapid Wien,23,2001,32,30,"2,504",27.8,2,6,8,2,0,0,0,0,0.07,0.22,0.29,0.07,0.29
298,Simon Seidl,atAUT,"MF,FW",Blau-Weiß Linz,21,2002,31,26,"1,861",20.7,4,3,7,4,0,0,3,0,0.19,0.15,0.34,0.19,0.34
299,Ismaïl Seydi,frFRA,FW,Rapid Wien,23,2001,1,0,21,0.2,0,0,0,0,0,0,0,0,0,0,0,0,0
300,Jörg Siebenhandl,atAUT,GK,LASK,34,1990,11,10,892,9.9,0,0,0,0,0,0,0,0,0,0,0,0,0
Rk,Player,Nation,Pos,Squad,Age,Born,MP,Starts,Min,90s,Gls,Ast,G+A,G-PK,PK,PKatt,CrdY,CrdR,Gls,Ast,G+A,G-PK,G+A-PK
301,Stefan Skrbo,atAUT,"FW,MF",WSG Tirol,23,2001,24,16,"1,429",15.9,4,2,6,4,0,0,6,0,0.25,0.13,0.38,0.25,0.38
302,Hrvoje Smolčić,hrCRO,DF,LASK,23,2000,21,18,"1,570",17.4,3,0,3,3,0,0,4,0,0.17,0,0.17,0.17,0.17
303,Emran Soglo,engENG,DF,Sturm Graz,19,2005,3,1,83,0.9,0,0,0,0,0,0,0,0,0,0,0,0,0
304,Simon Spari,atAUT,GK,SK Austria Klagenfurt,22,2002,27,27,"2,430",27,0,1,1,0,0,0,0,0,0,0.04,0.04,0,0.04
305,Adam Stejskal,czCZE,GK,WSG Tirol,21,2002,32,31,"2,800",31.1,0,0,0,0,0,0,3,0,0,0,0,0,0
306,Dejan Stojanović,atAUT,GK,SCR Altach,31,1993,29,29,"2,610",29,0,0,0,0,0,0,1,0,0,0,0,0,0
307,Filip Stojković,meMNE,DF,LASK,31,1993,13,11,"1,068",11.9,0,1,1,0,0,0,3,1,0,0.08,0.08,0,0.08
308,Simon Straudi,itITA,"MF,DF",SK Austria Klagenfurt,25,1999,24,20,"1,602",17.8,0,0,0,0,0,0,6,0,0,0,0,0,0
309,Fabio Strauss,atAUT,DF,Blau-Weiß Linz,29,1994,14,8,728,8.1,0,0,0,0,0,0,1,1,0,0,0,0,0
310,Oliver Strunz,atAUT,"FW,MF",SCR Altach,24,2000,15,9,809,9,0,0,0,0,0,0,3,0,0,0,0,0,0
311,Lukas Sulzbacher,atAUT,"MF,DF",WSG Tirol,24,2000,18,17,"1,458",16.2,0,0,0,0,0,0,6,0,0,0,0,0,0
312,Valentin Sulzbacher,atAUT,MF,RB Salzburg,19,2005,6,5,327,3.6,0,0,0,0,0,0,0,0,0,0,0,0,0
313,Marco Sulzner,atAUT,"DF,MF",LASK,21,2003,7,3,246,2.7,0,0,0,0,0,0,1,0,0,0,0,0,0
314,Abou Sylla,ciCIV,,Wolfsberger AC,17,2006,1,0,19,0.2,0,0,0,0,0,0,0,0,0,0,0,0,0
315,Niklas Szerencsi,atAUT,DF,SK Austria Klagenfurt,24,2000,19,15,"1,389",15.4,0,0,0,0,0,0,4,0,0,0,0,0,0
316,Matthäus Taferner,atAUT,MF,WSG Tirol,23,2001,26,26,"2,268",25.2,1,3,4,1,0,0,8,1,0.04,0.12,0.16,0.04,0.16
317,Maksym Talovierov,uaUKR,DF,LASK,24,2000,12,4,630,7,0,0,0,0,0,0,1,0,0,0,0,0,0
318,Adil Taoui,frFRA,MF,LASK,22,2001,12,2,311,3.5,1,0,1,1,0,0,3,0,0.29,0,0.29,0.29,0.29
319,Tomás Tavares,ptPOR,MF,LASK,23,2001,3,1,64,0.7,0,0,0,0,0,0,0,0,0,0,0,0,0
320,Queyrell Tchicamboud,frFRA,MF,LASK,18,2005,1,0,1,0,0,0,0,0,0,0,0,0,0,0,0,0,0
321,Aleksa Terzić,rsSRB,DF,RB Salzburg,24,1999,22,17,"1,631",18.1,0,5,5,0,0,0,1,0,0,0.28,0.28,0,0.28
322,Alexis Tibidi,frFRA,MF,LASK,20,2003,4,1,77,0.9,0,0,0,0,0,0,1,0,0,0,0,0,0
323,Antonio Tikvić,hrCRO,DF,Grazer AK,20,2004,15,13,"1,208",13.4,0,0,0,0,0,0,5,0,0,0,0,0,0
324,David Toshevski,mkMKD,FW,SK Austria Klagenfurt,23,2001,23,15,"1,279",14.2,6,3,9,6,0,0,3,0,0.42,0.21,0.63,0.42,0.63
325,Tim Trummer,atAUT,DF,RB Salzburg,18,2005,11,4,450,5,0,0,0,0,0,0,1,0,0,0,0,0,0
Rk,Player,Nation,Pos,Squad,Age,Born,MP,Starts,Min,90s,Gls,Ast,G+A,G-PK,PK,PKatt,CrdY,CrdR,Gls,Ast,G+A,G-PK,G+A-PK
326,Lukas Tursch,atAUT,DF,Blau-Weiß Linz,28,1996,4,1,114,1.3,0,0,0,0,0,0,1,0,0,0,0,0,0
327,Maximilian Ullmann,atAUT,"MF,DF",Wolfsberger AC,28,1996,30,30,"2,619",29.1,3,3,6,3,0,0,3,0,0.1,0.1,0.21,0.1,0.21
328,Christoph Urdl,atAUT,MF,Hartberg,24,1999,1,0,7,0.1,0,0,0,0,0,0,0,0,0,0,0,0,0
329,Moses Usor,ngNGA,MF,LASK,22,2002,8,7,653,7.3,0,1,1,0,0,0,0,0,0,0.14,0.14,0,0.14
330,Cem Üstündag,atAUT,"MF,DF",WSG Tirol,23,2001,26,15,"1,369",15.2,2,1,3,2,0,0,6,2,0.13,0.07,0.2,0.13,0.2
331,Ignace Van Der Brempt,beBEL,DF,RB Salzburg,22,2002,1,1,67,0.7,0,0,0,0,0,0,0,0,0,0,0,0,0
332,Yorbe Vertessen,beBEL,"FW,MF",RB Salzburg,23,2001,16,15,"1,231",13.7,5,2,7,5,0,0,1,0,0.37,0.15,0.51,0.37,0.51
333,William Vick,dkDEN,"FW,MF",Sturm Graz,21,2003,30,27,"2,172",24.1,11,5,16,10,1,1,0,1,0.46,0.21,0.66,0.41,0.62
334,Dominic Vincze,atAUT,DF,Rapid Wien,20,2004,4,4,353,3.9,0,1,1,0,0,0,1,0,0,0.25,0.25,0,0.25
335,Radek Vítek,,GK,Blau-Weiß Linz,20,2003,26,26,"2,340",26,0,0,0,0,0,0,2,0,0,0,0,0,0
336,Yannick Vötter,atAUT,"MF,FW",WSG Tirol,19,2004,12,2,264,2.9,0,0,0,0,0,0,1,0,0,0,0,0,0
337,Romeo Vucic,atAUT,FW,Grazer AK,21,2003,17,7,698,7.8,2,1,3,2,0,0,1,0,0.26,0.13,0.39,0.26,0.39
338,Oliver Wähling,engENG,MF,Blau-Weiß Linz,24,1999,9,2,313,3.5,1,1,2,1,0,0,0,0,0.29,0.29,0.58,0.29,0.58
339,Silvan Wallner,chSUI,DF,Blau-Weiß Linz,22,2002,5,3,320,3.6,0,0,0,0,0,0,1,0,0,0,0,0,0
340,Moritz Wels,atAUT,MF,Austria Wien,19,2004,12,0,164,1.8,0,0,0,0,0,0,0,0,0,0,0,0,0
341,Christopher Wernitznig,atAUT,MF,SK Austria Klagenfurt,34,1990,30,25,"2,312",25.7,4,5,9,4,0,0,5,0,0.16,0.19,0.35,0.16,0.35
342,Florian Wiegele,atAUT,GK,Grazer AK,23,2001,15,15,"1,350",15,0,0,0,0,0,0,0,0,0,0,0,0,0
343,Philipp Wiesinger,atAUT,DF,Austria Wien,30,1994,22,17,"1,638",18.2,1,0,1,1,0,0,6,0,0.05,0,0.05,0.05,0.05
344,Fabian Wilfinger,atAUT,DF,Hartberg,20,2003,21,19,"1,710",19,1,0,1,1,0,0,6,0,0.05,0,0.05,0.05,0.05
345,Nicolas Wimmer,atAUT,DF,Wolfsberger AC,29,1995,27,26,"2,293",25.5,0,1,1,0,0,0,2,1,0,0.04,0.04,0,0.04
346,Nikolaus Wurmbrand,atAUT,"MF,FW",Rapid Wien,18,2006,15,6,511,5.7,1,0,1,1,0,0,1,0,0.18,0,0.18,0.18,0.18
347,Florian Wustinger,atAUT,MF,Austria Wien,21,2003,3,0,24,0.3,0,0,0,0,0,0,0,0,0,0,0,0,0
348,Gregory Wüthrich,chSUI,DF,Sturm Graz,29,1994,21,18,"1,675",18.6,1,0,1,1,0,0,4,1,0.05,0,0.05,0.05,0.05
349,Philipp Wydra,atAUT,FW,SK Austria Klagenfurt,21,2003,23,1,457,5.1,2,0,2,2,0,0,2,0,0.39,0,0.39,0.39,0.39
350,Erkin Yalcin,atAUT,FW,SCR Altach,20,2004,2,0,5,0.1,0,0,0,0,0,0,0,0,0,0,0,0,0
Rk,Player,Nation,Pos,Squad,Age,Born,MP,Starts,Min,90s,Gls,Ast,G+A,G-PK,PK,PKatt,CrdY,CrdR,Gls,Ast,G+A,G-PK,G+A-PK
351,Malick Yalcouye,ciCIV,MF,Sturm Graz,18,2005,26,24,"1,977",22,4,1,5,4,0,0,4,0,0.18,0.05,0.23,0.18,0.23
352,Erencan Yardimci,trTUR,FW,Sturm Graz,22,2002,8,2,211,2.3,2,0,2,2,0,0,3,0,0.85,0,0.85,0.85,0.85
353,Atsushi Zaizen,jpJPN,MF,Grazer AK,25,1999,12,3,414,4.6,1,1,2,1,0,0,3,0,0.22,0.22,0.43,0.22,0.43
354,Benedikt Zech,atAUT,DF,SCR Altach,33,1990,16,16,"1,433",15.9,0,0,0,0,0,0,1,0,0,0,0,0,0
355,Philipp Ziereis,deGER,DF,LASK,31,1993,26,25,"2,180",24.2,1,1,2,1,0,0,6,0,0.04,0.04,0.08,0.04,0.08
356,Dejan Zukić,rsSRB,"MF,FW",Wolfsberger AC,23,2001,31,30,"2,314",25.7,10,8,18,10,0,0,5,0,0.39,0.31,0.7,0.39,0.7
357,Robert Žulj,atAUT,"MF,FW",LASK,32,1992,27,22,"1,998",22.2,7,7,14,7,0,0,1,0,0.32,0.32,0.63,0.32,0.63
358,Lovro Zvonarek,hrCRO,"FW,MF",Sturm Graz,19,2005,13,4,388,4.3,1,0,1,1,0,0,1,0,0.23,0,0.23,0.23,0.23
