Rk,Player,Nation,Position,Squad,Current age,Year of birth,Matches Played,Starts,Minutes,90s Played,Goals,Assists,Goals + Assists,Non-Penalty Goals,Penalty Kicks Made,Penalty Kicks Attempted,Yellow Cards,Red Cards,Goals/90,Assists/90,Goals + Assists/90,Non-Penalty Goals/90,Non-Penalty Goals + Assists/90,Matches
1,Carlos Enrique Áñez,boBOL,DF,Guabirá,29-344,1995,9,9,810,9,4,0,4,4,0,0,2,0,0.44,0,0.44,0.44,0.44,Matches
2,Carlos Abastoflor,boBOL,MF,Oriente Petrolero,23-067,2002,3,1,84,0.9,0,0,0,0,0,0,0,0,0,0,0,0,0,Matches
3,Matías Abisab,uyURU,MF,Blooming,31-278,1993,7,2,176,2,0,1,1,0,0,0,0,0,0,0.51,0.51,0,0.51,Matches
4,Victor Abrego,boBOL,FW,Nacional Potosí,28-124,1997,6,5,444,4.9,1,0,1,0,1,1,1,0,0.2,0,0.2,0,0,Matches
5,Nahuel Acosta,uyURU,FW,Blooming,26-035,1999,7,7,528,5.9,3,3,6,3,0,0,1,0,0.51,0.51,1.02,0.51,1.02,Matches
6,Moisés Acuña,veVEN,DF,Nacional Potosí,28-327,1996,4,4,360,4,0,0,0,0,0,0,2,0,0,0,0,0,0,Matches
7,Ronald Acuña,pyPAR,FW,Oriente Petrolero,32-021,1993,7,4,335,3.7,2,0,2,2,0,0,0,0,0.54,0,0.54,0.54,0.54,Matches
8,Fernando Aguilar,boBOL,MF,Real Tomayapo,28-065,1997,2,1,64,0.7,0,0,0,0,0,0,0,0,0,0,0,0,0,Matches
9,Daniel Aguilera,boBOL,DF,Indep Petrolero,21-055,2004,8,7,652,7.2,0,1,1,0,0,0,1,0,0,0.14,0.14,0,0.14,Matches
10,David Akologo,boBOL,GK,Aurora,28-116,1997,2,2,180,2,0,0,0,0,0,0,0,0,0,0,0,0,0,Matches
11,Jenrry Alaca,boBOL,FW,ABB,38-213,1986,8,8,658,7.3,0,0,0,0,0,0,6,1,0,0,0,0,0,Matches
12,Kevin Aladesanmi,coCOL,FW,FC Universitario,26-215,1998,5,2,200,2.2,1,1,2,1,0,0,0,0,0.45,0.45,0.9,0.45,0.9,Matches
13,Martín Alaníz,uyURU,MF,Blooming,32-116,1993,8,6,619,6.9,3,2,5,2,1,1,2,0,0.44,0.29,0.73,0.29,0.58,Matches
14,Misael Alcocer,boBOL,FW,Always Ready,20-146,2005,1,0,1,0,0,0,0,0,0,0,0,0,0,0,0,0,0,Matches
15,Paolo Alcocer,boBOL,MF,FC Universitario,24-285,2000,2,0,29,0.3,0,0,0,0,0,0,0,0,0,0,0,0,0,Matches
16,Albano Alessandrini,arARG,DF,Real Oruro,21-140,2004,2,1,127,1.4,0,0,0,0,0,0,0,0,0,0,0,0,0,Matches
17,José Alí Gutiérrez,boBOL,MF,Real Oruro,20-033,2005,2,2,142,1.6,0,0,0,0,0,0,1,0,0,0,0,0,0,Matches
18,Luis Alí,boBOL,FW,Real Oruro,31-059,1994,9,1,254,2.8,1,1,2,1,0,0,3,0,0.35,0.35,0.71,0.35,0.71,Matches
19,Jose Alipaz,boBOL,FW,FC Universitario,23-075,2002,7,3,265,2.9,1,1,2,1,0,0,0,0,0.34,0.34,0.68,0.34,0.68,Matches
20,Gustavo Almada,boBOL,GK,Blooming,31-047,1994,1,1,90,1,0,0,0,0,0,0,0,0,0,0,0,0,0,Matches
21,Sebastián Altamirano,boBOL,DF,The Strongest,19-037,2006,9,8,720,8,0,1,1,0,0,0,2,0,0,0.12,0.12,0,0.12,Matches
22,Eduardo Álvarez,boBOL,DF,Real Oruro,22-067,2003,5,4,347,3.9,0,0,0,0,0,0,0,0,0,0,0,0,0,Matches
23,William Álvarez,boBOL,FW,Nacional Potosí,29-273,1995,8,0,168,1.9,1,1,2,1,0,0,0,0,0.54,0.54,1.07,0.54,1.07,Matches
24,Alfredo Amarilla,pyPAR,MF,Aurora,23-282,2001,6,5,381,4.2,0,0,0,0,0,0,0,1,0,0,0,0,0,Matches
25,Joel Amoroso,arARG,"FW,MF",The Strongest,37-158,1988,9,9,759,8.4,3,6,9,2,1,1,0,0,0.36,0.71,1.07,0.24,0.95,Matches
Rk,Player,Nation,Pos,Squad,Age,Born,MP,Starts,Min,90s,Gls,Ast,G+A,G-PK,PK,PKatt,CrdY,CrdR,Gls,Ast,G+A,G-PK,G+A-PK,Matches
26,Claudio Ancieta,boBOL,FW,Wilstermann,21-196,2003,2,0,73,0.8,0,0,0,0,0,0,0,0,0,0,0,0,0,Matches
27,Tomás Andrade,arARG,MF,Always Ready,28-211,1996,5,0,128,1.4,2,1,3,2,0,0,0,0,1.41,0.7,2.11,1.41,2.11,Matches
28,Tobías Andre Moriceau,arARG,MF,The Strongest,28-067,1997,9,7,596,6.6,0,0,0,0,0,0,4,0,0,0,0,0,0,Matches
29,Miguel Ángel Becerra,boBOL,DF,Blooming,32-023,1993,1,0,26,0.3,0,0,0,0,0,0,0,0,0,0,0,0,0,Matches
30,Miguel Ángel Torrén,arARG,DF,Bolívar,36-307,1988,3,2,215,2.4,0,0,0,0,0,0,1,0,0,0,0,0,0,Matches
31,José Antonio Pinto,boBOL,MF,FC Universitario,25-040,2000,5,2,215,2.4,0,0,0,0,0,0,1,0,0,0,0,0,0,Matches
32,Cristian Árabe,boBOL,MF,Oriente Petrolero,33-172,1991,7,2,267,3,1,0,1,1,0,0,1,0,0.34,0,0.34,0.34,0.34,Matches
33,Brayan Aranibar,boBOL,MF,Aurora,26-335,1998,3,0,18,0.2,0,0,0,0,0,0,0,0,0,0,0,0,0,Matches
34,Paul Arano,boBOL,MF,Guabirá,30-112,1995,7,3,347,3.9,0,1,1,0,0,0,1,0,0,0.26,0.26,0,0.26,Matches
35,Elder Arauz,boBOL,GK,Indep Petrolero,35-053,1990,4,4,303,3.4,0,0,0,0,0,0,0,0,0,0,0,0,0,Matches
36,Germán Arauz,boBOL,GK,Real Tomayapo,30-021,1995,9,9,810,9,0,1,1,0,0,0,2,0,0,0.11,0.11,0,0.11,Matches
37,Jorge Araúz,boBOL,GK,Oriente Petrolero,30-092,1995,5,5,450,5,0,0,0,0,0,0,0,0,0,0,0,0,0,Matches
38,Jhojan Arce pari,boBOL,,Nacional Potosí,19-159,2006,7,6,540,6,0,0,0,0,0,0,2,0,0,0,0,0,0,Matches
39,Santiago Arce,boBOL,MF,San Antonio Bulo Bulo,25-016,2000,6,5,405,4.5,0,0,0,0,0,0,5,0,0,0,0,0,0,Matches
40,Raúl Ardaya,boBOL,MF,ABB,26-294,1998,6,1,124,1.4,0,0,0,0,0,0,1,0,0,0,0,0,0,Matches
41,Fernando Arismendi,uyURU,MF,GV San José,34-076,1991,9,5,518,5.8,0,1,1,0,0,0,2,0,0,0.17,0.17,0,0.17,Matches
42,Jaime Arrascaita,boBOL,MF,The Strongest,31-286,1993,9,9,799,8.9,3,2,5,2,1,1,6,1,0.34,0.23,0.56,0.23,0.45,Matches
43,Nicolas Arteaga,arARG,MF,Indep Petrolero,28-244,1996,1,0,14,0.2,0,0,0,0,0,0,0,0,0,0,0,0,0,Matches
44,Rodrigo Ávila,boBOL,MF,Indep Petrolero,30-104,1995,5,3,307,3.4,1,0,1,1,0,0,4,1,0.29,0,0.29,0.29,0.29,Matches
45,Mijail Aviles,veVEN,MF,Real Tomayapo,38-010,1987,8,7,523,5.8,0,0,0,0,0,0,7,0,0,0,0,0,0,Matches
46,Anderson Ayhuana,boBOL,DF,Bolívar,19-136,2006,2,1,101,1.1,0,0,0,0,0,0,1,0,0,0,0,0,0,Matches
47,Pedro Azogue,boBOL,"FW,MF",Nacional Potosí,30-191,1994,5,1,173,1.9,0,0,0,0,0,0,1,0,0,0,0,0,0,Matches
48,Yuto Baigorria,boBOL,,Guabirá,18-301,2006,9,6,538,6,0,1,1,0,0,0,0,0,0,0.17,0.17,0,0.17,Matches
49,Oscar Baldomar,boBOL,DF,Nacional Potosí,29-119,1996,7,4,361,4,0,0,0,0,0,0,0,0,0,0,0,0,0,Matches
50,Ramiro Ballivián,boBOL,DF,Aurora,33-068,1992,7,2,269,3,1,0,1,1,0,0,1,0,0.33,0,0.33,0.33,0.33,Matches
Rk,Player,Nation,Pos,Squad,Age,Born,MP,Starts,Min,90s,Gls,Ast,G+A,G-PK,PK,PKatt,CrdY,CrdR,Gls,Ast,G+A,G-PK,G+A-PK,Matches
51,Luis Banegas,boBOL,GK,The Strongest,39-219,1985,9,9,810,9,0,0,0,0,0,0,1,0,0,0,0,0,0,Matches
52,Juan Barba,boBOL,MF,ABB,21-304,2003,7,1,169,1.9,0,0,0,0,0,0,0,0,0,0,0,0,0,Matches
53,Mario Barbery,boBOL,FW,Real Tomayapo,23-075,2002,9,8,655,7.3,1,0,1,1,0,0,0,0,0.14,0,0.14,0.14,0.14,Matches
54,Alain Baroja,veVEN,GK,Always Ready,35-235,1989,9,9,810,9,0,0,0,0,0,0,0,0,0,0,0,0,0,Matches
55,Alejandro Barrón,boBOL,FW,Wilstermann,25-323,1999,2,1,82,0.9,0,1,1,0,0,0,0,0,0,1.1,1.1,0,1.1,Matches
56,Juan Bartolomé,boBOL,DF,Always Ready,27-221,1997,3,0,38,0.4,0,0,0,0,0,0,0,0,0,0,0,0,0,Matches
57,Raúl Becerra,arARG,FW,GV San José,37-257,1987,8,7,517,5.7,1,0,1,1,0,0,0,0,0.17,0,0.17,0.17,0.17,Matches
58,Alejandro Bejarano,boBOL,MF,ABB,40-359,1984,7,7,570,6.3,0,0,0,0,0,0,1,0,0,0,0,0,0,Matches
59,Diego Bejarano,boBOL,"DF,MF",Oriente Petrolero,33-295,1991,5,3,222,2.5,0,0,0,0,0,0,2,0,0,0,0,0,0,Matches
60,Joel Bejarano,boBOL,MF,GV San José,29-086,1996,7,6,506,5.6,0,0,0,0,0,0,4,0,0,0,0,0,0,Matches
61,Marvin Bejarano,boBOL,DF,Real Tomayapo,37-101,1988,9,9,810,9,0,0,0,0,0,0,0,0,0,0,0,0,0,Matches
62,Jose Berdecio,boBOL,MF,Oriente Petrolero,23-146,2002,4,2,127,1.4,0,0,0,0,0,0,1,0,0,0,0,0,0,Matches
63,José Berrios,,DF,Aurora,,,1,0,34,0.4,0,0,0,0,0,0,1,0,0,0,0,0,0,Matches
64,Oswaldo Blanco,coCOL,FW,San Antonio Bulo Bulo,34-025,1991,6,1,270,3,1,0,1,0,1,1,0,0,0.33,0,0.33,0,0,Matches
65,Héctor Bobadilla,pyPAR,FW,Wilstermann,24-007,2001,9,9,810,9,5,0,5,4,1,1,2,0,0.56,0,0.56,0.44,0.44,Matches
66,Johan Bocanegra,coCOL,MF,Nacional Potosí,26-238,1998,1,0,28,0.3,0,0,0,0,0,0,0,0,0,0,0,0,0,Matches
67,Ronald Bustos,boBOL,FW,GV San José,21-090,2004,3,2,154,1.7,0,0,0,0,0,0,0,0,0,0,0,0,0,Matches
68,Mauricio Cabral,boBOL,FW,Blooming,24-222,2000,4,1,127,1.4,0,0,0,0,0,0,0,0,0,0,0,0,0,Matches
69,Abraham Cabrera,boBOL,DF,GV San José,34-115,1991,1,1,45,0.5,0,0,0,0,0,0,0,0,0,0,0,0,0,Matches
70,Diego Cabrera,boBOL,MF,Oriente Petrolero,20-137,2005,3,0,66,0.7,0,0,0,0,0,0,0,0,0,0,0,0,0,Matches
71,Alex Cáceres,pyPAR,"FW,MF",Wilstermann,29-134,1996,7,7,584,6.5,0,1,1,0,0,0,0,1,0,0.15,0.15,0,0.15,Matches
72,Maximiliano Caire,arARG,DF,Oriente Petrolero,36-338,1988,6,6,495,5.5,0,0,0,0,0,0,1,0,0,0,0,0,0,Matches
73,Moisés Calero,boBOL,MF,GV San José,26-276,1998,7,5,312,3.5,0,1,1,0,0,0,0,0,0,0.29,0.29,0,0.29,Matches
74,Joel Calicho,boBOL,MF,FC Universitario,30-013,1995,6,4,297,3.3,1,0,1,1,0,0,3,0,0.3,0,0.3,0.3,0.3,Matches
75,Alejandro Camacho,boBOL,MF,Always Ready,16-326,2008,2,0,9,0.1,0,0,0,0,0,0,1,0,0,0,0,0,0,Matches
Rk,Player,Nation,Pos,Squad,Age,Born,MP,Starts,Min,90s,Gls,Ast,G+A,G-PK,PK,PKatt,CrdY,CrdR,Gls,Ast,G+A,G-PK,G+A-PK,Matches
76,Daniel Camacho,boBOL,MF,FC Universitario,26-243,1998,8,8,621,6.9,2,0,2,1,1,1,3,0,0.29,0,0.29,0.14,0.14,Matches
77,Gustavo Canto,arARG,DF,Always Ready,31-110,1994,8,8,540,6,0,0,0,0,0,0,2,0,0,0,0,0,0,Matches
78,Elian Carabalí,ecECU,MF,Real Tomayapo,25-065,2000,4,0,127,1.4,0,0,0,0,0,0,0,0,0,0,0,0,0,Matches
79,Luis Cárdenas,boBOL,GK,Aurora,34-129,1991,7,7,630,7,0,0,0,0,0,0,0,0,0,0,0,0,0,Matches
80,Rudy Cardozo,boBOL,MF,Indep Petrolero,35-121,1990,9,4,426,4.7,1,2,3,1,0,0,0,1,0.21,0.42,0.63,0.21,0.63,Matches
81,Juan Carlos Montenegro,boBOL,FW,San Antonio Bulo Bulo,28-131,1997,6,5,417,4.6,1,3,4,1,0,0,1,0,0.22,0.65,0.86,0.22,0.86,Matches
82,Juan Carlos Parada,boBOL,MF,Guabirá,28-177,1996,6,2,263,2.9,0,0,0,0,0,0,2,0,0,0,0,0,0,Matches
83,Luis Carlos Rodríguez,boBOL,DF,Wilstermann,22-241,2002,8,7,602,6.7,0,0,0,0,0,0,3,0,0,0,0,0,0,Matches
84,Lucas Casavieja,uyURU,FW,Guabirá,25-331,1999,4,0,120,1.3,0,0,0,0,0,0,0,0,0,0,0,0,0,Matches
85,Daniel Castellón,boBOL,DF,Indep Petrolero,29-044,1996,4,1,184,2,0,0,0,0,0,0,1,0,0,0,0,0,0,Matches
86,Gonzalo Castillo,uyURU,DF,Wilstermann,34-241,1990,9,9,810,9,0,0,0,0,0,0,3,0,0,0,0,0,0,Matches
87,Josué Castillo,boBOL,MF,Real Tomayapo,20-335,2004,2,1,115,1.3,0,0,0,0,0,0,1,0,0,0,0,0,0,Matches
88,Felipe Castro,brBRA,MF,The Strongest,30-122,1995,5,2,227,2.5,0,0,0,0,0,0,0,0,0,0,0,0,0,Matches
89,Raúl Castro,boBOL,MF,FC Universitario,35-300,1989,7,7,567,6.3,0,0,0,0,0,0,5,2,0,0,0,0,0,Matches
90,Carlos Cejas,boBOL,DF,Aurora,21-156,2004,9,9,746,8.3,2,3,5,2,0,0,0,0,0.24,0.36,0.6,0.24,0.6,Matches
91,Guilmar Centella,boBOL,MF,Blooming,20-081,2005,2,0,74,0.8,0,1,1,0,0,0,0,0,0,1.22,1.22,0,1.22,Matches
92,Ricardo Centurión,arARG,"FW,MF",Oriente Petrolero,32-147,1993,4,2,197,2.2,1,0,1,1,0,0,1,0,0.46,0,0.46,0.46,0.46,Matches
93,Alejandro Cervantes,boBOL,FW,ABB,21-356,2003,3,2,106,1.2,0,0,0,0,0,0,0,0,0,0,0,0,0,Matches
94,Pablo César Luján,boBOL,MF,FC Universitario,22-109,2003,9,2,309,3.4,0,0,0,0,0,0,0,0,0,0,0,0,0,Matches
95,Mauricio Chajtur,boBOL,MF,Indep Petrolero,28-251,1996,6,0,131,1.5,0,0,0,0,0,0,1,0,0,0,0,0,0,Matches
96,Walter Chalá,ecECU,"FW,MF",Oriente Petrolero,33-111,1992,5,5,399,4.4,2,0,2,2,0,0,0,0,0.45,0,0.45,0.45,0.45,Matches
97,Luis Chávez,boBOL,MF,Blooming,18-289,2006,5,3,195,2.2,1,1,2,1,0,0,1,0,0.46,0.46,0.92,0.46,0.92,Matches
98,Thiago Chavez,boBOL,MF,Guabirá,17-182,2007,6,2,184,2,0,0,0,0,0,0,0,0,0,0,0,0,0,Matches
99,Martín Chiatti,arARG,DF,The Strongest,32-196,1992,3,2,190,2.1,0,0,0,0,0,0,0,0,0,0,0,0,0,Matches
100,Denilson Choque,boBOL,DF,ABB,26-265,1998,1,0,52,0.6,0,0,0,0,0,0,0,0,0,0,0,0,0,Matches
Rk,Player,Nation,Pos,Squad,Age,Born,MP,Starts,Min,90s,Gls,Ast,G+A,G-PK,PK,PKatt,CrdY,CrdR,Gls,Ast,G+A,G-PK,G+A-PK,Matches
101,Alejandro Chumacero,boBOL,MF,Wilstermann,34-054,1991,9,8,744,8.3,0,1,1,0,0,0,1,0,0,0.12,0.12,0,0.12,Matches
102,Jeyson Chura,boBOL,MF,The Strongest,23-132,2002,7,2,309,3.4,5,3,8,5,0,0,0,0,1.46,0.87,2.33,1.46,2.33,Matches
103,Rubén Cordano,boBOL,GK,Bolívar,26-242,1998,3,3,270,3,0,0,0,0,0,0,0,0,0,0,0,0,0,Matches
104,Leandro Corulo,arARG,DF,Real Tomayapo,36-013,1989,9,9,797,8.9,4,0,4,0,4,4,2,0,0.45,0,0.45,0,0,Matches
105,Gustavo Cristaldo,pyPAR,MF,Indep Petrolero,36-015,1989,9,7,498,5.5,0,1,1,0,0,0,0,0,0,0.18,0.18,0,0.18,Matches
106,Jonatan Cristaldo,arARG,FW,Oriente Petrolero,36-102,1989,7,4,349,3.9,3,0,3,3,0,0,0,0,0.77,0,0.77,0.77,0.77,Matches
107,Guilder Cuellar,boBOL,MF,FC Universitario,26-025,1999,4,0,70,0.8,1,0,1,1,0,0,0,0,1.29,0,1.29,1.29,1.29,Matches
108,Héctor Cuellar,boBOL,DF,Always Ready,24-303,2000,9,9,810,9,0,1,1,0,0,0,2,0,0,0.11,0.11,0,0.11,Matches
109,Juan Cuellar,boBOL,MF,FC Universitario,18-170,2006,9,9,801,8.9,0,1,1,0,0,0,2,1,0,0.11,0.11,0,0.11,Matches
110,Ronald Cuéllar,boBOL,DF,Real Oruro,28-006,1997,6,0,116,1.3,0,0,0,0,0,0,1,1,0,0,0,0,0,Matches
111,Victor Cuellar,boBOL,MF,Oriente Petrolero,24-265,2000,5,1,108,1.2,0,0,0,0,0,0,0,0,0,0,0,0,0,Matches
112,Santiago Cuiza,boBOL,DF,Real Tomayapo,19-364,2005,4,3,315,3.5,0,1,1,0,0,0,0,0,0,0.29,0.29,0,0.29,Matches
113,Marcelo De Lima Castro,boBOL,DF,San Antonio Bulo Bulo,20-068,2005,4,3,211,2.3,0,0,0,0,0,0,1,0,0,0,0,0,0,Matches
114,Matías Delgadillo,boBOL,DF,Wilstermann,19-315,2005,1,0,45,0.5,0,0,0,0,0,0,1,0,0,0,0,0,0,Matches
115,Luis Demiquel,boBOL,DF,Nacional Potosí,25-151,2000,3,3,270,3,0,0,0,0,0,0,0,0,0,0,0,0,0,Matches
116,Hugo Denar Salvatierra,boBOL,MF,Real Oruro,22-151,2003,3,2,165,1.8,0,0,0,0,0,0,1,0,0,0,0,0,0,Matches
117,Diego Diellos,arARG,FW,Nacional Potosí,31-264,1993,6,3,234,2.6,1,0,1,1,0,0,0,0,0.38,0,0.38,0.38,0.38,Matches
118,Roberto Diez,boBOL,DF,Oriente Petrolero,21-128,2004,6,5,477,5.3,0,0,0,0,0,0,1,0,0,0,0,0,0,Matches
119,Denilson Durán,boBOL,DF,Blooming,22-083,2003,8,7,520,5.8,0,0,0,0,0,0,3,0,0,0,0,0,0,Matches
120,Santiago Echeverría,arARG,DF,Nacional Potosí,35-079,1990,7,7,630,7,0,0,0,0,0,0,3,0,0,0,0,0,0,Matches
121,Cristian Enciso,pyPAR,DF,Aurora,34-034,1991,7,7,619,6.9,0,0,0,0,0,0,1,1,0,0,0,0,0,Matches
122,Marc Enoumba,boBOL,FW,Blooming,32-103,1993,8,7,588,6.5,1,0,1,1,0,0,3,0,0.15,0,0.15,0.15,0.15,Matches
123,Bladimir Escalante,boBOL,MF,Blooming,16-208,2008,1,0,12,0.1,0,0,0,0,0,0,0,0,0,0,0,0,0,Matches
124,Roland Escobar,pyPAR,FW,Aurora,24-035,2001,7,5,448,5,3,1,4,3,0,0,1,0,0.6,0.2,0.8,0.6,0.8,Matches
125,Yerson Espíndola,boBOL,MF,Real Tomayapo,17-307,2007,2,0,46,0.5,0,0,0,0,0,0,0,0,0,0,0,0,0,Matches
Rk,Player,Nation,Pos,Squad,Age,Born,MP,Starts,Min,90s,Gls,Ast,G+A,G-PK,PK,PKatt,CrdY,CrdR,Gls,Ast,G+A,G-PK,G+A-PK,Matches
126,Bryan Espinoza,boBOL,FW,ABB,22-163,2003,2,1,93,1,0,0,0,0,0,0,0,0,0,0,0,0,0,Matches
127,Santiago Etchebarne,uyURU,DF,Blooming,30-287,1994,6,5,414,4.6,0,0,0,0,0,0,1,0,0,0,0,0,0,Matches
128,Fábio,brBRA,FW,Bolívar,28-021,1997,9,7,601,6.7,6,3,9,6,0,1,0,0,0.9,0.45,1.35,0.9,1.35,Matches
129,Adriel Fernández,boBOL,MF,San Antonio Bulo Bulo,29-085,1996,5,4,298,3.3,0,0,0,0,0,0,0,0,0,0,0,0,0,Matches
130,Brayan Fernández,coCOL,FW,Real Tomayapo,33-141,1992,7,6,446,5,0,1,1,0,0,0,4,1,0,0.2,0.2,0,0.2,Matches
131,Leo Aaron Petter Andersen Fernandez,boBOL,,Wilstermann,18-182,2006,1,0,30,0.3,0,0,0,0,0,0,1,1,0,0,0,0,0,Matches
132,Sergio Ferreira,boBOL,FW,Aurora,21-210,2003,2,0,21,0.2,0,0,0,0,0,0,0,0,0,0,0,0,0,Matches
133,Manuel Ferrel,boBOL,GK,Guabirá,23-265,2001,7,6,555,6.2,0,0,0,0,0,0,2,0,0,0,0,0,0,Matches
134,Roler Ferrufino,boBOL,FW,Always Ready,24-248,2000,6,1,271,3,2,1,3,2,0,0,1,0,0.66,0.33,1,0.66,1,Matches
135,Ariel Flores,boBOL,GK,Aurora,20-250,2004,2,0,62,0.7,0,0,0,0,0,0,0,0,0,0,0,0,0,Matches
136,Enrique Flores,boBOL,DF,San Antonio Bulo Bulo,31-134,1994,5,3,347,3.9,0,1,1,0,0,0,1,0,0,0.26,0.26,0,0.26,Matches
137,Escleizon Freita,,,Bolívar,,,9,7,675,7.5,0,0,0,0,0,0,1,0,0,0,0,0,0,Matches
138,Juan Gabriel Valverde,boBOL,DF,Blooming,34-356,1990,9,8,720,8,0,1,1,0,0,0,2,0,0,0.12,0.12,0,0.12,Matches
139,Lucas Galarza,pyPAR,GK,ABB,24-240,2000,9,9,810,9,0,0,0,0,0,0,2,0,0,0,0,0,0,Matches
140,Matias Galindo,boBOL,MF,ABB,19-066,2006,8,7,496,5.5,0,0,0,0,0,0,1,0,0,0,0,0,0,Matches
141,Pedro Galindo,boBOL,GK,Nacional Potosí,31-063,1994,3,3,270,3,0,0,0,0,0,0,0,0,0,0,0,0,0,Matches
142,Samuel Galindo,boBOL,MF,GV San José,33-058,1992,6,2,194,2.2,0,0,0,0,0,0,0,0,0,0,0,0,0,Matches
143,Vladimir Gálvez,boBOL,MF,Oriente Petrolero,18-324,2006,8,8,720,8,0,2,2,0,0,0,2,0,0,0.25,0.25,0,0.25,Matches
144,Alfredo García,boBOL,FW,Nacional Potosí,23-100,2002,2,1,111,1.2,0,0,0,0,0,0,0,0,0,0,0,0,0,Matches
145,Jhon García,boBOL,MF,The Strongest,25-063,2000,9,4,330,3.7,3,1,4,3,0,0,1,0,0.82,0.27,1.09,0.82,1.09,Matches
146,Samuel Garzón,boBOL,FW,Blooming,26-034,1999,9,5,487,5.4,3,0,3,3,0,0,0,0,0.55,0,0.55,0.55,0.55,Matches
147,Francisco Gatti,arARG,MF,Guabirá,31-019,1994,6,4,322,3.6,1,1,2,1,0,0,2,0,0.28,0.28,0.56,0.28,0.56,Matches
148,Tomson Geraldy Minda,ecECU,MF,Real Tomayapo,24-190,2000,8,5,419,4.7,0,0,0,0,0,0,1,0,0,0,0,0,0,Matches
149,Sergio Gil,boBOL,DF,Guabirá,27-357,1997,2,2,104,1.2,0,1,1,0,0,0,0,0,0,0.87,0.87,0,0.87,Matches
150,Arnaldo Giménez,pyPAR,GK,Wilstermann,38-098,1987,3,3,270,3,0,0,0,0,0,0,0,0,0,0,0,0,0,Matches
Rk,Player,Nation,Pos,Squad,Age,Born,MP,Starts,Min,90s,Gls,Ast,G+A,G-PK,PK,PKatt,CrdY,CrdR,Gls,Ast,G+A,G-PK,G+A-PK,Matches
151,Diago Giménez,arARG,MF,FC Universitario,28-045,1997,8,8,645,7.2,0,0,0,0,0,0,3,1,0,0,0,0,0,Matches
152,Juan Godoy,pyPAR,MF,The Strongest,31-357,1993,6,4,358,4,4,0,4,4,0,0,0,0,1.01,0,1.01,1.01,1.01,Matches
153,Raúl Gómez,boBOL,DF,Real Oruro,18-194,2006,7,6,539,6,0,0,0,0,0,0,3,1,0,0,0,0,0,Matches
154,Richet Gómez,boBOL,MF,Blooming,24-185,2000,4,3,278,3.1,1,0,1,1,0,0,2,0,0.32,0,0.32,0.32,0.32,Matches
155,Franz Gonzáles,boBOL,MF,Oriente Petrolero,24-354,2000,8,6,576,6.4,0,1,1,0,0,0,2,0,0,0.16,0.16,0,0.16,Matches
156,Juan Gonzáles,boBOL,MF,Blooming,19-104,2006,4,4,286,3.2,0,2,2,0,0,0,0,0,0,0.63,0.63,0,0.63,Matches
157,Marcelo Gonzales,boBOL,MF,Aurora,19-192,2005,9,9,716,8,0,0,0,0,0,0,0,0,0,0,0,0,0,Matches
158,Jasond González,coCOL,FW,Always Ready,26-003,1999,9,9,713,7.9,6,0,6,6,0,0,1,0,0.76,0,0.76,0.76,0.76,Matches
159,Saulo Guerra,boBOL,MF,Nacional Potosí,32-274,1992,6,5,306,3.4,0,1,1,0,0,0,1,0,0,0.29,0.29,0,0.29,Matches
160,Sebastián Guerrero,uyURU,FW,The Strongest,24-265,2000,4,3,218,2.4,0,0,0,0,0,0,2,0,0,0,0,0,0,Matches
161,Adriel Guillermo,boBOL,,Wilstermann,17-029,2008,2,1,92,1,0,0,0,0,0,0,1,0,0,0,0,0,0,Matches
162,Andrés Guillermo,boBOL,MF,Wilstermann,18-255,2006,8,4,362,4,0,0,0,0,0,0,2,0,0,0,0,0,0,Matches
163,Johan Gutiérrez,boBOL,GK,FC Universitario,28-261,1996,2,2,180,2,0,0,0,0,0,0,1,0,0,0,0,0,0,Matches
164,Kevin Gutiérrez,boBOL,FW,San Antonio Bulo Bulo,17-333,2007,8,6,630,7,0,0,0,0,0,0,0,0,0,0,0,0,0,Matches
165,Yerson Gutiérrez,coCOL,FW,ABB,31-146,1994,1,0,6,0.1,0,0,0,0,0,0,0,1,0,0,0,0,0,Matches
166,Hugo Guzmán Vaca,boBOL,FW,The Strongest,19-335,2005,1,0,7,0.1,0,0,0,0,0,0,0,0,0,0,0,0,0,Matches
167,Paulo Henrique,brBRA,FW,ABB,34-077,1991,8,3,393,4.4,0,1,1,0,0,0,3,0,0,0.23,0.23,0,0.23,Matches
168,Mateo Hernández,arARG,MF,Real Tomayapo,26-253,1998,1,0,13,0.1,0,0,0,0,0,0,0,0,0,0,0,0,0,Matches
169,José Herrera,boBOL,FW,Always Ready,22-037,2003,6,2,325,3.6,1,0,1,1,0,0,0,0,0.28,0,0.28,0.28,0.28,Matches
170,Julio Herrera,boBOL,MF,San Antonio Bulo Bulo,26-124,1999,7,5,499,5.5,1,1,2,0,1,1,3,0,0.18,0.18,0.36,0,0.18,Matches
171,Diego Hoyos,boBOL,MF,Nacional Potosí,32-259,1992,8,7,510,5.7,0,1,1,0,0,0,2,0,0,0.18,0.18,0,0.18,Matches
172,Ivan Huayhuata,boBOL,DF,San Antonio Bulo Bulo,36-098,1989,6,5,291,3.2,0,0,0,0,0,0,1,0,0,0,0,0,0,Matches
173,Víctor Hugo Melgar,boBOL,MF,Real Oruro,37-107,1988,7,6,512,5.7,0,1,1,0,0,0,5,1,0,0.18,0.18,0,0.18,Matches
174,Ronaldo Hunacota,,GK,Real Oruro,,,9,8,758,8.4,0,0,0,0,0,0,1,0,0,0,0,0,0,Matches
175,Jhon Jairo Cuéllar,boBOL,GK,Guabirá,25-243,1999,3,3,255,2.8,0,0,0,0,0,0,1,0,0,0,0,0,0,Matches
Rk,Player,Nation,Pos,Squad,Age,Born,MP,Starts,Min,90s,Gls,Ast,G+A,G-PK,PK,PKatt,CrdY,CrdR,Gls,Ast,G+A,G-PK,G+A-PK,Matches
176,Yhon Jairo Villegas,boBOL,DF,Real Oruro,28-133,1997,6,5,453,5,0,0,0,0,0,0,1,0,0,0,0,0,0,Matches
177,Agustin Jara,arARG,DF,FC Universitario,33-014,1992,5,4,372,4.1,1,0,1,1,0,0,2,0,0.24,0,0.24,0.24,0.24,Matches
178,Rashid Joffre,boBOL,FW,Oriente Petrolero,21-095,2004,1,1,62,0.7,0,0,0,0,0,0,0,0,0,0,0,0,0,Matches
179,Adrian Jusino,boBOL,DF,The Strongest,32-341,1992,8,8,720,8,1,1,2,1,0,0,1,0,0.12,0.12,0.25,0.12,0.25,Matches
180,Eduardo Justiniano,,MF,Blooming,,,4,2,263,2.9,0,0,0,0,0,0,1,0,0,0,0,0,0,Matches
181,Leonardo Justiniano,boBOL,DF,San Antonio Bulo Bulo,23-330,2001,6,4,397,4.4,0,0,0,0,0,0,0,0,0,0,0,0,0,Matches
182,Leonel Justiniano,boBOL,MF,Bolívar,32-348,1992,9,9,810,9,3,0,3,3,0,0,3,0,0.33,0,0.33,0.33,0.33,Matches
183,Andrés Landa,boBOL,DF,GV San José,29-139,1996,7,5,478,5.3,1,0,1,1,0,0,1,0,0.19,0,0.19,0.19,0.19,Matches
184,Federico Lanzillota,arARG,GK,Bolívar,32-196,1992,6,6,540,6,0,0,0,0,0,0,1,0,0,0,0,0,0,Matches
185,Julio Lazarte,boBOL,DF,FC Universitario,17-057,2008,1,0,17,0.2,0,0,0,0,0,0,0,0,0,0,0,0,0,Matches
186,Robson Leandro Santos,brBRA,MF,Wilstermann,32-260,1992,8,7,598,6.6,0,0,0,0,0,0,1,0,0,0,0,0,0,Matches
187,Heber Leaños,boBOL,DF,Indep Petrolero,34-361,1990,1,1,60,0.7,0,0,0,0,0,0,0,0,0,0,0,0,0,Matches
188,Joaquín Lencinas,arARG,DF,FC Universitario,37-035,1988,9,9,791,8.8,1,1,2,1,0,0,3,0,0.11,0.11,0.23,0.11,0.23,Matches
189,Daniel Lino,boBOL,DF,The Strongest,23-117,2002,5,3,287,3.2,0,1,1,0,0,0,0,0,0,0.31,0.31,0,0.31,Matches
190,Rodrigo Llano,coCOL,FW,Real Oruro,32-236,1992,7,5,406,4.5,0,0,0,0,0,0,1,0,0,0,0,0,0,Matches
191,Cristian Lopez,boBOL,MF,Indep Petrolero,20-020,2005,6,6,504,5.6,1,0,1,1,0,0,1,1,0.18,0,0.18,0.18,0.18,Matches
192,Johan Lopez,coCOL,GK,Indep Petrolero,21-352,2003,3,2,237,2.6,0,0,0,0,0,0,1,0,0,0,0,0,0,Matches
193,José López,boBOL,FW,The Strongest,21-316,2003,5,1,109,1.2,2,0,2,2,0,0,0,0,1.65,0,1.65,1.65,1.65,Matches
194,Leonel López,mxMEX,MF,The Strongest,31-022,1994,3,0,98,1.1,0,0,0,0,0,0,0,0,0,0,0,0,0,Matches
195,Joel López Pissano,arARG,MF,GV San José,28-160,1997,9,7,647,7.2,4,2,6,4,0,0,1,0,0.56,0.28,0.83,0.56,0.83,Matches
196,Percy Loza,boBOL,MF,Always Ready,27-298,1997,1,0,28,0.3,0,0,0,0,0,0,0,0,0,0,0,0,0,Matches
197,Cristhian Machado,boBOL,MF,Wilstermann,34-360,1990,5,4,336,3.7,0,0,0,0,0,0,3,0,0,0,0,0,0,Matches
198,Juan Magallanes,boBOL,MF,FC Universitario,22-164,2003,6,2,238,2.6,0,0,0,0,0,0,0,0,0,0,0,0,0,Matches
199,Aldair Mamani,boBOL,MF,GV San José,19-334,2005,6,4,390,4.3,0,1,1,0,0,0,2,0,0,0.23,0.23,0,0.23,Matches
200,Josué Mamani,boBOL,MF,Wilstermann,24-299,2000,9,7,583,6.5,1,0,1,1,0,0,3,0,0.15,0,0.15,0.15,0.15,Matches
Rk,Player,Nation,Pos,Squad,Age,Born,MP,Starts,Min,90s,Gls,Ast,G+A,G-PK,PK,PKatt,CrdY,CrdR,Gls,Ast,G+A,G-PK,G+A-PK,Matches
201,Kevin Mamani,boBOL,MF,Real Tomayapo,20-222,2004,2,2,135,1.5,0,0,0,0,0,0,1,0,0,0,0,0,0,Matches
202,Jesús Manuel Sagredo,boBOL,DF,Bolívar,31-097,1994,7,6,511,5.7,0,1,1,0,0,0,5,0,0,0.18,0.18,0,0.18,Matches
203,Jesús Maraude,boBOL,MF,Always Ready,17-133,2008,5,0,127,1.4,0,1,1,0,0,0,0,0,0,0.71,0.71,0,0.71,Matches
204,Rivaldo Maraz,boBOL,MF,Real Tomayapo,22-199,2002,3,0,82,0.9,0,0,0,0,0,0,0,0,0,0,0,0,0,Matches
205,José María Carrasco,boBOL,DF,Real Tomayapo,27-303,1997,2,2,180,2,0,0,0,0,0,0,0,0,0,0,0,0,0,Matches
206,José Martínes,boBOL,FW,San Antonio Bulo Bulo,22-270,2002,8,6,541,6,3,1,4,3,0,1,0,1,0.5,0.17,0.67,0.5,0.67,Matches
207,Yesit Martínez,boBOL,MF,Indep Petrolero,23-135,2002,2,1,135,1.5,0,0,0,0,0,0,0,0,0,0,0,0,0,Matches
208,Nicolas Masskooni,boBOL,MF,Guabirá,21-294,2003,6,4,353,3.9,0,0,0,0,0,0,2,1,0,0,0,0,0,Matches
209,Alejandro Medina,boBOL,FW,GV San José,28-275,1996,1,0,19,0.2,0,0,0,0,0,0,1,0,0,0,0,0,0,Matches
210,Carlos Medina,boBOL,DF,Always Ready,19-256,2005,2,0,52,0.6,0,0,0,0,0,0,0,0,0,0,0,0,0,Matches
211,Diego Medina,boBOL,DF,Always Ready,23-153,2002,7,7,624,6.9,0,0,0,0,0,0,0,0,0,0,0,0,0,Matches
212,John Medina,ecECU,MF,Indep Petrolero,32-245,1992,6,6,526,5.8,0,0,0,0,0,0,6,2,0,0,0,0,0,Matches
213,Alejandro Meleán,boBOL,"DF,MF",Oriente Petrolero,37-364,1987,7,3,384,4.3,0,0,0,0,0,0,2,0,0,0,0,0,0,Matches
214,Antonio Melgar,boBOL,MF,Bolívar,30-223,1994,9,8,697,7.7,2,4,6,2,0,0,1,0,0.26,0.52,0.77,0.26,0.77,Matches
215,Santiago Melgar,boBOL,MF,The Strongest,20-011,2005,2,0,18,0.2,0,0,0,0,0,0,0,0,0,0,0,0,0,Matches
216,Sebastián Melgar,boBOL,FW,Guabirá,23-334,2001,2,0,19,0.2,0,0,0,0,0,0,0,0,0,0,0,0,0,Matches
217,Jhon Mena,boBOL,MF,ABB,25-357,1999,6,4,371,4.1,0,0,0,0,0,0,0,0,0,0,0,0,0,Matches
218,Bruno Méndez,boBOL,MF,Bolívar,18-177,2006,1,1,45,0.5,0,0,0,0,0,0,0,0,0,0,0,0,0,Matches
219,Esdras Mendoza,boBOL,MF,FC Universitario,21-249,2003,9,8,629,7,0,1,1,0,0,0,2,0,0,0.14,0.14,0,0.14,Matches
220,Gustavo Mendoza,boBOL,FW,San Antonio Bulo Bulo,21-035,2004,8,6,613,6.8,0,1,1,0,0,0,0,0,0,0.15,0.15,0,0.15,Matches
221,Miguel Mendoza,pyPAR,FW,Aurora,26-231,1998,8,3,295,3.3,0,0,0,0,0,0,0,0,0,0,0,0,0,Matches
222,Samyr Mendoza,,FW,FC Universitario,,,1,0,8,0.1,0,0,0,0,0,0,0,0,0,0,0,0,0,Matches
223,Alán Mercado,boBOL,FW,Indep Petrolero,28-166,1996,5,0,117,1.3,0,0,0,0,0,0,1,0,0,0,0,0,0,Matches
224,Pablo Meza,pyPAR,DF,ABB,28-137,1997,9,9,810,9,0,0,0,0,0,1,4,0,0,0,0,0,0,Matches
225,Ezequiel Michelli,arARG,DF,GV San José,34-207,1990,2,2,157,1.7,1,0,1,1,0,0,0,0,0.57,0,0.57,0.57,0.57,Matches
Rk,Player,Nation,Pos,Squad,Age,Born,MP,Starts,Min,90s,Gls,Ast,G+A,G-PK,PK,PKatt,CrdY,CrdR,Gls,Ast,G+A,G-PK,G+A-PK,Matches
226,Jonathan Monsalve,coCOL,FW,Real Oruro,26-320,1998,5,2,206,2.3,1,0,1,1,0,0,0,0,0.44,0,0.44,0.44,0.44,Matches
227,Mizael Monteiro,brBRA,DF,ABB,24-207,2000,8,8,720,8,1,0,1,1,0,0,1,0,0.12,0,0.12,0.12,0.12,Matches
228,Leonardo Montenegro,boBOL,DF,Nacional Potosí,20-085,2005,2,2,135,1.5,0,0,0,0,0,0,1,0,0,0,0,0,0,Matches
229,Ronny Montero,boBOL,DF,Guabirá,34-031,1991,3,2,162,1.8,0,0,0,0,0,0,3,0,0,0,0,0,0,Matches
230,Juan Morales,boBOL,GK,Indep Petrolero,18-326,2006,3,3,270,3,0,0,0,0,0,0,0,0,0,0,0,0,0,Matches
231,Andrés Moreno,boBOL,MF,Guabirá,22-249,2002,4,3,252,2.8,0,0,0,0,0,0,3,1,0,0,0,0,0,Matches
232,Saidt Mustafá,boBOL,GK,Nacional Potosí,35-201,1989,5,5,450,5,0,0,0,0,0,0,1,0,0,0,0,0,0,Matches
233,Cristian Nahuel Barco,arARG,MF,Guabirá,24-267,2000,8,5,394,4.4,1,0,1,1,0,0,2,0,0.23,0,0.23,0.23,0.23,Matches
234,Fernando Nava,boBOL,FW,Oriente Petrolero,21-007,2004,7,6,509,5.7,2,1,3,2,0,0,1,0,0.35,0.18,0.53,0.35,0.53,Matches
235,Diego Navarro,boBOL,FW,Indep Petrolero,32-189,1992,6,3,245,2.7,0,0,0,0,0,0,1,0,0,0,0,0,0,Matches
236,Alan Nuñez,,,Real Oruro,,,3,2,181,2,0,0,0,0,0,0,0,0,0,0,0,0,0,Matches
237,Maximiliano Núñez,arARG,"FW,MF",FC Universitario,38-271,1986,9,7,587,6.5,1,2,3,1,0,0,0,0,0.15,0.31,0.46,0.15,0.46,Matches
238,Gustavo Olguín,boBOL,DF,Guabirá,30-214,1994,6,3,369,4.1,0,0,0,0,0,0,1,0,0,0,0,0,0,Matches
239,Juan Orellana,boBOL,DF,Real Tomayapo,27-164,1998,7,7,552,6.1,1,0,1,1,0,0,3,1,0.16,0,0.16,0.16,0.16,Matches
240,Ricardo Orihuela,boBOL,MF,Real Oruro,26-044,1999,9,8,687,7.6,0,3,3,0,0,0,0,0,0,0.39,0.39,0,0.39,Matches
241,Michael Ortega,coCOL,MF,Aurora,34-070,1991,7,4,401,4.5,2,1,3,0,2,2,0,0,0.45,0.22,0.67,0,0.22,Matches
242,Miyhel Ortiz,boBOL,MF,Real Oruro,23-236,2001,5,4,341,3.8,0,0,0,0,0,0,0,0,0,0,0,0,0,Matches
243,Mario Otazú,pyPAR,MF,San Antonio Bulo Bulo,28-345,1996,8,3,274,3,4,0,4,4,0,0,2,0,1.31,0,1.31,1.31,1.31,Matches
244,Rai Pablo Lima,boBOL,MF,Real Tomayapo,25-068,2000,9,8,643,7.1,1,0,1,1,0,0,2,0,0.14,0,0.14,0.14,0.14,Matches
245,Adrian Pacheco,boBOL,MF,Wilstermann,19-348,2005,1,0,27,0.3,0,0,0,0,0,0,0,0,0,0,0,0,0,Matches
246,Celin Padilla,boBOL,DF,Blooming,21-063,2004,4,1,119,1.3,0,0,0,0,0,0,0,0,0,0,0,0,0,Matches
247,Santiago Paiva,uyURU,FW,Guabirá,26-155,1999,3,2,125,1.4,1,0,1,1,0,0,0,0,0.72,0,0.72,0.72,0.72,Matches
248,Duban Palacio,coCOL,MF,Nacional Potosí,28-091,1997,8,3,352,3.9,0,2,2,0,0,0,2,0,0,0.51,0.51,0,0.51,Matches
249,Emanuel Paniagua,boBOL,FW,ABB,19-222,2005,8,1,297,3.3,0,0,0,0,0,0,3,0,0,0,0,0,0,Matches
250,Moises Paniagua,boBOL,MF,Always Ready,17-303,2007,9,9,706,7.8,4,2,6,4,0,0,1,0,0.51,0.25,0.76,0.51,0.76,Matches
Rk,Player,Nation,Pos,Squad,Age,Born,MP,Starts,Min,90s,Gls,Ast,G+A,G-PK,PK,PKatt,CrdY,CrdR,Gls,Ast,G+A,G-PK,G+A-PK,Matches
251,Edwin Pardo,boBOL,DF,Wilstermann,19-150,2006,5,2,194,2.2,0,0,0,0,0,0,0,0,0,0,0,0,0,Matches
252,Luis Pavia,boBOL,MF,Nacional Potosí,26-091,1999,5,2,226,2.5,0,0,0,0,0,0,2,0,0,0,0,0,0,Matches
253,Luiz Paz,boBOL,DF,Bolívar,21-006,2004,5,1,190,2.1,0,0,0,0,0,0,1,0,0,0,0,0,0,Matches
254,Pablo Pedraza,boBOL,DF,The Strongest,30-097,1995,7,7,606,6.7,0,0,0,0,0,0,4,1,0,0,0,0,0,Matches
255,Adrián Peña,boBOL,MF,Wilstermann,21-187,2003,4,1,91,1,0,0,0,0,0,0,1,0,0,0,0,0,0,Matches
256,Schneider Peña,boBOL,FW,GV San José,21-081,2004,2,0,47,0.5,0,0,0,0,0,0,0,0,0,0,0,0,0,Matches
257,José Peñarrieta,boBOL,GK,San Antonio Bulo Bulo,36-209,1988,5,5,450,5,0,0,0,0,0,0,1,0,0,0,0,0,0,Matches
258,Miguel Perea,ecECU,MF,Indep Petrolero,25-179,1999,7,6,472,5.2,0,2,2,0,0,0,1,1,0,0.38,0.38,0,0.38,Matches
259,Gustavo Peredo,boBOL,FW,Guabirá,25-069,2000,6,4,420,4.7,5,0,5,5,0,0,0,0,1.07,0,1.07,1.07,1.07,Matches
260,Danny Pérez,veVEN,"FW,MF",Real Tomayapo,25-143,2000,6,0,139,1.5,0,0,0,0,0,0,1,0,0,0,0,0,0,Matches
261,Denis Pinto,boBOL,FW,Real Tomayapo,29-294,1995,5,3,247,2.7,1,0,1,1,0,0,0,0,0.36,0,0.36,0.36,0.36,Matches
262,Milciades Portillo,pyPAR,DF,Guabirá,33-114,1992,9,9,810,9,0,0,0,0,0,0,1,0,0,0,0,0,0,Matches
263,Franco Posse,uyURU,FW,Blooming,24-267,2000,7,4,411,4.6,1,3,4,1,0,0,0,0,0.22,0.66,0.88,0.22,0.88,Matches
264,Bruno Poveda,boBOL,GK,GV San José,21-236,2003,7,7,630,7,0,0,0,0,0,0,0,0,0,0,0,0,0,Matches
265,Josué Prieto,boBOL,DF,Real Oruro,24-227,2000,2,1,87,1,0,0,0,0,0,0,0,0,0,0,0,0,0,Matches
266,Martín Prost,arARG,FW,Nacional Potosí,35-189,1989,8,6,544,6,5,0,5,5,0,0,1,0,0.83,0,0.83,0.83,0.83,Matches
267,Fabricio Quaglio,boBOL,FW,The Strongest,21-320,2003,1,0,20,0.2,0,0,0,0,0,0,0,0,0,0,0,0,0,Matches
268,Wilson Quiñonez,pyPAR,GK,Oriente Petrolero,36-284,1988,3,3,270,3,0,0,0,0,0,0,1,0,0,0,0,0,0,Matches
269,Jairo Quinteros,boBOL,DF,Bolívar,24-128,2001,5,4,368,4.1,1,0,1,1,0,0,2,0,0.24,0,0.24,0.24,0.24,Matches
270,Alvaro Quiroga,boBOL,MF,The Strongest,29-363,1995,5,4,362,4,1,0,1,1,0,0,0,0,0.25,0,0.25,0.25,0.25,Matches
271,Miguel Quiroga,boBOL,MF,ABB,33-273,1991,6,2,209,2.3,0,0,0,0,0,0,0,0,0,0,0,0,0,Matches
272,Kevin Quiroz,boBOL,MF,Nacional Potosí,20-159,2005,1,0,45,0.5,0,0,0,0,0,0,0,0,0,0,0,0,0,Matches
273,Rafinha,boBOL,MF,Guabirá,33-177,1991,8,8,678,7.5,3,6,9,3,0,0,2,1,0.4,0.8,1.19,0.4,1.19,Matches
274,Denilzon Ramallo,boBOL,FW,Real Tomayapo,27-026,1998,9,9,779,8.7,0,0,0,0,0,0,2,0,0,0,0,0,0,Matches
275,Jhoni Ramallo,boBOL,MF,GV San José,21-056,2004,8,7,629,7,1,1,2,1,0,0,2,0,0.14,0.14,0.29,0.14,0.29,Matches
Rk,Player,Nation,Pos,Squad,Age,Born,MP,Starts,Min,90s,Gls,Ast,G+A,G-PK,PK,PKatt,CrdY,CrdR,Gls,Ast,G+A,G-PK,G+A-PK,Matches
276,Rodrigo Ramallo,boBOL,"FW,MF",Aurora,34-244,1990,8,7,654,7.3,2,2,4,2,0,0,4,0,0.28,0.28,0.55,0.28,0.55,Matches
277,Alex Rambal,coCOL,DF,Always Ready,32-264,1992,7,7,582,6.5,1,0,1,1,0,0,2,1,0.15,0,0.15,0.15,0.15,Matches
278,Rubén Ramírez,veVEN,DF,Bolívar,29-240,1995,6,4,294,3.3,0,0,0,0,0,0,1,0,0,0,0,0,0,Matches
279,Gary Rea,boBOL,FW,ABB,21-350,2003,7,7,497,5.5,0,0,0,0,0,0,4,1,0,0,0,0,0,Matches
280,Jair Reinoso,boBOL,FW,Aurora,40-008,1985,5,4,334,3.7,5,1,6,4,1,1,1,0,1.35,0.27,1.62,1.08,1.35,Matches
281,Luis René Barboza,boBOL,DF,San Antonio Bulo Bulo,32-074,1993,6,4,388,4.3,2,0,2,2,0,0,1,0,0.46,0,0.46,0.46,0.46,Matches
282,Edisson Restrepo,coCOL,DF,Nacional Potosí,28-178,1996,1,1,90,1,0,0,0,0,0,0,0,0,0,0,0,0,0,Matches
283,Anderson Rey,boBOL,FW,Aurora,30-275,1994,2,2,166,1.8,0,0,0,0,0,0,1,0,0,0,0,0,0,Matches
284,Gustavo Ribeiro,brBRA,FW,Real Oruro,22-047,2003,8,7,564,6.3,2,0,2,1,1,1,1,0,0.32,0,0.32,0.16,0.16,Matches
285,Alexis Ribera,boBOL,MF,GV San José,29-304,1995,6,5,431,4.8,0,0,0,0,0,0,2,0,0,0,0,0,0,Matches
286,Carlos Ribera,boBOL,MF,FC Universitario,28-129,1997,6,4,274,3,0,0,0,0,0,0,2,0,0,0,0,0,0,Matches
287,Julio Rivas,,FW,ABB,,,9,7,540,6,2,0,2,2,0,0,2,0,0.33,0,0.33,0.33,0.33,Matches
288,Roberto Rivas,boBOL,GK,GV San José,40-006,1985,2,2,180,2,0,0,0,0,0,0,1,0,0,0,0,0,0,Matches
289,Ademar Rivera,boBOL,MF,Indep Petrolero,29-131,1996,3,3,225,2.5,0,0,0,0,0,0,1,0,0,0,0,0,0,Matches
290,Edwin Rivera Sifuentes,boBOL,MF,Indep Petrolero,35-287,1989,8,8,575,6.4,0,0,0,0,0,0,7,0,0,0,0,0,0,Matches
291,David Robles,pyPAR,DF,Aurora,33-264,1991,9,9,756,8.4,1,0,1,0,1,1,0,0,0.12,0,0.12,0,0,Matches
292,Carlos Roca,boBOL,DF,Nacional Potosí,28-035,1997,2,1,124,1.4,0,0,0,0,0,0,2,1,0,0,0,0,0,Matches
293,Dico Roca,boBOL,DF,GV San José,28-236,1996,5,3,320,3.6,0,0,0,0,0,0,0,0,0,0,0,0,0,Matches
294,Ferddy Roca,boBOL,FW,GV San José,25-083,2000,3,1,97,1.1,0,1,1,0,0,0,0,0,0,0.93,0.93,0,0.93,Matches
295,Jimmy Roca,boBOL,GK,Real Oruro,26-042,1999,1,1,52,0.6,0,0,0,0,0,0,0,0,0,0,0,0,0,Matches
296,Raúl Rocabado,boBOL,MF,ABB,20-309,2004,2,0,47,0.5,0,0,0,0,0,0,0,0,0,0,0,0,0,Matches
297,Yomar Rocha,boBOL,DF,Bolívar,21-357,2003,7,4,256,2.8,1,1,2,1,0,0,0,0,0.35,0.35,0.7,0.35,0.7,Matches
298,Carlitos Rodriguez,boBOL,DF,Always Ready,20-205,2004,3,2,96,1.1,0,0,0,0,0,0,0,0,0,0,0,0,0,Matches
299,Cristopher Rodríguez,veVEN,DF,Oriente Petrolero,27-218,1997,7,7,629,7,0,0,0,0,0,0,3,1,0,0,0,0,0,Matches
300,Fernando Rodríguez,boBOL,MF,Blooming,29-155,1996,1,0,18,0.2,0,0,0,0,0,0,0,0,0,0,0,0,0,Matches
Rk,Player,Nation,Pos,Squad,Age,Born,MP,Starts,Min,90s,Gls,Ast,G+A,G-PK,PK,PKatt,CrdY,CrdR,Gls,Ast,G+A,G-PK,G+A-PK,Matches
301,Hernán Rodríguez,boBOL,DF,San Antonio Bulo Bulo,29-037,1996,6,4,298,3.3,0,1,1,0,0,0,0,0,0,0.3,0.3,0,0.3,Matches
302,Ian Rodríguez,boBOL,DF,Wilstermann,16-144,2009,1,0,17,0.2,0,0,0,0,0,0,0,0,0,0,0,0,0,Matches
303,Patito Rodríguez,arARG,"FW,MF",Bolívar,35-042,1990,8,4,447,5,4,1,5,4,0,0,2,0,0.81,0.2,1.01,0.81,1.01,Matches
304,Francisco Rodriguez Zegada,boBOL,DF,Wilstermann,30-297,1994,4,4,243,2.7,0,0,0,0,0,0,1,1,0,0,0,0,0,Matches
305,Daniel Rojas,boBOL,MF,Oriente Petrolero,25-113,2000,6,6,483,5.4,0,2,2,0,0,0,1,0,0,0.37,0.37,0,0.37,Matches
306,Jairo Rojas,boBOL,FW,Always Ready,18-321,2006,1,0,1,0,0,0,0,0,0,0,1,0,0,0,0,0,0,Matches
307,Jorge Rojas,boBOL,DF,Nacional Potosí,32-129,1993,7,4,323,3.6,0,1,1,0,0,0,0,0,0,0.28,0.28,0,0.28,Matches
308,Junior Romay,boBOL,FW,ABB,31-059,1994,9,9,760,8.4,1,2,3,1,0,0,0,0,0.12,0.24,0.36,0.12,0.36,Matches
309,César Romero,boBOL,DF,Blooming,23-316,2001,3,1,115,1.3,0,0,0,0,0,0,1,0,0,0,0,0,0,Matches
310,Dorny Romero,doDOM,FW,Bolívar,27-142,1998,6,3,297,3.3,2,0,2,2,0,0,0,0,0.61,0,0.61,0.61,0.61,Matches
311,Matías Romero,boBOL,FW,Oriente Petrolero,23-116,2002,1,0,21,0.2,0,0,0,0,0,0,0,0,0,0,0,0,0,Matches
312,Diego Saavedra,boBOL,MF,Indep Petrolero,21-313,2003,1,1,23,0.3,0,0,0,0,0,0,1,0,0,0,0,0,0,Matches
313,Dilan Saavedra,boBOL,MF,The Strongest,19-066,2006,2,1,73,0.8,0,0,0,0,0,0,0,0,0,0,0,0,0,Matches
314,Erwin Saavedra,boBOL,MF,Bolívar,29-113,1996,4,2,198,2.2,2,0,2,2,0,0,1,0,0.91,0,0.91,0.91,0.91,Matches
315,José Sagredo,boBOL,DF,Bolívar,31-097,1994,6,5,439,4.9,0,0,0,0,0,0,6,2,0,0,0,0,0,Matches
316,Axel Salazar,boBOL,FW,Always Ready,20-119,2005,2,0,22,0.2,0,0,0,0,0,0,0,0,0,0,0,0,0,Matches
317,Marcos Salazar,boBOL,MF,ABB,20-244,2004,8,7,526,5.8,2,0,2,2,0,0,5,0,0.34,0,0.34,0.34,0.34,Matches
318,Kevin Salvatierra,boBOL,MF,Oriente Petrolero,23-314,2001,7,5,395,4.4,0,2,2,0,0,0,0,0,0,0.46,0.46,0,0.46,Matches
319,Amílcar Sánchez,boBOL,MF,Aurora,34-143,1991,8,3,286,3.2,0,0,0,0,0,0,2,0,0,0,0,0,0,Matches
320,Erwin Sánchez,boBOL,FW,San Antonio Bulo Bulo,32-327,1992,8,7,536,6,1,2,3,1,0,0,0,0,0.17,0.34,0.5,0.17,0.5,Matches
321,Héctor Sánchez,boBOL,FW,Guabirá,28-052,1997,5,4,303,3.4,0,1,1,0,0,0,1,0,0,0.3,0.3,0,0.3,Matches
322,Huberth Sánchez,coCOL,DF,San Antonio Bulo Bulo,27-206,1997,5,3,319,3.5,0,0,0,0,0,0,1,0,0,0,0,0,0,Matches
323,Rodrigo Saracho,arARG,GK,San Antonio Bulo Bulo,31-160,1994,4,4,360,4,0,0,0,0,0,0,2,0,0,0,0,0,0,Matches
324,Fernando Saucedo,boBOL,MF,Always Ready,35-092,1990,9,9,741,8.2,1,9,10,0,1,1,0,0,0.12,1.09,1.21,0,1.09,Matches
325,Oscar Saucedo,boBOL,DF,Guabirá,19-216,2005,2,1,89,1,0,0,0,0,0,0,1,1,0,0,0,0,0,Matches
Rk,Player,Nation,Pos,Squad,Age,Born,MP,Starts,Min,90s,Gls,Ast,G+A,G-PK,PK,PKatt,CrdY,CrdR,Gls,Ast,G+A,G-PK,G+A-PK,Matches
326,Widen Saucedo,boBOL,DF,San Antonio Bulo Bulo,28-106,1997,7,6,474,5.3,0,1,1,0,0,0,1,0,0,0.19,0.19,0,0.19,Matches
327,Bruno Sávio,brBRA,"FW,MF",Bolívar,30-318,1994,3,1,125,1.4,0,0,0,0,0,0,0,0,0,0,0,0,0,Matches
328,Augusto Seimandi,arARG,DF,GV San José,30-134,1995,9,9,809,9,0,1,1,0,0,0,3,0,0,0.11,0.11,0,0.11,Matches
329,Saúl Severiche,boBOL,DF,Blooming,23-029,2002,4,1,181,2,0,1,1,0,0,0,1,0,0,0.5,0.5,0,0.5,Matches
330,Omar Siles,boBOL,MF,Real Tomayapo,32-212,1992,8,2,289,3.2,0,0,0,0,0,0,1,0,0,0,0,0,0,Matches
331,Thiago Ribeiro da Silva,brBRA,MF,Guabirá,40-143,1985,7,7,518,5.8,0,0,0,0,0,0,2,0,0,0,0,0,0,Matches
332,Brian Sobrero,arARG,MF,Always Ready,26-220,1998,9,1,303,3.4,5,2,7,4,1,1,1,0,1.49,0.59,2.08,1.19,1.78,Matches
333,Wilfredo Soleto,boBOL,MF,Indep Petrolero,29-114,1996,7,7,621,6.9,0,0,0,0,0,0,3,0,0,0,0,0,0,Matches
334,Marcelo Somoya,boBOL,MF,The Strongest,21-108,2004,3,3,163,1.8,0,0,0,0,0,0,0,0,0,0,0,0,0,Matches
335,Wilder Soto,boBOL,FW,Wilstermann,21-149,2004,5,1,128,1.4,0,0,0,0,0,0,0,0,0,0,0,0,0,Matches
336,Richard Spenhay,boBOL,MF,Blooming,27-279,1997,9,9,653,7.3,0,0,0,0,0,0,3,0,0,0,0,0,0,Matches
337,Carlos Suárez,veVEN,MF,San Antonio Bulo Bulo,33-050,1992,6,2,212,2.4,0,0,0,0,0,0,1,0,0,0,0,0,0,Matches
338,Marcelo Suarez,boBOL,DF,Always Ready,23-177,2001,9,9,810,9,0,0,0,0,0,0,1,0,0,0,0,0,0,Matches
339,Fran Supayabe,boBOL,DF,The Strongest,29-154,1996,3,0,31,0.3,0,0,0,0,0,0,1,0,0,0,0,0,0,Matches
340,Enrique Taborga,boBOL,DF,Always Ready,23-073,2002,2,1,91,1,0,0,0,0,0,0,0,0,0,0,0,0,0,Matches
341,Makerlo Tellez,boBOL,MF,Wilstermann,22-236,2002,9,9,728,8.1,0,2,2,0,0,0,3,0,0,0.25,0.25,0,0.25,Matches
342,Renan Terrazas Soliz,boBOL,MF,Always Ready,18-344,2006,1,0,9,0.1,0,0,0,0,0,0,0,0,0,0,0,0,0,Matches
343,Jairo Thomas,boBOL,MF,Real Oruro,25-076,2000,6,6,487,5.4,0,0,0,0,0,0,1,0,0,0,0,0,0,Matches
344,Thomaz,brBRA,MF,Indep Petrolero,39-044,1986,8,8,629,7,2,4,6,1,1,1,2,0,0.29,0.57,0.86,0.14,0.72,Matches
345,Tommy Tobar,coCOL,FW,FC Universitario,38-206,1986,8,7,586,6.5,2,0,2,2,0,0,2,0,0.31,0,0.31,0.31,0.31,Matches
346,Robson Tomé,boBOL,MF,Bolívar,23-028,2002,5,4,306,3.4,0,0,0,0,0,0,0,0,0,0,0,0,0,Matches
347,Mirko Tomianovic,boBOL,MF,Real Tomayapo,23-257,2001,7,2,256,2.8,0,0,0,0,0,0,1,0,0,0,0,0,0,Matches
348,Saúl Torres,boBOL,DF,Nacional Potosí,35-085,1990,8,8,606,6.7,0,0,0,0,0,0,1,0,0,0,0,0,0,Matches
349,Daniel Torrez,boBOL,DF,Real Tomayapo,18-214,2006,6,6,442,4.9,0,0,0,0,0,0,1,0,0,0,0,0,0,Matches
350,Andrés Torrico,boBOL,MF,Nacional Potosí,20-309,2004,7,7,619,6.9,0,0,0,0,0,0,0,0,0,0,0,0,0,Matches
Rk,Player,Nation,Pos,Squad,Age,Born,MP,Starts,Min,90s,Gls,Ast,G+A,G-PK,PK,PKatt,CrdY,CrdR,Gls,Ast,G+A,G-PK,G+A-PK,Matches
351,Dario Torrico,boBOL,MF,Always Ready,24-240,2000,9,9,696,7.7,5,2,7,5,0,0,0,0,0.65,0.26,0.91,0.65,0.91,Matches
352,Didí Torrico,boBOL,MF,Aurora,37-028,1988,9,9,768,8.5,1,0,1,1,0,0,3,0,0.12,0,0.12,0.12,0.12,Matches
353,Jair Torrico,boBOL,DF,Aurora,38-317,1986,8,7,616,6.8,1,3,4,1,0,0,2,0,0.15,0.44,0.58,0.15,0.58,Matches
354,Enrique Triverio,arARG,FW,The Strongest,36-166,1988,8,8,678,7.5,5,1,6,4,1,1,4,1,0.66,0.13,0.8,0.53,0.66,Matches
355,Bismark Ubah,ngNGA,FW,Indep Petrolero,31-161,1994,9,5,531,5.9,3,0,3,3,0,0,2,0,0.51,0,0.51,0.51,0.51,Matches
356,Braulio Uraezaña,boBOL,GK,Blooming,30-081,1995,8,8,720,8,0,0,0,0,0,0,1,0,0,0,0,0,0,Matches
357,Diego Ureña,,,GV San José,,,6,5,420,4.7,0,0,0,0,0,0,1,0,0,0,0,0,0,Matches
358,Luciano Ursino,boBOL,MF,The Strongest,36-227,1988,5,5,376,4.2,0,1,1,0,0,0,4,0,0,0.24,0.24,0,0.24,Matches
359,Javier Uzeda,boBOL,FW,Always Ready,22-319,2002,7,7,374,4.2,0,1,1,0,0,0,0,0,0,0.24,0.24,0,0.24,Matches
360,Angel Vaca,boBOL,MF,San Antonio Bulo Bulo,23-163,2002,2,0,11,0.1,0,0,0,0,0,0,2,0,0,0,0,0,0,Matches
361,Ervin Vaca,boBOL,MF,Bolívar,21-089,2004,5,3,266,3,0,0,0,0,0,0,0,0,0,0,0,0,0,Matches
362,Gonzalo Vaca,boBOL,DF,Guabirá,22-304,2002,5,4,373,4.1,0,0,0,0,0,0,0,0,0,0,0,0,0,Matches
363,Henry Vaca,boBOL,MF,Bolívar,27-139,1998,1,0,7,0.1,0,0,0,0,0,0,0,0,0,0,0,0,0,Matches
364,Leonardo Vaca,boBOL,FW,ABB,29-203,1995,7,4,350,3.9,0,0,0,0,0,0,0,0,0,0,0,0,0,Matches
365,Oscar Vaca,boBOL,MF,Aurora,36-228,1988,3,2,191,2.1,0,0,0,0,0,0,0,0,0,0,0,0,0,Matches
366,Pablo Vaca,boBOL,MF,Oriente Petrolero,23-015,2002,3,1,146,1.6,1,0,1,1,0,0,2,1,0.62,0,0.62,0.62,0.62,Matches
367,Ramiro Vaca,boBOL,MF,Bolívar,25-349,1999,7,6,577,6.4,0,7,7,0,0,0,1,0,0,1.09,1.09,0,1.09,Matches
368,Guido Vadalá,arARG,"FW,MF",Blooming,28-127,1997,9,6,557,6.2,4,1,5,4,0,0,1,0,0.65,0.16,0.81,0.65,0.81,Matches
369,Denilson Valda,boBOL,DF,FC Universitario,27-359,1997,5,1,177,2,0,0,0,0,0,0,1,0,0,0,0,0,0,Matches
370,Yerco Vallejos,boBOL,FW,Real Oruro,30-073,1995,8,6,479,5.3,1,0,1,1,0,1,4,0,0.19,0,0.19,0.19,0.19,Matches
371,Rodrigo Vargas Castillo,boBOL,FW,San Antonio Bulo Bulo,30-239,1994,4,3,220,2.4,1,0,1,1,0,0,0,0,0.41,0,0.41,0.41,0.41,Matches
372,Diego Vargas,,DF,GV San José,,,5,2,165,1.8,0,0,0,0,0,0,0,0,0,0,0,0,0,Matches
373,Fabio Vargas,boBOL,MF,Oriente Petrolero,21-055,2004,1,0,5,0.1,0,0,0,0,0,0,0,0,0,0,0,0,0,Matches
374,Luis Vargas,boBOL,MF,Guabirá,29-135,1996,3,1,86,1,0,0,0,0,0,0,1,0,0,0,0,0,0,Matches
375,Fabricio Vasquez,boBOL,FW,GV San José,22-013,2003,6,3,328,3.6,2,0,2,2,0,0,0,0,0.55,0,0.55,0.55,0.55,Matches
Rk,Player,Nation,Pos,Squad,Age,Born,MP,Starts,Min,90s,Gls,Ast,G+A,G-PK,PK,PKatt,CrdY,CrdR,Gls,Ast,G+A,G-PK,G+A-PK,Matches
376,Erick Veizaga,boBOL,,Wilstermann,18-164,2007,2,0,77,0.9,0,0,0,0,0,0,1,0,0,0,0,0,0,Matches
377,William Velasco,boBOL,MF,Real Oruro,25-055,2000,4,0,52,0.6,0,0,0,0,0,0,2,0,0,0,0,0,0,Matches
378,Emerson Velasquez,boBOL,MF,Indep Petrolero,26-111,1999,6,6,445,4.9,0,0,0,0,0,0,0,1,0,0,0,0,0,Matches
379,Jesus Velasquez,boBOL,,Bolívar,18-284,2006,2,1,79,0.9,0,0,0,0,0,0,0,0,0,0,0,0,0,Matches
380,Jhon Velásquez,boBOL,MF,Bolívar,22-054,2003,8,7,594,6.6,4,5,9,4,0,0,2,0,0.61,0.76,1.36,0.61,1.36,Matches
381,Fellipe Veloso,brBRA,FW,Guabirá,31-144,1994,5,5,360,4,1,0,1,1,0,0,0,1,0.25,0,0.25,0.25,0.25,Matches
382,Jhunior Vera,boBOL,GK,FC Universitario,22-083,2003,7,7,626,7,0,0,0,0,0,0,2,1,0,0,0,0,0,Matches
383,Iván Vidaurre,boBOL,MF,Aurora,38-133,1987,5,3,220,2.4,0,0,0,0,0,0,2,0,0,0,0,0,0,Matches
384,Bruno Vides,arARG,"FW,MF",GV San José,32-115,1993,2,1,118,1.3,1,0,1,0,1,1,0,0,0.76,0,0.76,0,0,Matches
385,Julio Vila,arARG,DF,Real Oruro,29-151,1996,9,9,810,9,0,0,0,0,0,0,1,0,0,0,0,0,0,Matches
386,Damián Villalba,arARG,FW,Indep Petrolero,34-043,1991,8,5,391,4.3,7,0,7,7,0,0,1,0,1.61,0,1.61,1.61,1.61,Matches
387,Jaime Villamil,boBOL,DF,GV San José,32-253,1992,5,3,317,3.5,0,0,0,0,0,0,1,0,0,0,0,0,0,Matches
388,Sergio Villamil,boBOL,MF,GV San José,30-183,1994,7,5,417,4.6,0,0,0,0,0,0,2,1,0,0,0,0,0,Matches
389,Moisés Villarroel Angulo,boBOL,MF,Blooming,26-292,1998,9,8,733,8.1,3,0,3,2,1,1,1,0,0.37,0,0.37,0.25,0.25,Matches
390,Nicolas Villarroel Galindo,boBOL,,Wilstermann,17-271,2007,9,9,810,9,0,0,0,0,0,0,2,0,0,0,0,0,0,Matches
391,Miguel Villarroel,boBOL,FW,Guabirá,22-156,2003,2,0,66,0.7,0,0,0,0,0,0,0,0,0,0,0,0,0,Matches
392,Sebastian Villarroel,boBOL,,San Antonio Bulo Bulo,18-127,2007,3,3,171,1.9,0,0,0,0,0,0,1,0,0,0,0,0,0,Matches
393,Sebastián Viveros,coCOL,MF,San Antonio Bulo Bulo,28-046,1997,5,2,215,2.4,1,0,1,1,0,0,3,0,0.42,0,0.42,0.42,0.42,Matches
394,Leonardo Viviani,boBOL,FW,Aurora,17-267,2007,3,0,60,0.7,0,0,0,0,0,0,0,0,0,0,0,0,0,Matches
395,Wagner,brBRA,MF,FC Universitario,24-280,2000,7,3,290,3.2,0,0,0,0,0,0,0,0,0,0,0,0,0,Matches
396,Willie,brBRA,FW,Indep Petrolero,32-031,1993,5,2,200,2.2,0,0,0,0,0,0,0,1,0,0,0,0,0,Matches
397,Jonathan Yarvi,,MF,Real Tomayapo,,,1,0,8,0.1,0,0,0,0,0,0,0,0,0,0,0,0,0,Matches
398,Fabio Zamora,boBOL,MF,ABB,19-212,2005,3,2,159,1.8,0,0,0,0,0,0,2,1,0,0,0,0,0,Matches
399,Luis Zeballos,boBOL,FW,Oriente Petrolero,23-039,2002,3,2,142,1.6,0,0,0,0,0,0,0,0,0,0,0,0,0,Matches
400,Sebastián Zeballos,arARG,FW,Real Oruro,23-333,2001,9,8,616,6.8,2,1,3,2,0,0,0,0,0.29,0.15,0.44,0.29,0.44,Matches
Rk,Player,Nation,Pos,Squad,Age,Born,MP,Starts,Min,90s,Gls,Ast,G+A,G-PK,PK,PKatt,CrdY,CrdR,Gls,Ast,G+A,G-PK,G+A-PK,Matches
401,Santiago Zotes,boBOL,GK,Wilstermann,20-313,2004,6,6,540,6,0,0,0,0,0,0,0,0,0,0,0,0,0,Matches
402,Alexander Zurita,arARG,DF,Real Oruro,27-247,1997,7,5,493,5.5,1,0,1,1,0,0,1,0,0.18,0,0.18,0.18,0.18,Matches
