Rk,Player,Nation,Position,Squad,Age,Year of birth,Matches Played,Starts,Minutes,90s Played,Goals,Assists,Goals + Assists,Non-Penalty Goals,Penalty Kicks Made,Penalty Kicks Attempted,Yellow Cards,Red Cards,Goals/90,Assists/90,Goals + Assists/90,Non-Penalty Goals/90,Non-Penalty Goals + Assists/90,Matches
1,Diogo Abreu,ptPOR,MF,Loko Plovdiv,21,2003,12,3,471,5.2,1,0,1,1,0,0,3,0,0.19,0,0.19,0.19,0.19,Matches
2,Christopher Acheampong,ghGHA,DF,CSKA 1948,24,2000,12,12,"1,001",11.1,0,0,0,0,0,0,1,0,0,0,0,0,0,Matches
3,Martin Achkov,bgBUL,DF,Botev Vratsa,25,1999,26,24,"2,018",22.4,0,0,0,0,0,0,1,0,0,0,0,0,0,Matches
4,Manny Achol,ssSSD,MF,Septemvri Sofia,24,1999,11,4,451,5,0,0,0,0,0,0,2,0,0,0,0,0,0,Matches
5,Donaldo Açka,alALB,DF,Lokomotiv Sofia,26,1997,17,15,"1,306",14.5,0,0,0,0,0,0,7,1,0,0,0,0,0,Matches
6,Ahmed Ahmedov,bgBUL,FW,FC Spartak Varna,29,1995,19,19,"1,634",18.2,16,1,17,11,5,5,1,0,0.88,0.06,0.94,0.61,0.66,Matches
7,Oktay Ahmedov Hamdiev,bgBUL,FW,PFC Hebar Pazardzhik,24,2000,12,9,628,7,0,0,0,0,0,0,0,1,0,0,0,0,0,Matches
8,Hamza Ait Allal,maMAR,MF,Botev Vratsa,23,2001,14,14,"1,224",13.6,1,0,1,1,0,0,5,0,0.07,0,0.07,0.07,0.07,Matches
9,Burak Akandzha,bgBUL,MF,Arda,15,2008,3,0,14,0.2,0,0,0,0,0,0,0,0,0,0,0,0,0,Matches
10,Gideon Akawa,ghGHA,MF,FC Spartak Varna,23,2000,2,0,34,0.4,0,0,0,0,0,0,0,0,0,0,0,0,0,Matches
11,Samuel Akere,ngNGA,FW,Botev Plovdiv,20,2004,27,21,"1,717",19.1,4,0,4,4,0,0,4,0,0.21,0,0.21,0.21,0.21,Matches
12,Özgur Aksaka,,MF,Arda,21,2003,15,5,409,4.5,0,0,0,0,0,0,1,0,0,0,0,0,0,Matches
13,Madeno Albenas,frFRA,DF,CSKA 1948,22,2002,2,2,135,1.5,0,0,0,0,0,0,1,0,0,0,0,0,0,Matches
14,Aldair,ptPOR,DF,Levski Sofia,24,1999,35,32,"2,742",30.5,3,0,3,3,0,0,5,0,0.1,0,0.1,0.1,0.1,Matches
15,Aleksandar Aleksandrov,bgBUL,FW,FC Spartak Varna,18,2005,1,0,10,0.1,0,0,0,0,0,0,0,0,0,0,0,0,0,Matches
16,Denislav Aleksandrov,bgBUL,MF,Slavia Sofia,27,1997,35,26,"2,129",23.7,4,0,4,4,0,0,3,0,0.17,0,0.17,0.17,0.17,Matches
17,Simeon Aleksandrov,bgBUL,FW,CSKA 1948,20,2003,2,0,33,0.4,0,0,0,0,0,0,0,0,0,0,0,0,0,Matches
18,Alfonso,mzMOZ,"DF,MF",Septemvri Sofia,24,1999,21,10,"1,035",11.5,2,0,2,2,0,0,5,0,0.17,0,0.17,0.17,0.17,Matches
19,Carlos Algarra,esESP,MF,Beroe,24,2000,33,30,"2,766",30.7,0,0,0,0,0,0,10,0,0,0,0,0,0,Matches
20,Dzhuinet Ali,bgBUL,DF,Lokomotiv Sofia,29,1994,13,3,379,4.2,0,0,0,0,0,0,2,0,0,0,0,0,0,Matches
21,Dzhuinet Ali,bgBUL,DF,FK Levski 2005,29,1994,17,12,"1,086",12.1,0,0,0,0,0,0,5,0,0,0,0,0,0,Matches
22,Efe Ali,bgBUL,MF,Loko Plovdiv,21,2003,19,10,902,10,3,0,3,3,0,0,4,1,0.3,0,0.3,0.3,0.3,Matches
23,Saturnin Allagbé,bjBEN,GK,Botev Vratsa,30,1993,3,3,270,3,0,0,0,0,0,0,0,0,0,0,0,0,0,Matches
24,Dinis Almeida,ptPOR,DF,Ludogorets,29,1995,27,25,"2,249",25,2,0,2,2,0,0,1,0,0.08,0,0.08,0.08,0.08,Matches
25,Imanol Alonso,esESP,MF,FK Levski 2005,22,2001,13,6,640,7.1,0,0,0,0,0,0,3,1,0,0,0,0,0,Matches
Rk,Player,Nation,Pos,Squad,Age,Born,MP,Starts,Min,90s,Gls,Ast,G+A,G-PK,PK,PKatt,CrdY,CrdR,Gls,Ast,G+A,G-PK,G+A-PK,Matches
26,Jamal Amofa,nlNED,DF,Botev Plovdiv,25,1998,14,13,"1,173",13,0,0,0,0,0,0,2,0,0,0,0,0,0,Matches
27,Ivan Andonov,bgBUL,GK,Slavia Sofia,20,2003,3,3,270,3,0,0,0,0,0,0,0,0,0,0,0,0,0,Matches
28,Kristiyan Andonov,bgBUL,FW,PFC Hebar Pazardzhik,23,2000,11,1,224,2.5,0,0,0,0,0,0,0,0,0,0,0,0,0,Matches
29,Petar Andreev,bgBUL,MF,Loko Plovdiv,20,2004,7,1,173,1.9,0,0,0,0,0,0,1,0,0,0,0,0,0,Matches
30,Plamen Andreev,bgBUL,GK,Levski Sofia,19,2004,5,5,450,5,0,0,0,0,0,0,0,0,0,0,0,0,0,Matches
31,Yanko Angelov,bgBUL,MF,PFC Hebar Pazardzhik,31,1993,10,6,451,5,0,0,0,0,0,0,2,1,0,0,0,0,0,Matches
32,Ilian Antonov,bgBUL,FW,CSKA Sofia,19,2005,3,0,39,0.4,0,0,0,0,0,0,0,0,0,0,0,0,0,Matches
33,Ante Aralica,hrCRO,FW,Lokomotiv Sofia,28,1996,24,23,"1,930",21.4,16,0,16,13,3,3,3,1,0.75,0,0.75,0.61,0.61,Matches
34,Renan Areias,brBRA,MF,FK Levski 2005,26,1998,2,2,134,1.5,0,0,0,0,0,0,0,0,0,0,0,0,0,Matches
35,Renan Areias,brBRA,MF,Cherno More,26,1998,10,6,483,5.4,0,0,0,0,0,0,1,0,0,0,0,0,0,Matches
36,Valentin Arhipov,bgBUL,FW,Lokomotiv Sofia,16,2008,1,0,35,0.4,0,0,0,0,0,0,0,0,0,0,0,0,0,Matches
37,Zahari Atanasov,bgBUL,MF,Septemvri Sofia,19,2005,4,3,271,3,0,0,0,0,0,0,1,0,0,0,0,0,0,Matches
38,Zhivko Atanasov,bgBUL,DF,Cherno More,33,1991,33,33,"2,947",32.7,2,0,2,2,0,0,1,0,0.06,0,0.06,0.06,0.06,Matches
39,Dimitar Avramov,bgBUL,DF,Botev Plovdiv,24,2000,2,0,64,0.7,0,0,0,0,0,0,0,0,0,0,0,0,0,Matches
40,Martin Bachev,bgBUL,DF,Botev Vratsa,20,2004,22,16,"1,424",15.8,2,0,2,2,0,0,3,0,0.13,0,0.13,0.13,0.13,Matches
41,Preslav Bachev,bgBUL,FW,Levski Sofia,18,2006,9,1,123,1.4,0,1,1,0,0,0,0,0,0,0.73,0.73,0,0.73,Matches
42,Preslav Bachev,bgBUL,FW,Botev Vratsa,18,2006,11,0,149,1.7,0,0,0,0,0,0,1,0,0,0,0,0,0,Matches
43,Everton Bala,brBRA,MF,Levski Sofia,25,1999,36,28,"2,453",27.3,7,1,8,7,0,0,3,0,0.26,0.04,0.29,0.26,0.29,Matches
44,Konstantinos Balogiannis,grGRE,"DF,MF",Botev Plovdiv,25,1999,34,29,"2,604",28.9,0,0,0,0,0,0,10,0,0,0,0,0,0,Matches
45,Kristiyan Balov,bgBUL,FW,Slavia Sofia,18,2006,20,4,631,7,0,0,0,0,0,0,1,0,0,0,0,0,0,Matches
46,Krastyo Banev,bgBUL,FW,Loko Plovdiv,20,2003,6,3,221,2.5,0,0,0,0,0,0,0,0,0,0,0,0,0,Matches
47,Antoine Baroan,frFRA,FW,Ludogorets,24,2000,6,5,394,4.4,1,0,1,1,0,0,0,0,0.23,0,0.23,0.23,0.23,Matches
48,Federico Barrios,coCOL,GK,Botev Vratsa,27,1996,16,16,"1,417",15.7,0,0,0,0,0,0,2,1,0,0,0,0,0,Matches
49,Thierno Barry,gnGUI,FW,Cherno More,24,2000,15,4,608,6.8,0,0,0,0,0,0,2,0,0,0,0,0,0,Matches
50,John Batigi,ghGHA,MF,Botev Plovdiv,18,2006,10,0,151,1.7,1,0,1,1,0,0,2,0,0.6,0,0.6,0.6,0.6,Matches
Rk,Player,Nation,Pos,Squad,Age,Born,MP,Starts,Min,90s,Gls,Ast,G+A,G-PK,PK,PKatt,CrdY,CrdR,Gls,Ast,G+A,G-PK,G+A-PK,Matches
51,Yoan Baurenski,bgBUL,MF,FC Spartak Varna,22,2001,26,25,"2,033",22.6,1,0,1,1,0,0,11,1,0.04,0,0.04,0.04,0.04,Matches
52,Vinicius Belotti,brBRA,DF,Beroe,25,1999,9,4,238,2.6,0,0,0,0,0,0,2,0,0,0,0,0,0,Matches
53,Kevin Bemanga,frFRA,FW,Septemvri Sofia,26,1998,3,2,144,1.6,0,0,0,0,0,0,0,0,0,0,0,0,0,Matches
54,Quentin Bena,frFRA,MF,Botev Vratsa,26,1998,14,12,958,10.6,1,0,1,1,0,0,1,1,0.09,0,0.09,0.09,0.09,Matches
55,Berna,ptPOR,MF,FC Spartak Varna,21,2002,34,21,"1,872",20.8,5,0,5,5,0,0,5,1,0.24,0,0.24,0.24,0.24,Matches
56,Berk Beyhan,bgBUL,FW,Cherno More,19,2004,21,15,"1,175",13.1,1,0,1,1,0,0,6,0,0.08,0,0.08,0.08,0.08,Matches
57,Messie Biatoumoussoka,cgCGO,DF,Botev Vratsa,26,1998,4,3,277,3.1,0,0,0,0,0,0,0,0,0,0,0,0,0,Matches
58,Ryan Bidounga,cgCGO,DF,Lokomotiv Sofia,27,1997,15,15,"1,350",15,2,0,2,2,0,0,5,0,0.13,0,0.13,0.13,0.13,Matches
59,Ryan Bidounga,cgCGO,DF,CSKA 1948,27,1997,9,9,763,8.5,0,0,0,0,0,0,4,1,0,0,0,0,0,Matches
60,Eric Bille,ciCIV,FW,Ludogorets,19,2004,13,6,515,5.7,2,0,2,2,0,0,1,0,0.35,0,0.35,0.35,0.35,Matches
61,Lovro Bizjak,siSVN,FW,Loko Plovdiv,30,1993,13,5,581,6.5,1,0,1,1,0,0,3,0,0.15,0,0.15,0.15,0.15,Matches
62,Tobias Bjørnstad,noNOR,DF,Loko Plovdiv,22,2002,5,3,244,2.7,1,0,1,1,0,0,1,0,0.37,0,0.37,0.37,0.37,Matches
63,Hendrik Bonmann,deGER,GK,Ludogorets,30,1994,17,16,"1,517",16.9,0,0,0,0,0,0,0,0,0,0,0,0,0,Matches
64,Kristiyan Borisov,bgBUL,DF,Lokomotiv Sofia,16,2008,1,0,35,0.4,0,0,0,0,0,0,0,0,0,0,0,0,0,Matches
65,Yoan Bornosuzov,bgBUL,FW,CSKA Sofia,20,2004,5,0,72,0.8,0,0,0,0,0,0,0,0,0,0,0,0,0,Matches
66,Cassiano Bouzon,brBRA,FW,CSKA 1948,23,2001,34,13,"1,526",17,0,0,0,0,0,0,3,0,0,0,0,0,0,Matches
67,Marto Boychev,bgBUL,FW,CSKA 1948,16,2008,22,12,839,9.3,0,0,0,0,0,0,0,0,0,0,0,0,0,Matches
68,Aleks Bozhev,bgBUL,GK,CSKA 1948,19,2005,8,8,720,8,0,0,0,0,0,0,0,0,0,0,0,0,0,Matches
69,Anisse Brrou,maMAR,FW,Lokomotiv Sofia,25,1999,22,18,"1,490",16.6,1,0,1,1,0,0,6,0,0.06,0,0.06,0.06,0.06,Matches
70,Marko Brtan,hrCRO,MF,PFC Hebar Pazardzhik,33,1991,4,4,244,2.7,0,0,0,0,0,0,1,0,0,0,0,0,0,Matches
71,Bruno,brBRA,DF,Lokomotiv Sofia,26,1998,31,29,"2,561",28.5,0,0,0,0,0,0,2,0,0,0,0,0,0,Matches
72,Ilker Budinov,bgBUL,DF,Arda,23,2000,11,5,382,4.2,1,0,1,1,0,0,2,0,0.24,0,0.24,0.24,0.24,Matches
73,Ilker Budinov,bgBUL,DF,PFC Hebar Pazardzhik,23,2000,6,5,366,4.1,0,0,0,0,0,0,1,0,0,0,0,0,0,Matches
74,Gustavo Busatto,brBRA,GK,CSKA Sofia,33,1990,10,10,816,9.1,0,0,0,0,0,0,1,0,0,0,0,0,0,Matches
75,Zymer Bytyqi,noNOR,"FW,MF",CSKA Sofia,27,1996,16,7,693,7.7,3,0,3,3,0,0,0,0,0.39,0,0.39,0.39,0.39,Matches
Rk,Player,Nation,Pos,Squad,Age,Born,MP,Starts,Min,90s,Gls,Ast,G+A,G-PK,PK,PKatt,CrdY,CrdR,Gls,Ast,G+A,G-PK,G+A-PK,Matches
76,Andreas Calcan,roROU,"FW,MF",Cherno More,30,1994,4,2,164,1.8,0,0,0,0,0,0,2,0,0,0,0,0,0,Matches
77,Aguibou Camara,gnGUI,MF,Ludogorets,23,2001,28,13,"1,183",13.1,0,0,0,0,0,0,3,1,0,0,0,0,0,Matches
78,David Cancola,atAUT,MF,PFC Hebar Pazardzhik,27,1996,4,3,190,2.1,0,0,0,0,0,0,2,1,0,0,0,0,0,Matches
79,Thalis Cantanhede,brBRA,MF,CSKA 1948,28,1996,33,33,"2,661",29.6,9,0,9,6,3,3,5,0,0.3,0,0.3,0.2,0.2,Matches
80,Joachim Carcela,beBEL,MF,FK Levski 2005,24,1999,11,8,657,7.3,0,0,0,0,0,0,3,1,0,0,0,0,0,Matches
81,Gonçalo Cardoso,ptPOR,DF,Lokomotiv Sofia,23,2000,1,1,45,0.5,0,0,0,0,0,0,0,0,0,0,0,0,0,Matches
82,Johnathan Carlos Pereira,brBRA,DF,CSKA 1948,29,1995,24,23,"1,949",21.7,1,0,1,1,0,0,2,0,0.05,0,0.05,0.05,0.05,Matches
83,Juan Carlos Pineda,doDOM,MF,Beroe,24,2000,35,33,"2,956",32.8,7,0,7,7,0,0,6,0,0.21,0,0.21,0.21,0.21,Matches
84,Marcelino Carreazo,coCOL,MF,CSKA Sofia,25,1999,28,27,"2,257",25.1,4,0,4,4,0,0,7,0,0.16,0,0.16,0.16,0.16,Matches
85,Matheus Carvalho,brBRA,FW,FK Levski 2005,23,2001,15,11,872,9.7,4,0,4,4,0,0,0,0,0.41,0,0.41,0.41,0.41,Matches
86,Gustavo Cascardo,brBRA,DF,Arda,27,1997,29,22,"2,053",22.8,0,0,0,0,0,0,4,1,0,0,0,0,0,Matches
87,Branimir Ćavar,hrCRO,MF,PFC Hebar Pazardzhik,22,2002,11,1,370,4.1,0,0,0,0,0,0,2,0,0,0,0,0,0,Matches
88,Kevin Ceijas,arARG,FW,Beroe,26,1997,31,22,"2,145",23.8,2,0,2,2,0,0,4,0,0.08,0,0.08,0.08,0.08,Matches
89,Thiago Ceijas,arARG,MF,Beroe,23,2001,11,8,658,7.3,0,0,0,0,0,0,4,0,0,0,0,0,0,Matches
90,Kristian Chachev,bgBUL,MF,Lokomotiv Sofia,18,2006,11,1,214,2.4,0,0,0,0,0,0,0,0,0,0,0,0,0,Matches
91,Asen Chandarov,bgBUL,"FW,MF",Septemvri Sofia,25,1998,25,25,"2,156",24,3,0,3,2,1,1,9,2,0.13,0,0.13,0.08,0.08,Matches
92,Atanas Chernev,bgBUL,DF,Botev Plovdiv,22,2002,21,15,"1,395",15.5,1,0,1,1,0,0,4,0,0.06,0,0.06,0.06,0.06,Matches
93,Ivaylo Chochev,bgBUL,MF,Ludogorets,31,1993,32,23,"2,096",23.3,5,0,5,5,0,0,2,0,0.21,0,0.21,0.21,0.21,Matches
94,Georgi Chorbadzhiyski,bgBUL,MF,CSKA Sofia,19,2004,10,3,367,4.1,1,0,1,1,0,0,0,0,0.25,0,0.25,0.25,0.25,Matches
95,Selman Chouiter,frFRA,FW,PFC Hebar Pazardzhik,23,2001,4,0,73,0.8,0,0,0,0,0,0,0,0,0,0,0,0,0,Matches
96,Hans Christian Bernat,dkDEN,GK,Botev Plovdiv,23,2000,32,32,"2,880",32,0,0,0,0,0,0,4,0,0,0,0,0,0,Matches
97,Tsvetelin Chunchukov,bgBUL,FW,Slavia Sofia,29,1994,14,6,621,6.9,1,0,1,1,0,0,3,0,0.14,0,0.14,0.14,0.14,Matches
98,Thang Chung Chan,bgBUL,MF,Slavia Sofia,16,2007,1,0,29,0.3,0,0,0,0,0,0,0,0,0,0,0,0,0,Matches
99,Gianluca Colla,uyURU,FW,Beroe,23,2001,9,2,247,2.7,0,0,0,0,0,0,1,0,0,0,0,0,0,Matches
100,Antoine Conte,gnGUI,DF,Botev Plovdiv,30,1994,15,15,"1,344",14.9,0,0,0,0,0,0,3,0,0,0,0,0,0,Matches
Rk,Player,Nation,Pos,Squad,Age,Born,MP,Starts,Min,90s,Gls,Ast,G+A,G-PK,PK,PKatt,CrdY,CrdR,Gls,Ast,G+A,G-PK,G+A-PK,Matches
101,Liam Cooper,sctSCO,DF,CSKA Sofia,32,1991,21,18,"1,497",16.6,1,0,1,1,0,0,1,0,0.06,0,0.06,0.06,0.06,Matches
102,Brayan Córdoba,coCOL,DF,CSKA Sofia,24,1999,9,4,519,5.8,0,0,0,0,0,0,2,0,0,0,0,0,0,Matches
103,Adrián Cova,veVEN,DF,FK Levski 2005,23,2001,15,14,"1,241",13.8,0,0,0,0,0,0,3,0,0,0,0,0,0,Matches
104,Jean-Pierre Da Sylva,frFRA,MF,Septemvri Sofia,27,1997,7,3,391,4.3,0,0,0,0,0,0,1,0,0,0,0,0,0,Matches
105,Daniel,brBRA,DF,FK Levski 2005,24,1999,12,4,547,6.1,0,0,0,0,0,0,2,0,0,0,0,0,0,Matches
106,Reyan Daskalov,bgBUL,MF,CSKA 1948,29,1995,21,20,"1,591",17.7,0,0,0,0,0,0,5,0,0,0,0,0,0,Matches
107,Petar Debarliev,bgBUL,GK,PFC Hebar Pazardzhik,33,1991,11,11,990,11,0,0,0,0,0,0,1,0,0,0,0,0,0,Matches
108,Spas Delev,bgBUL,"FW,MF",Lokomotiv Sofia,34,1989,18,17,"1,516",16.8,7,0,7,7,0,0,1,0,0.42,0,0.42,0.42,0.42,Matches
109,Spas Delev,bgBUL,"FW,MF",Ludogorets,34,1989,11,2,306,3.4,2,0,2,2,0,0,1,0,0.59,0,0.59,0.59,0.59,Matches
110,Lumbardh Dellova,xkKVX,DF,CSKA Sofia,25,1999,30,30,"2,665",29.6,1,0,1,1,0,0,5,1,0.03,0,0.03,0.03,0.03,Matches
111,Kellian van der Kaap,nlNED,DF,Levski Sofia,25,1998,29,29,"2,449",27.2,1,0,1,1,0,0,5,0,0.04,0,0.04,0.04,0.04,Matches
112,Siriky Diabaté,ciCIV,DF,Botev Vratsa,21,2002,14,14,"1,260",14,1,0,1,1,0,0,2,0,0.07,0,0.07,0.07,0.07,Matches
113,Siriky Diabaté,ciCIV,DF,Botev Plovdiv,21,2002,3,3,270,3,0,0,0,0,0,0,0,0,0,0,0,0,0,Matches
114,Cheikh Diamanka,esESP,DF,PFC Hebar Pazardzhik,23,2001,16,9,860,9.6,0,0,0,0,0,0,1,0,0,0,0,0,0,Matches
115,Mamadou Diarra,frFRA,DF,Lokomotiv Sofia,25,1998,17,12,"1,038",11.5,2,0,2,2,0,0,1,0,0.17,0,0.17,0.17,0.17,Matches
116,Martin Dichev,bgBUL,DF,Botev Vratsa,23,2000,21,14,"1,377",15.3,0,0,0,0,0,0,1,1,0,0,0,0,0,Matches
117,Svetoslav Dikov,bgBUL,MF,Lokomotiv Sofia,32,1992,36,19,"1,814",20.2,4,0,4,4,0,0,1,0,0.2,0,0.2,0.2,0.2,Matches
118,Boris Dimitrov,bgBUL,FW,CSKA 1948,20,2004,11,3,377,4.2,2,0,2,2,0,0,1,0,0.48,0,0.48,0.48,0.48,Matches
119,Kristian Dimitrov,bgBUL,DF,Levski Sofia,27,1997,27,26,"2,333",25.9,5,0,5,5,0,0,2,0,0.19,0,0.19,0.19,0.19,Matches
120,Radoslav Dimitrov,bgBUL,DF,FC Spartak Varna,35,1988,15,7,558,6.2,0,0,0,0,0,0,3,0,0,0,0,0,0,Matches
121,Daniel Dimov,bgBUL,"DF,MF",Cherno More,35,1989,26,18,"1,586",17.6,0,0,0,0,0,0,6,1,0,0,0,0,0,Matches
122,Dime Dimov,mkMKD,DF,Lokomotiv Sofia,30,1994,19,19,"1,710",19,0,0,0,0,0,0,3,0,0,0,0,0,0,Matches
123,Trung Thanh Nguyen Do,bgBUL,MF,Slavia Sofia,19,2005,31,22,"1,778",19.8,2,0,2,2,0,0,7,1,0.1,0,0.1,0.1,0.1,Matches
124,Kristian Dobrev,bgBUL,FW,FK Levski 2005,23,2001,5,2,258,2.9,0,0,0,0,0,0,1,0,0,0,0,0,0,Matches
125,Viktor Dobrev,bgBUL,MF,Septemvri Sofia,15,2009,1,0,19,0.2,0,0,0,0,0,0,0,0,0,0,0,0,0,Matches
Rk,Player,Nation,Pos,Squad,Age,Born,MP,Starts,Min,90s,Gls,Ast,G+A,G-PK,PK,PKatt,CrdY,CrdR,Gls,Ast,G+A,G-PK,G+A-PK,Matches
126,Asen Donchev,bgBUL,FW,Cherno More,22,2001,32,23,"1,989",22.1,4,0,4,4,0,0,5,0,0.18,0,0.18,0.18,0.18,Matches
127,Gianni dos Santos,cvCPV,FW,Lokomotiv Sofia,25,1998,11,1,187,2.1,0,0,0,0,0,0,1,0,0,0,0,0,0,Matches
128,Mouhamed Dosso,frFRA,MF,Slavia Sofia,22,2002,12,3,448,5,0,0,0,0,0,0,0,0,0,0,0,0,0,Matches
129,Erol Dost,bgBUL,MF,FK Levski 2005,25,1999,31,19,"1,730",19.2,1,0,1,1,0,0,4,0,0.05,0,0.05,0.05,0.05,Matches
130,Valentin Dotsev,bgBUL,MF,Septemvri Sofia,17,2006,2,0,31,0.3,0,0,0,0,0,0,0,0,0,0,0,0,0,Matches
131,Nikolay Drinov,bgBUL,DF,PFC Hebar Pazardzhik,18,2006,2,0,36,0.4,0,0,0,0,0,0,0,0,0,0,0,0,0,Matches
132,Vlatko Drobarov,mkMKD,DF,Cherno More,31,1992,31,31,"2,790",31,3,0,3,3,0,0,5,0,0.1,0,0.1,0.1,0.1,Matches
133,Nikolay Drosev,bgBUL,FW,Septemvri Sofia,25,1999,10,2,328,3.6,0,0,0,0,0,0,0,0,0,0,0,0,0,Matches
134,Kwadwo Duah,chSUI,"FW,MF",Ludogorets,27,1997,25,13,"1,359",15.1,6,0,6,5,1,1,3,0,0.4,0,0.4,0.33,0.33,Matches
135,Deroy Duarte,cvCPV,MF,Ludogorets,25,1999,29,19,"1,794",19.9,1,0,1,1,0,0,2,0,0.05,0,0.05,0.05,0.05,Matches
136,Dudu,brBRA,MF,Cherno More,22,2002,17,14,"1,162",12.9,5,0,5,5,0,0,5,0,0.39,0,0.39,0.39,0.39,Matches
137,Kenan Dünnwald,deGER,MF,PFC Hebar Pazardzhik,28,1995,15,10,957,10.6,3,0,3,3,0,0,4,0,0.28,0,0.28,0.28,0.28,Matches
138,Ivan Dyulgerov,bgBUL,GK,CSKA Sofia,25,1999,17,16,"1,524",16.9,0,0,0,0,0,0,3,0,0,0,0,0,0,Matches
139,Aleksandar Dzhamov,bgBUL,FW,Septemvri Sofia,16,2007,5,1,120,1.3,0,0,0,0,0,0,0,0,0,0,0,0,0,Matches
140,Félix Eboa Eboa,cmCMR,"DF,MF",Arda,27,1997,30,28,"2,529",28.1,3,0,3,3,0,0,3,0,0.11,0,0.11,0.11,0.11,Matches
141,Franck-Landry Elle Essouma,cmCMR,MF,Septemvri Sofia,24,2000,9,5,386,4.3,0,0,0,0,0,0,3,0,0,0,0,0,0,Matches
142,Mark Emilio Papazov,bgBUL,FW,Botev Vratsa,20,2003,13,6,604,6.7,0,0,0,0,0,0,1,1,0,0,0,0,0,Matches
143,Mark Emilio Papazov,bgBUL,FW,CSKA Sofia,20,2003,2,0,13,0.1,0,0,0,0,0,0,0,0,0,0,0,0,0,Matches
144,Enzo Espinoza,arARG,DF,Beroe,23,2001,29,12,"1,245",13.8,1,0,1,1,0,0,4,0,0.07,0,0.07,0.07,0.07,Matches
145,Maicon Esquerdinha,brBRA,DF,Levski Sofia,24,2000,30,30,"2,661",29.6,0,1,1,0,0,0,5,0,0,0.03,0.03,0,0.03,Matches
146,Kufre Eta,cmCMR,MF,CSKA 1948,20,2004,6,6,540,6,1,0,1,1,0,0,1,0,0.17,0,0.17,0.17,0.17,Matches
147,James Eto'o,cmCMR,DF,CSKA Sofia,23,2000,24,20,"1,738",19.3,1,0,1,1,0,0,7,1,0.05,0,0.05,0.05,0.05,Matches
148,James Eto'o,cmCMR,DF,Botev Plovdiv,23,2000,5,3,336,3.7,1,0,1,1,0,0,1,0,0.27,0,0.27,0.27,0.27,Matches
149,Dimitar Evtimov,bgBUL,GK,Botev Vratsa,30,1993,16,16,"1,440",16,0,0,0,0,0,0,2,0,0,0,0,0,0,Matches
150,Ewerton,brBRA,FW,Botev Vratsa,26,1998,15,10,849,9.4,1,0,1,1,0,0,1,0,0.11,0,0.11,0.11,0.11,Matches
Rk,Player,Nation,Pos,Squad,Age,Born,MP,Starts,Min,90s,Gls,Ast,G+A,G-PK,PK,PKatt,CrdY,CrdR,Gls,Ast,G+A,G-PK,G+A-PK,Matches
151,Karl Fabien,mqMTQ,FW,Levski Sofia,23,2000,5,0,139,1.5,0,0,0,0,0,0,0,0,0,0,0,0,0,Matches
152,Karl Fabien,mqMTQ,FW,Slavia Sofia,23,2000,21,19,"1,552",17.2,3,0,3,3,0,0,2,0,0.17,0,0.17,0.17,0.17,Matches
153,Hassimi Fadiaga,gnGUI,FW,Levski Sofia,27,1997,15,4,456,5.1,4,0,4,4,0,0,1,0,0.79,0,0.79,0.79,0.79,Matches
154,Malick Fall,snSEN,MF,FK Levski 2005,21,2002,10,9,747,8.3,0,0,0,0,0,0,2,0,0,0,0,0,0,Matches
155,Enzo Fattahi,frFRA,DF,PFC Hebar Pazardzhik,21,2003,6,2,293,3.3,0,0,0,0,0,0,2,0,0,0,0,0,0,Matches
156,Boubacar Faye Traore,snSEN,FW,Botev Vratsa,27,1997,27,19,"1,690",18.8,2,0,2,2,0,0,2,0,0.11,0,0.11,0.11,0.11,Matches
157,Ismael Ferrer,esESP,MF,Beroe,21,2003,25,17,"1,441",16,1,0,1,1,0,0,2,0,0.06,0,0.06,0.06,0.06,Matches
158,William Fonkeu,beBEL,DF,CSKA 1948,24,1999,7,4,478,5.3,0,0,0,0,0,0,0,0,0,0,0,0,0,Matches
159,William Fonkeu,beBEL,DF,PFC Hebar Pazardzhik,24,1999,17,16,"1,441",16,0,0,0,0,0,0,3,0,0,0,0,0,0,Matches
160,Bertrand Fourrier,frFRA,MF,Septemvri Sofia,26,1997,30,18,"1,795",19.9,5,0,5,5,0,0,4,0,0.25,0,0.25,0.25,0.25,Matches
161,Rafael Furtado,brBRA,FW,FK Levski 2005,24,1999,15,9,767,8.5,1,0,1,1,0,0,4,0,0.12,0,0.12,0.12,0.12,Matches
162,Steve Furtado,cvCPV,DF,CSKA 1948,29,1994,23,16,"1,658",18.4,1,0,1,1,0,0,1,0,0.05,0,0.05,0.05,0.05,Matches
163,Patrik Galchev,bgBUL,DF,Lokomotiv Sofia,23,2001,14,13,"1,090",12.1,1,0,1,1,0,0,0,0,0.08,0,0.08,0.08,0.08,Matches
164,Patrik Galchev,bgBUL,DF,Levski Sofia,23,2001,8,1,183,2,0,0,0,0,0,0,0,0,0,0,0,0,0,Matches
165,Milen Gamakov,bgBUL,MF,PFC Hebar Pazardzhik,30,1994,15,11,"1,062",11.8,0,0,0,0,0,0,5,0,0,0,0,0,0,Matches
166,Hristiyan Ganev,bgBUL,FW,PFC Hebar Pazardzhik,18,2006,2,1,66,0.7,0,0,0,0,0,0,1,0,0,0,0,0,0,Matches
167,Stefan Gavrilov,bgBUL,MF,Beroe,24,2000,9,7,545,6.1,0,0,0,0,0,0,1,0,0,0,0,0,0,Matches
168,Nikola Genchev,bgBUL,FW,Septemvri Sofia,15,2008,1,0,18,0.2,0,0,0,0,0,0,0,0,0,0,0,0,0,Matches
169,Viktor Genev,bgBUL,DF,Slavia Sofia,35,1988,27,9,969,10.8,2,0,2,2,0,0,6,0,0.19,0,0.19,0.19,0.19,Matches
170,Daniel Genov,bgBUL,MF,Botev Vratsa,35,1989,37,31,"2,602",28.9,7,0,7,7,0,0,4,0,0.24,0,0.24,0.24,0.24,Matches
171,Aleksandar Georgiev,bgBUL,MF,FK Levski 2005,26,1997,10,3,296,3.3,0,0,0,0,0,0,0,0,0,0,0,0,0,Matches
172,Aleksandar Georgiev,bgBUL,MF,FC Spartak Varna,26,1997,8,3,293,3.3,0,0,0,0,0,0,0,0,0,0,0,0,0,Matches
173,Asen Georgiev,bgBUL,DF,CSKA 1948,31,1993,7,6,547,6.1,0,0,0,0,0,0,0,0,0,0,0,0,0,Matches
174,Dilyan Georgiev,bgBUL,DF,Botev Vratsa,22,2002,26,18,"1,531",17,1,1,2,1,0,0,6,1,0.06,0.06,0.12,0.06,0.12,Matches
175,Martin Georgiev,bgBUL,DF,Beroe,19,2005,2,0,40,0.4,0,0,0,0,0,0,1,0,0,0,0,0,0,Matches
Rk,Player,Nation,Pos,Squad,Age,Born,MP,Starts,Min,90s,Gls,Ast,G+A,G-PK,PK,PKatt,CrdY,CrdR,Gls,Ast,G+A,G-PK,G+A-PK,Matches
176,Martin Georgiev,bgBUL,DF,Slavia Sofia,18,2005,36,34,"2,990",33.2,1,0,1,1,0,0,5,2,0.03,0,0.03,0.03,0.03,Matches
177,Miroslav Georgiev,bgBUL,FW,Beroe,16,2008,9,1,109,1.2,0,0,0,0,0,0,1,0,0,0,0,0,0,Matches
178,Spas Georgiev,bgBUL,MF,Botev Vratsa,32,1992,21,10,977,10.9,0,0,0,0,0,0,4,0,0,0,0,0,0,Matches
179,Yanko Georgiev,bgBUL,GK,FK Levski 2005,35,1988,37,37,"3,330",37,0,0,0,0,0,0,3,0,0,0,0,0,0,Matches
180,Filip Gigov,bgBUL,FW,Ludogorets,17,2007,2,0,47,0.5,0,0,0,0,0,0,0,0,0,0,0,0,0,Matches
181,Nikola Gigov,bgBUL,MF,PFC Hebar Pazardzhik,17,2007,2,0,46,0.5,0,0,0,0,0,0,0,0,0,0,0,0,0,Matches
182,Santiago Godoy,arARG,FW,Beroe,23,2001,29,29,"2,593",28.8,18,0,18,15,3,3,9,1,0.62,0,0.62,0.52,0.52,Matches
183,Emiliyan Gogev,bgBUL,FW,Lokomotiv Sofia,16,2008,2,0,36,0.4,0,0,0,0,0,0,0,0,0,0,0,0,0,Matches
184,Anatoli Gospodinov,bgBUL,GK,Arda,30,1994,36,36,"3,240",36,0,0,0,0,0,0,7,0,0,0,0,0,0,Matches
185,Angel Granchov,bgBUL,DF,FC Spartak Varna,31,1992,28,26,"2,286",25.4,0,0,0,0,0,0,11,0,0,0,0,0,0,Matches
186,Denny Gropper,ilISR,DF,Ludogorets,25,1999,19,16,"1,359",15.1,0,0,0,0,0,0,0,0,0,0,0,0,0,Matches
187,Yanis Guermouche,frFRA,MF,FK Levski 2005,23,2001,10,4,383,4.3,0,0,0,0,0,0,1,0,0,0,0,0,0,Matches
188,Yanis Guermouche,frFRA,MF,PFC Hebar Pazardzhik,23,2001,15,12,"1,024",11.4,2,0,2,2,0,0,4,0,0.18,0,0.18,0.18,0.18,Matches
189,Peter Guinari,cfCTA,DF,FK Levski 2005,23,2001,14,14,"1,260",14,1,0,1,1,0,0,3,0,0.07,0,0.07,0.07,0.07,Matches
190,Daniel Halachev,bgBUL,FW,FC Spartak Varna,19,2005,5,0,8,0.1,0,0,0,0,0,0,0,0,0,0,0,0,0,Matches
191,Dudu Hatamoto,brBRA,FW,CSKA 1948,20,2003,8,2,250,2.8,0,0,0,0,0,0,1,1,0,0,0,0,0,Matches
192,Martin Haydarov,bgBUL,MF,Loko Plovdiv,21,2003,15,2,353,3.9,1,0,1,1,0,0,2,0,0.25,0,0.25,0.25,0.25,Matches
193,Tobias Heintz,noNOR,"FW,MF",CSKA Sofia,26,1998,13,7,623,6.9,0,0,0,0,0,0,1,0,0,0,0,0,0,Matches
194,Damyan Hristov,bgBUL,GK,Ludogorets,21,2002,1,1,90,1,0,0,0,0,0,0,0,0,0,0,0,0,0,Matches
195,Martin Hristov,bgBUL,DF,Septemvri Sofia,20,2003,30,30,"2,610",29,1,0,1,1,0,0,6,0,0.03,0,0.03,0.03,0.03,Matches
196,Cəlal Hüseynov,azAZE,DF,Arda,21,2003,13,6,586,6.5,0,0,0,0,0,0,2,0,0,0,0,0,0,Matches
197,Nikolay Ichev,bgBUL,FW,PFC Hebar Pazardzhik,16,2008,1,0,6,0.1,0,0,0,0,0,0,0,0,0,0,0,0,0,Matches
198,David Idowu,ngNGA,DF,Arda,24,2000,20,3,570,6.3,1,0,1,1,0,0,3,0,0.16,0,0.16,0.16,0.16,Matches
199,Matvei Igonen,eeEST,GK,Botev Plovdiv,27,1996,4,4,360,4,0,0,0,0,0,0,0,0,0,0,0,0,0,Matches
200,Clement Ikenna,ngNGA,DF,Levski Sofia,21,2003,11,2,346,3.8,0,0,0,0,0,0,1,0,0,0,0,0,0,Matches
Rk,Player,Nation,Pos,Squad,Age,Born,MP,Starts,Min,90s,Gls,Ast,G+A,G-PK,PK,PKatt,CrdY,CrdR,Gls,Ast,G+A,G-PK,G+A-PK,Matches
201,Christian Ilić,hrCRO,MF,FC Spartak Varna,28,1996,28,18,"1,650",18.3,1,0,1,1,0,0,3,0,0.05,0,0.05,0.05,0.05,Matches
202,Dimitar Iliev,bgBUL,"FW,MF",Loko Plovdiv,35,1988,31,26,"2,217",24.6,8,0,8,3,5,5,6,1,0.32,0,0.32,0.12,0.12,Matches
203,Ilian Iliev,bgBUL,MF,CSKA Sofia,24,1999,26,17,"1,380",15.3,3,0,3,3,0,0,5,0,0.2,0,0.2,0.2,0.2,Matches
204,Nikola Iliev,bgBUL,FW,Botev Plovdiv,20,2004,27,8,992,11,1,0,1,1,0,0,5,1,0.09,0,0.09,0.09,0.09,Matches
205,Plamen Iliev,bgBUL,GK,Cherno More,32,1991,36,36,"3,240",36,0,0,0,0,0,0,3,0,0,0,0,0,0,Matches
206,Radoslav Iliev,bgBUL,FW,CSKA 1948,24,2000,2,0,51,0.6,0,0,0,0,0,0,0,0,0,0,0,0,0,Matches
207,Yulian Iliev,bgBUL,MF,CSKA Sofia,19,2004,2,1,102,1.1,0,0,0,0,0,0,0,0,0,0,0,0,0,Matches
208,Mario Ilievski,mkMKD,MF,CSKA 1948,22,2002,29,16,"1,390",15.4,5,0,5,5,0,0,2,0,0.32,0,0.32,0.32,0.32,Matches
209,Ismail Isa,bgBUL,FW,Cherno More,35,1989,28,13,"1,180",13.1,3,0,3,3,0,0,6,0,0.23,0,0.23,0.23,0.23,Matches
210,Arhan Isuf,bgBUL,DF,FK Levski 2005,25,1999,12,9,818,9.1,0,0,0,0,0,0,1,0,0,0,0,0,0,Matches
211,Daniel Ivanov,bgBUL,MF,FC Spartak Varna,22,2002,14,1,222,2.5,0,0,0,0,0,0,2,0,0,0,0,0,0,Matches
212,Galin Ivanov,bgBUL,"FW,MF",Slavia Sofia,36,1988,18,14,"1,117",12.4,0,0,0,0,0,0,5,0,0,0,0,0,0,Matches
213,Galin Ivanov,bgBUL,"FW,MF",Septemvri Sofia,36,1988,17,17,"1,437",16,4,0,4,4,0,0,3,0,0.25,0,0.25,0.25,0.25,Matches
214,Hristo Ivanov,bgBUL,FW,FK Levski 2005,23,2000,7,0,125,1.4,0,0,0,0,0,0,0,0,0,0,0,0,0,Matches
215,Hristo Ivanov,bgBUL,MF,Loko Plovdiv,23,2000,33,28,"2,477",27.5,1,0,1,1,0,0,8,1,0.04,0,0.04,0.04,0.04,Matches
216,Ivaylo Ivanov,bgBUL,MF,Loko Plovdiv,21,2002,34,29,"2,492",27.7,1,0,1,1,0,0,6,0,0.04,0,0.04,0.04,0.04,Matches
217,Georgi Ivanov Karakashev,bgBUL,MF,Loko Plovdiv,25,1999,12,7,684,7.6,1,0,1,1,0,0,3,0,0.13,0,0.13,0.13,0.13,Matches
218,Luka Ivanov,bgBUL,MF,Lokomotiv Sofia,20,2003,14,9,879,9.8,1,0,1,1,0,0,5,0,0.1,0,0.1,0.1,0.1,Matches
219,Stanislav Ivanov,bgBUL,FW,Arda,25,1999,35,35,"3,032",33.7,11,0,11,11,0,0,5,0,0.33,0,0.33,0.33,0.33,Matches
220,Teodor Ivanov,bgBUL,DF,CSKA 1948,20,2004,29,28,"2,397",26.6,0,0,0,0,0,0,1,1,0,0,0,0,0,Matches
221,Vladimir Ivanov,bgBUL,GK,Septemvri Sofia,20,2004,2,2,180,2,0,0,0,0,0,0,0,0,0,0,0,0,0,Matches
222,Chavdar Ivaylov,bgBUL,MF,Botev Vratsa,28,1996,8,5,429,4.8,0,0,0,0,0,0,2,0,0,0,0,0,0,Matches
223,Romeesh Ivey,paPAN,FW,FC Spartak Varna,30,1994,26,24,"2,158",24,3,0,3,3,0,0,7,0,0.13,0,0.13,0.13,0.13,Matches
224,Veljko Jelenković,bgBUL,DF,Slavia Sofia,21,2003,29,25,"2,307",25.6,0,0,0,0,0,0,8,1,0,0,0,0,0,Matches
225,Jawad El Jemili,esESP,FW,Levski Sofia,21,2002,29,20,"1,790",19.9,6,0,6,6,0,0,6,1,0.3,0,0.3,0.3,0.3,Matches
Rk,Player,Nation,Pos,Squad,Age,Born,MP,Starts,Min,90s,Gls,Ast,G+A,G-PK,PK,PKatt,CrdY,CrdR,Gls,Ast,G+A,G-PK,G+A-PK,Matches
226,Jordán,gqEQG,FW,Septemvri Sofia,26,1998,11,5,536,6,1,0,1,1,0,0,0,0,0.17,0,0.17,0.17,0.17,Matches
227,Weslen Júnior,brBRA,FW,Cherno More,24,1999,25,16,"1,485",16.5,2,0,2,1,1,1,6,0,0.12,0,0.12,0.06,0.06,Matches
228,Arian Kabashi,xkKVX,DF,Botev Vratsa,27,1996,15,14,"1,270",14.1,0,0,0,0,0,0,5,0,0,0,0,0,0,Matches
229,Atanas Kabov,bgBUL,MF,PFC Hebar Pazardzhik,25,1999,15,15,"1,201",13.3,3,0,3,1,2,2,2,0,0.22,0,0.22,0.07,0.07,Matches
230,Wabo Kamdem,frFRA,MF,Levski Sofia,21,2002,7,3,354,3.9,1,0,1,1,0,0,2,0,0.25,0,0.25,0.25,0.25,Matches
231,Wabo Kamdem,frFRA,MF,Loko Plovdiv,21,2002,16,15,"1,333",14.8,0,0,0,0,0,0,3,0,0,0,0,0,0,Matches
232,Yanis Karabelyov,bgBUL,MF,Botev Plovdiv,28,1996,31,29,"2,388",26.5,2,0,2,2,0,0,5,1,0.08,0,0.08,0.08,0.08,Matches
233,Bircent Karagaren,bgBUL,"FW,MF",CSKA 1948,31,1992,34,24,"2,226",24.7,3,0,3,3,0,0,5,0,0.12,0,0.12,0.12,0.12,Matches
234,Radoslav Karamanov,bgBUL,DF,CSKA 1948,16,2008,1,0,1,0,0,0,0,0,0,0,0,0,0,0,0,0,0,Matches
235,Christian Kassi,ciCIV,FW,Botev Plovdiv,19,2005,10,1,177,2,0,0,0,0,0,0,0,0,0,0,0,0,0,Matches
236,Bozhidar Katsarov,bgBUL,DF,Lokomotiv Sofia,30,1993,17,17,"1,485",16.5,0,0,0,0,0,0,2,0,0,0,0,0,0,Matches
237,Bozhidar Katsarov,bgBUL,DF,FK Levski 2005,30,1993,18,18,"1,541",17.1,1,0,1,1,0,0,3,1,0.06,0,0.06,0.06,0.06,Matches
238,Ivo Kazakov,bgBUL,FW,Arda,22,2002,8,0,42,0.5,0,0,0,0,0,0,0,0,0,0,0,0,0,Matches
239,Vasil Kazaldzhiev,bgBUL,FW,Slavia Sofia,18,2006,3,0,54,0.6,0,0,0,0,0,0,1,0,0,0,0,0,0,Matches
240,Ibrahim Keïta,frFRA,FW,FK Levski 2005,28,1996,16,9,808,9,1,0,1,1,0,0,2,0,0.11,0,0.11,0.11,0.11,Matches
241,Hyusein Kelyovluev,bgBUL,FW,Ludogorets,24,2000,1,0,3,0,0,0,0,0,0,0,0,0,0,0,0,0,0,Matches
242,Ventsislav Kerchev,bgBUL,DF,Slavia Sofia,27,1997,23,19,"1,704",18.9,3,0,3,3,0,0,4,0,0.16,0,0.16,0.16,0.16,Matches
243,Strahinja Kerkez,cyCYP,DF,Septemvri Sofia,21,2002,5,3,290,3.2,0,0,0,0,0,0,1,1,0,0,0,0,0,Matches
244,Claudiu Keșerü,roROU,FW,Cherno More,37,1986,15,3,536,6,6,0,6,4,2,2,2,0,1.01,0,1.01,0.67,0.67,Matches
245,Radoslav Kirilov,bgBUL,"FW,MF",CSKA 1948,32,1992,29,29,"2,481",27.6,4,0,4,4,0,0,0,0,0.15,0,0.15,0.15,0.15,Matches
246,Aleksandar Kolev,bgBUL,"FW,MF",Levski Sofia,31,1992,29,25,"2,167",24.1,9,1,10,7,2,2,3,0,0.37,0.04,0.42,0.29,0.33,Matches
247,Pa Konate,gnGUI,DF,FC Spartak Varna,30,1994,29,18,"1,521",16.9,0,0,0,0,0,0,3,0,0,0,0,0,0,Matches
248,Danylo Kondrakov,uaUKR,FW,Botev Vratsa,26,1998,15,5,628,7,1,0,1,1,0,0,4,0,0.14,0,0.14,0.14,0.14,Matches
249,Danylo Kondrakov,uaUKR,FW,PFC Hebar Pazardzhik,26,1998,9,2,282,3.1,0,0,0,0,0,0,1,0,0,0,0,0,0,Matches
250,Alen Korošec,siSVN,MF,Botev Plovdiv,22,2001,34,29,"2,367",26.3,1,0,1,1,0,0,5,0,0.04,0,0.04,0.04,0.04,Matches
Rk,Player,Nation,Pos,Squad,Age,Born,MP,Starts,Min,90s,Gls,Ast,G+A,G-PK,PK,PKatt,CrdY,CrdR,Gls,Ast,G+A,G-PK,G+A-PK,Matches
251,Ishan Kort,srSUR,GK,PFC Hebar Pazardzhik,24,2000,7,7,585,6.5,0,0,0,0,0,0,2,0,0,0,0,0,0,Matches
252,Georgi Kostadinov,bgBUL,MF,Levski Sofia,33,1990,11,8,755,8.4,1,0,1,1,0,0,3,0,0.12,0,0.12,0.12,0.12,Matches
253,Kaloyan Kostov,bgBUL,DF,Loko Plovdiv,20,2004,15,14,"1,120",12.4,0,0,0,0,0,0,3,1,0,0,0,0,0,Matches
254,Lyubomir Kostov,bgBUL,FW,Slavia Sofia,19,2005,3,0,26,0.3,0,0,0,0,0,0,1,0,0,0,0,0,0,Matches
255,Lachezar Kotev,bgBUL,MF,Arda,26,1998,29,27,"2,397",26.6,1,0,1,1,0,0,4,0,0.04,0,0.04,0.04,0.04,Matches
256,Svetoslav Kovachev,bgBUL,MF,Arda,26,1998,14,12,882,9.8,4,0,4,4,0,0,5,1,0.41,0,0.41,0.41,0.41,Matches
257,Maksym Kovalov,uaUKR,GK,FC Spartak Varna,24,2000,3,3,270,3,0,0,0,0,0,0,0,0,0,0,0,0,0,Matches
258,Goduine Koyalipou,cfCTA,"FW,MF",CSKA Sofia,24,2000,16,14,"1,239",13.8,14,0,14,13,1,1,0,0,1.02,0,1.02,0.94,0.94,Matches
259,Plamen Krachunov,bgBUL,DF,Arda,35,1989,14,9,751,8.3,2,0,2,2,0,0,3,0,0.24,0,0.24,0.24,0.24,Matches
260,Kaloyan Krastev,bgBUL,FW,PFC Hebar Pazardzhik,25,1999,15,2,278,3.1,1,0,1,1,0,0,1,0,0.32,0,0.32,0.32,0.32,Matches
261,Nikolay Krastev,bgBUL,GK,Slavia Sofia,27,1996,19,19,"1,710",19,0,0,0,0,0,0,3,0,0,0,0,0,0,Matches
262,Kristiyan Kurbanov,bgBUL,MF,FC Spartak Varna,18,2005,1,1,45,0.5,0,0,0,0,0,0,1,0,0,0,0,0,0,Matches
263,Edvin Kurtulus,seSWE,DF,Ludogorets,24,2000,26,23,"2,106",23.4,0,0,0,0,0,0,3,0,0,0,0,0,0,Matches
264,Stéphane Lambèse,htHAI,DF,Lokomotiv Sofia,29,1995,15,15,"1,158",12.9,0,0,0,0,0,0,3,0,0,0,0,0,0,Matches
265,Julien Lamy,frFRA,MF,Loko Plovdiv,24,1999,35,27,"2,225",24.7,8,0,8,7,1,1,3,0,0.32,0,0.32,0.28,0.28,Matches
266,Adrián Lapeña,esESP,DF,CSKA Sofia,28,1996,16,14,"1,303",14.5,1,0,1,1,0,0,1,0,0.07,0,0.07,0.07,0.07,Matches
267,Fyodor Lapoukhov,byBLR,GK,CSKA Sofia,21,2003,10,10,900,10,0,0,0,0,0,0,1,0,0,0,0,0,0,Matches
268,Lazar Lazarov,bgBUL,DF,PFC Hebar Pazardzhik,18,2006,1,0,19,0.2,0,0,0,0,0,0,0,0,0,0,0,0,0,Matches
269,Filip Lesniak,skSVK,MF,FC Spartak Varna,28,1996,35,35,"3,034",33.7,0,0,0,0,0,0,3,0,0,0,0,0,0,Matches
270,Aaron Leya Iseka,beBEL,FW,CSKA Sofia,26,1997,20,7,701,7.8,0,0,0,0,0,0,2,0,0,0,0,0,0,Matches
271,Fábio Lima,brBRA,MF,Levski Sofia,27,1996,20,9,619,6.9,1,0,1,1,0,0,1,1,0.15,0,0.15,0.15,0.15,Matches
272,Jonathan Lindseth,noNOR,MF,CSKA Sofia,28,1996,33,26,"2,284",25.4,2,0,2,2,0,0,4,0,0.08,0,0.08,0.08,0.08,Matches
273,Jason Lokilo,beBEL,MF,CSKA Sofia,25,1998,22,14,"1,071",11.9,1,0,1,1,0,0,4,0,0.08,0,0.08,0.08,0.08,Matches
274,Deyan Lozev,bgBUL,MF,Botev Vratsa,30,1993,16,14,"1,231",13.7,0,0,0,0,0,0,6,0,0,0,0,0,0,Matches
275,Deyan Lozev,bgBUL,MF,FC Spartak Varna,30,1993,14,12,991,11,0,0,0,0,0,0,6,1,0,0,0,0,0,Matches
Rk,Player,Nation,Pos,Squad,Age,Born,MP,Starts,Min,90s,Gls,Ast,G+A,G-PK,PK,PKatt,CrdY,CrdR,Gls,Ast,G+A,G-PK,G+A-PK,Matches
276,Luann,brBRA,MF,CSKA 1948,23,2001,6,4,274,3,0,0,0,0,0,0,1,0,0,0,0,0,0,Matches
277,Martin Lukov,bgBUL,GK,Loko Plovdiv,31,1993,12,12,"1,080",12,0,0,0,0,0,0,3,0,0,0,0,0,0,Matches
278,Angel Lyaskov,bgBUL,DF,Loko Plovdiv,26,1998,31,30,"2,676",29.7,0,0,0,0,0,0,4,1,0,0,0,0,0,Matches
279,Aleksandar Lyubenov,bgBUL,GK,Lokomotiv Sofia,29,1995,36,36,"3,240",36,0,0,0,0,0,0,3,0,0,0,0,0,0,Matches
280,Werick Maciel,brBRA,FW,Beroe,25,1999,14,5,501,5.6,0,1,1,0,0,0,2,0,0,0.18,0.18,0,0.18,Matches
281,Marco Majouga,cfCTA,FW,Botev Vratsa,23,2001,9,0,196,2.2,0,0,0,0,0,0,1,0,0,0,0,0,0,Matches
282,Nabil Makni,tnTUN,FW,PFC Hebar Pazardzhik,22,2001,28,28,"2,446",27.2,9,0,9,8,1,1,7,0,0.33,0,0.33,0.29,0.29,Matches
283,Christian Makoun,veVEN,"DF,MF",Levski Sofia,24,2000,26,23,"2,043",22.7,3,0,3,3,0,0,6,0,0.13,0,0.13,0.13,0.13,Matches
284,Erik Manolkov,bgBUL,FW,Lokomotiv Sofia,18,2005,8,1,117,1.3,0,0,0,0,0,0,1,0,0,0,0,0,0,Matches
285,Aleksa Maraš,meMNE,FW,Botev Plovdiv,22,2001,33,14,"1,422",15.8,5,0,5,4,1,1,5,0,0.32,0,0.32,0.25,0.25,Matches
286,Erick Marcus,brBRA,FW,Ludogorets,20,2004,27,20,"1,635",18.2,8,0,8,8,0,0,1,0,0.44,0,0.44,0.44,0.44,Matches
287,Robert Marijanović,hrCRO,MF,CSKA 1948,21,2002,6,1,211,2.3,0,0,0,0,0,0,1,0,0,0,0,0,0,Matches
288,Lazar Marin,bgBUL,DF,FK Levski 2005,30,1994,30,29,"2,638",29.3,1,0,1,1,0,0,6,1,0.03,0,0.03,0.03,0.03,Matches
289,Borislav Marinov,bgBUL,FW,Septemvri Sofia,19,2005,3,0,100,1.1,0,0,0,0,0,0,0,0,0,0,0,0,0,Matches
290,Borislav Marinov,bgBUL,FW,Botev Plovdiv,19,2005,1,0,5,0.1,0,0,0,0,0,0,0,0,0,0,0,0,0,Matches
291,Dimitar Marinov,bgBUL,FW,Septemvri Sofia,14,2009,1,0,1,0,0,0,0,0,0,0,0,0,0,0,0,0,0,Matches
292,Lyuboslav Marinov,bgBUL,DF,FC Spartak Varna,20,2004,2,0,31,0.3,0,0,0,0,0,0,0,0,0,0,0,0,0,Matches
293,Miroslav Marinov,bgBUL,FW,Botev Vratsa,20,2004,14,3,365,4.1,2,0,2,2,0,0,2,0,0.49,0,0.49,0.49,0.49,Matches
294,Petar Marinov,bgBUL,GK,CSKA 1948,24,2000,23,23,"2,070",23,0,0,0,0,0,0,0,0,0,0,0,0,0,Matches
295,Tsvetoslav Marinov,,MF,FC Spartak Varna,,,4,0,17,0.2,0,0,0,0,0,0,0,0,0,0,0,0,0,Matches
296,Nathan Markelo,cwCUW,"DF,MF",PFC Hebar Pazardzhik,25,1999,16,14,"1,160",12.9,0,0,0,0,0,0,3,0,0,0,0,0,0,Matches
297,Ivaylo Markov,bgBUL,FW,CSKA 1948,19,2004,7,1,179,2,0,0,0,0,0,0,1,0,0,0,0,0,0,Matches
298,Matej Marković,baBIH,GK,Levski Sofia,28,1996,20,20,"1,800",20,0,0,0,0,0,0,2,0,0,0,0,0,0,Matches
299,Dani Martín,esESP,DF,Cherno More,27,1997,27,19,"1,780",19.8,1,0,1,1,0,0,6,0,0.05,0,0.05,0.05,0.05,Matches
300,Emil Martinov,bgBUL,"DF,MF",Slavia Sofia,32,1992,31,14,"1,539",17.1,1,0,1,1,0,0,5,2,0.06,0,0.06,0.06,0.06,Matches
Rk,Player,Nation,Pos,Squad,Age,Born,MP,Starts,Min,90s,Gls,Ast,G+A,G-PK,PK,PKatt,CrdY,CrdR,Gls,Ast,G+A,G-PK,G+A-PK,Matches
301,Róbert Mazáň,skSVK,"DF,MF",PFC Hebar Pazardzhik,30,1994,10,10,900,10,1,0,1,1,0,0,3,0,0.1,0,0.1,0.1,0.1,Matches
302,Vladimir Medved,byBLR,MF,Loko Plovdiv,24,1999,23,11,"1,040",11.6,1,0,1,1,0,0,5,0,0.09,0,0.09,0.09,0.09,Matches
303,El Mehdi Boukassi,dzALG,MF,Botev Vratsa,28,1996,20,17,"1,326",14.7,0,0,0,0,0,0,7,0,0,0,0,0,0,Matches
304,Jordi Merlín,ecECU,DF,Beroe,25,1999,5,5,429,4.8,0,0,0,0,0,0,0,0,0,0,0,0,0,Matches
305,Nikolay Metanov,bgBUL,MF,PFC Hebar Pazardzhik,18,2006,2,1,78,0.9,0,0,0,0,0,0,0,0,0,0,0,0,0,Matches
306,Cătălin Mihai Itu,roROU,MF,FK Levski 2005,24,1999,17,17,"1,439",16,3,0,3,3,0,0,6,1,0.19,0,0.19,0.19,0.19,Matches
307,Ivaylo Mihaylov,bgBUL,FW,Septemvri Sofia,24,2000,3,3,225,2.5,0,0,0,0,0,0,0,0,0,0,0,0,0,Matches
308,Martin Mihaylov,bgBUL,DF,PFC Hebar Pazardzhik,24,2000,17,17,"1,513",16.8,0,0,0,0,0,0,2,0,0,0,0,0,0,Matches
309,Marko Miletic,rsSRB,FW,Slavia Sofia,17,2007,7,2,247,2.7,1,0,1,1,0,0,0,0,0.36,0,0.36,0.36,0.36,Matches
310,Nasko Milev,bgBUL,FW,FK Levski 2005,28,1996,34,16,"1,533",17,2,0,2,1,1,1,4,0,0.12,0,0.12,0.06,0.06,Matches
311,Bojan Milosavljević,chSUI,GK,Loko Plovdiv,26,1998,16,16,"1,440",16,0,0,0,0,0,0,0,0,0,0,0,0,0,Matches
312,Martin Milushev,bgBUL,MF,Cherno More,22,2002,15,5,392,4.4,0,0,0,0,0,0,2,0,0,0,0,0,0,Matches
313,Ivan Minchev,bgBUL,MF,Slavia Sofia,33,1991,31,30,"2,261",25.1,10,0,10,4,6,6,8,0,0.4,0,0.4,0.16,0.16,Matches
314,Nikolay Minkov,bgBUL,MF,Botev Plovdiv,26,1997,32,32,"2,789",31,3,0,3,3,0,0,6,0,0.1,0,0.1,0.1,0.1,Matches
315,Ivaylo Mitev,bgBUL,DF,Beroe,18,2006,3,1,109,1.2,0,0,0,0,0,0,0,0,0,0,0,0,0,Matches
316,Viktor Mitev,bgBUL,"DF,MF",FC Spartak Varna,31,1992,31,18,"1,767",19.6,1,0,1,1,0,0,6,0,0.05,0,0.05,0.05,0.05,Matches
317,Asen Mitkov,bgBUL,MF,Levski Sofia,19,2005,20,7,673,7.5,1,0,1,1,0,0,3,0,0.13,0,0.13,0.13,0.13,Matches
318,Dimitar Mitkov,bgBUL,FW,FC Spartak Varna,24,2000,16,14,"1,217",13.5,3,0,3,3,0,0,1,0,0.22,0,0.22,0.22,0.22,Matches
319,Mitko Mitkov,bgBUL,MF,Septemvri Sofia,23,2000,31,21,"1,909",21.2,1,0,1,1,0,0,6,1,0.05,0,0.05,0.05,0.05,Matches
320,Manuel Monzeglio,uyURU,MF,Beroe,22,2001,3,1,89,1,0,0,0,0,0,0,0,0,0,0,0,0,0,Matches
321,Martin Moran,paPAN,MF,Septemvri Sofia,22,2001,23,16,"1,282",14.2,1,0,1,1,0,0,4,0,0.07,0,0.07,0.07,0.07,Matches
322,Arthur Motta,brBRA,GK,Beroe,22,2001,35,35,"3,150",35,0,0,0,0,0,0,8,0,0,0,0,0,0,Matches
323,Patrik Myslovič,skSVK,MF,Levski Sofia,23,2001,20,10,798,8.9,2,0,2,2,0,0,3,0,0.23,0,0.23,0.23,0.23,Matches
324,Steven N'Guessan,frFRA,MF,FK Levski 2005,24,2000,3,3,186,2.1,0,0,0,0,0,0,2,1,0,0,0,0,0,Matches
325,Pierre-Daniel N'Guinda,frFRA,DF,CSKA 1948,28,1996,1,1,90,1,0,0,0,0,0,0,0,0,0,0,0,0,0,Matches
Rk,Player,Nation,Pos,Squad,Age,Born,MP,Starts,Min,90s,Gls,Ast,G+A,G-PK,PK,PKatt,CrdY,CrdR,Gls,Ast,G+A,G-PK,G+A-PK,Matches
326,Johan N'Zi,mgMAD,MF,Loko Plovdiv,29,1995,7,3,294,3.3,0,0,0,0,0,0,2,0,0,0,0,0,0,Matches
327,Johan N'Zi,mgMAD,MF,PFC Hebar Pazardzhik,29,1995,12,12,991,11,0,0,0,0,0,0,3,1,0,0,0,0,0,Matches
328,Ivaylo Naydenov,bgBUL,MF,Lokomotiv Sofia,26,1998,6,1,111,1.2,0,0,0,0,0,0,1,0,0,0,0,0,0,Matches
329,Ivaylo Naydenov,bgBUL,MF,Slavia Sofia,26,1998,9,0,80,0.9,0,0,0,0,0,0,0,0,0,0,0,0,0,Matches
330,Vladislav Naydenov,bgBUL,FW,Botev Vratsa,22,2001,8,7,498,5.5,0,0,0,0,0,0,4,0,0,0,0,0,0,Matches
331,Baba Ndiaye,ciCIV,FW,Botev Plovdiv,17,2006,1,0,31,0.3,0,0,0,0,0,0,0,0,0,0,0,0,0,Matches
332,Todor Nedelev,bgBUL,MF,Ludogorets,31,1993,7,4,321,3.6,2,0,2,1,1,1,1,0,0.56,0,0.56,0.28,0.28,Matches
333,Anton Nedyalkov,bgBUL,DF,Ludogorets,31,1993,10,8,618,6.9,0,0,0,0,0,0,2,0,0,0,0,0,0,Matches
334,Yulian Nenov,bgBUL,FW,Lokomotiv Sofia,29,1994,19,4,480,5.3,1,0,1,1,0,0,3,0,0.19,0,0.19,0.19,0.19,Matches
335,Nikolay Nikolaev,bgBUL,DF,PFC Hebar Pazardzhik,27,1997,30,25,"2,161",24,1,0,1,1,0,0,6,1,0.04,0,0.04,0.04,0.04,Matches
336,Nikolov Nikolay,bgBUL,DF,Ludogorets,18,2005,2,1,89,1,0,0,0,0,0,0,0,0,0,0,0,0,0,Matches
337,Georgi Nikolov,bgBUL,FW,Botev Plovdiv,22,2002,2,0,33,0.4,0,0,0,0,0,0,0,0,0,0,0,0,0,Matches
338,Valentin Nikolov,bgBUL,FW,Lokomotiv Sofia,20,2003,12,7,594,6.6,0,0,0,0,0,0,2,0,0,0,0,0,0,Matches
339,Valentin Nikolov,bgBUL,FW,Septemvri Sofia,20,2003,5,1,123,1.4,0,0,0,0,0,0,0,0,0,0,0,0,0,Matches
340,Vladimir Nikolov,bgBUL,DF,Slavia Sofia,23,2001,30,26,"2,242",24.9,10,0,10,10,0,0,4,0,0.4,0,0.4,0.4,0.4,Matches
341,Mitchy Ntelo,beBEL,FW,Loko Plovdiv,23,2001,3,2,155,1.7,1,0,1,1,0,0,0,0,0.58,0,0.58,0.58,0.58,Matches
342,Josué Ntoya,frFRA,MF,PFC Hebar Pazardzhik,29,1995,2,2,180,2,0,0,0,0,0,0,0,0,0,0,0,0,0,Matches
343,Kahamba Ntumba,frFRA,GK,CSKA 1948,23,2001,6,6,540,6,0,0,0,0,0,0,0,0,0,0,0,0,0,Matches
344,Christian Nwachukwu,ngNGA,FW,Botev Plovdiv,18,2005,18,15,"1,275",14.2,3,2,5,3,0,0,5,0,0.21,0.14,0.35,0.21,0.35,Matches
345,Sidney Obissa,gaGAB,DF,FK Levski 2005,24,2000,7,7,585,6.5,1,0,1,1,0,0,2,0,0.15,0,0.15,0.15,0.15,Matches
346,Victor Ochayi,ngNGA,MF,Septemvri Sofia,22,2002,32,31,"2,546",28.3,2,0,2,2,0,0,9,0,0.07,0,0.07,0.07,0.07,Matches
347,Octávio,brBRA,MF,Lokomotiv Sofia,30,1993,15,14,"1,084",12,2,0,2,2,0,0,4,0,0.17,0,0.17,0.17,0.17,Matches
348,Octávio,brBRA,MF,CSKA 1948,30,1993,17,5,481,5.3,0,0,0,0,0,0,0,0,0,0,0,0,0,Matches
349,Chinonso Offor,ngNGA,FW,Arda,24,2000,34,31,"2,870",31.9,9,0,9,7,2,2,10,0,0.28,0,0.28,0.22,0.22,Matches
350,Carlos Ohene,ghGHA,MF,Levski Sofia,31,1993,30,22,"1,869",20.8,1,1,2,1,0,0,9,0,0.05,0.05,0.1,0.05,0.1,Matches
Rk,Player,Nation,Pos,Squad,Age,Born,MP,Starts,Min,90s,Gls,Ast,G+A,G-PK,PK,PKatt,CrdY,CrdR,Gls,Ast,G+A,G-PK,G+A-PK,Matches
351,Abraham Ojo,ngNGA,MF,Botev Plovdiv,17,2006,1,0,45,0.5,0,0,0,0,0,0,1,0,0,0,0,0,0,Matches
352,Kubrat Onasci,bgBUL,DF,Septemvri Sofia,18,2006,24,17,"1,469",16.3,1,0,1,1,0,0,2,0,0.06,0,0.06,0.06,0.06,Matches
353,Miki Orachev,bgBUL,DF,Lokomotiv Sofia,28,1996,24,9,984,10.9,0,0,0,0,0,0,3,0,0,0,0,0,0,Matches
354,Derick Osei Yaw,frFRA,FW,Cherno More,25,1998,12,7,632,7,1,0,1,1,0,0,1,0,0.14,0,0.14,0.14,0.14,Matches
355,Valentine Ozornwafor,ngNGA,DF,Septemvri Sofia,25,1999,6,6,510,5.7,0,0,0,0,0,0,2,0,0,0,0,0,0,Matches
356,Carlos Pachamé,arARG,MF,Beroe,23,2001,29,25,"2,195",24.4,0,0,0,0,0,0,9,0,0,0,0,0,0,Matches
357,Edgar Pacheco,ptPOR,MF,Cherno More,24,2000,14,4,490,5.4,0,0,0,0,0,0,0,0,0,0,0,0,0,Matches
358,Sergio Padt,nlNED,GK,Ludogorets,34,1990,19,19,"1,633",18.1,0,0,0,0,0,1,0,0,0,0,0,0,0,Matches
359,Ignacio Pais,arARG,MF,Cherno More,24,2000,14,4,488,5.4,0,0,0,0,0,0,2,0,0,0,0,0,0,Matches
360,Petko Panayotov,bgBUL,MF,CSKA Sofia,19,2005,18,2,402,4.5,1,0,1,1,0,0,0,0,0.22,0,0.22,0.22,0.22,Matches
361,Vasil Panayotov,bgBUL,MF,Cherno More,34,1990,35,35,"3,063",34,2,0,2,2,0,0,3,0,0.06,0,0.06,0.06,0.06,Matches
362,Tsvetomir Panov,bgBUL,DF,Cherno More,35,1989,17,12,"1,000",11.1,1,0,1,1,0,0,3,0,0.09,0,0.09,0.09,0.09,Matches
363,Moi Parra,,,Septemvri Sofia,,,16,10,910,10.1,0,0,0,0,0,0,1,0,0,0,0,0,0,Matches
364,Omar Pašagić,baBIH,MF,PFC Hebar Pazardzhik,26,1997,3,1,66,0.7,0,0,0,0,0,0,0,0,0,0,0,0,0,Matches
365,Martin Paskalev,bgBUL,MF,Loko Plovdiv,22,2001,16,13,"1,220",13.6,1,0,1,1,0,0,4,1,0.07,0,0.07,0.07,0.07,Matches
366,Denis Paskulov,bgBUL,GK,PFC Hebar Pazardzhik,17,2007,1,0,20,0.2,0,0,0,0,0,0,0,0,0,0,0,0,0,Matches
367,Patrick,brBRA,FW,FK Levski 2005,25,1998,6,6,477,5.3,0,0,0,0,0,0,1,0,0,0,0,0,0,Matches
368,Dominik Pavlek,hrCRO,DF,PFC Hebar Pazardzhik,23,2000,10,8,725,8.1,0,0,0,0,0,0,0,1,0,0,0,0,0,Matches
369,Todor Pavlov,bgBUL,DF,Loko Plovdiv,20,2004,21,16,"1,452",16.1,0,0,0,0,0,0,3,0,0,0,0,0,0,Matches
370,Pedrinho,brBRA,MF,Ludogorets,26,1998,25,22,"1,884",20.9,2,0,2,2,0,0,2,0,0.1,0,0.1,0.1,0.1,Matches
371,Kaloyan Pehlivanov,bgBUL,DF,PFC Hebar Pazardzhik,20,2003,10,8,686,7.6,0,0,0,0,0,0,2,0,0,0,0,0,0,Matches
372,Bozhidar Penchev,bgBUL,MF,PFC Hebar Pazardzhik,22,2002,31,26,"2,176",24.2,1,0,1,1,0,0,4,0,0.04,0,0.04,0.04,0.04,Matches
373,Nikolas Penev,bgBUL,FW,Loko Plovdiv,19,2005,11,8,549,6.1,0,0,0,0,0,0,1,0,0,0,0,0,0,Matches
374,Brayan Perea,coCOL,FW,Botev Vratsa,31,1993,29,27,"2,450",27.2,9,0,9,7,2,2,8,0,0.33,0,0.33,0.26,0.26,Matches
375,Juan Perea,coCOL,FW,Loko Plovdiv,24,1999,24,24,"2,058",22.9,5,0,5,5,0,0,9,1,0.22,0,0.22,0.22,0.22,Matches
Rk,Player,Nation,Pos,Squad,Age,Born,MP,Starts,Min,90s,Gls,Ast,G+A,G-PK,PK,PKatt,CrdY,CrdR,Gls,Ast,G+A,G-PK,G+A-PK,Matches
376,Antonio Perera,esESP,MF,Botev Plovdiv,27,1997,10,8,685,7.6,0,0,0,0,0,0,3,0,0,0,0,0,0,Matches
377,Kristiyan Peshov,bgBUL,MF,Loko Plovdiv,27,1997,13,7,680,7.6,0,0,0,0,0,0,1,0,0,0,0,0,0,Matches
378,Dragomir Petkov,bgBUL,GK,Lokomotiv Sofia,26,1998,1,1,90,1,0,0,0,0,0,0,0,0,0,0,0,0,0,Matches
379,Georgi Petkov,bgBUL,GK,Slavia Sofia,48,1976,1,1,90,1,0,0,0,0,0,0,0,0,0,0,0,0,0,Matches
380,Marin Petkov,bgBUL,FW,Levski Sofia,20,2003,34,25,"2,175",24.2,9,0,9,9,0,0,1,0,0.37,0,0.37,0.37,0.37,Matches
381,Mario Petkov,bgBUL,DF,CSKA 1948,27,1996,6,4,357,4,0,0,0,0,0,0,1,0,0,0,0,0,0,Matches
382,Martin Petkov,bgBUL,FW,Loko Plovdiv,21,2002,28,9,"1,111",12.3,0,0,0,0,0,0,3,0,0,0,0,0,0,Matches
383,Mateo Jurić - Petrašilo,hrCRO,DF,FC Spartak Varna,19,2004,32,29,"2,652",29.5,0,0,0,0,0,0,6,0,0,0,0,0,0,Matches
384,Hristiyan Petrov,bgBUL,DF,CSKA Sofia,22,2002,10,8,779,8.7,0,0,0,0,0,0,0,0,0,0,0,0,0,Matches
385,Miloš Petrović,rsSRB,DF,Loko Plovdiv,34,1990,2,0,45,0.5,0,0,0,0,0,0,0,0,0,0,0,0,0,Matches
386,Miloš Petrović,rsSRB,DF,PFC Hebar Pazardzhik,34,1990,15,13,"1,181",13.1,0,0,0,0,0,0,4,0,0,0,0,0,0,Matches
387,Matthias Phaeton,gpGLP,"FW,MF",CSKA Sofia,24,2000,25,15,"1,430",15.9,4,0,4,4,0,0,6,0,0.25,0,0.25,0.25,0.25,Matches
388,Edgar Piloyan,amARM,MF,Botev Plovdiv,19,2004,1,0,27,0.3,0,0,0,0,0,0,0,0,0,0,0,0,0,Matches
389,Michael Pinto,luLUX,"DF,FW",CSKA Sofia,31,1993,21,20,"1,624",18,1,0,1,1,0,0,3,0,0.06,0,0.06,0.06,0.06,Matches
390,Jakub Piotrowski,plPOL,MF,Ludogorets,26,1997,25,20,"1,757",19.5,6,0,6,5,1,1,3,1,0.31,0,0.31,0.26,0.26,Matches
391,Nedeljko Pišćević,rsSRB,MF,CSKA 1948,29,1995,12,11,898,10,1,0,1,1,0,0,0,0,0.1,0,0.1,0.1,0.1,Matches
392,Athanasios Pitsolis,grGRE,DF,Lokomotiv Sofia,25,1999,28,14,"1,348",15,1,0,1,1,0,0,7,0,0.07,0,0.07,0.07,0.07,Matches
393,Ioannis Pittas,cyCYP,FW,CSKA Sofia,28,1996,17,15,"1,306",14.5,7,0,7,6,1,1,2,0,0.48,0,0.48,0.41,0.41,Matches
394,Mihail Polendakov,bgBUL,MF,Septemvri Sofia,17,2007,32,28,"2,361",26.2,0,0,0,0,0,0,3,0,0,0,0,0,0,Matches
395,Danylo Polonskyi,uaUKR,MF,Loko Plovdiv,22,2001,10,1,212,2.4,0,0,0,0,0,0,0,0,0,0,0,0,0,Matches
396,Ivelin Popov,bgBUL,"FW,MF",Botev Plovdiv,36,1987,33,32,"2,664",29.6,6,0,6,6,0,0,5,1,0.2,0,0.2,0.2,0.2,Matches
397,Stefan Popov,bgBUL,FW,FK Levski 2005,21,2002,1,0,5,0.1,0,0,0,0,0,0,0,0,0,0,0,0,0,Matches
398,Viktor Popov,bgBUL,DF,Cherno More,24,2000,32,32,"2,855",31.7,1,0,1,1,0,0,7,0,0.03,0,0.03,0.03,0.03,Matches
399,Franjo Prce,hrCRO,DF,FC Spartak Varna,28,1996,14,14,"1,189",13.2,0,0,0,0,0,0,3,0,0,0,0,0,0,Matches
400,Stanislav Rabotov,bgBUL,DF,FK Levski 2005,22,2002,21,20,"1,782",19.8,0,0,0,0,0,0,1,0,0,0,0,0,0,Matches
Rk,Player,Nation,Pos,Squad,Age,Born,MP,Starts,Min,90s,Gls,Ast,G+A,G-PK,PK,PKatt,CrdY,CrdR,Gls,Ast,G+A,G-PK,G+A-PK,Matches
401,Aykut Ramadan,bgBUL,MF,Slavia Sofia,26,1998,5,0,78,0.9,0,0,0,0,0,0,1,0,0,0,0,0,0,Matches
402,Franco Ramos,arARG,DF,Beroe,26,1997,21,16,"1,404",15.6,0,0,0,0,0,0,5,2,0,0,0,0,0,Matches
403,Tom Rapnouil,mqMTQ,MF,CSKA 1948,23,2001,8,3,398,4.4,0,0,0,0,0,0,0,0,0,0,0,0,0,Matches
404,Celso Raposo,ptPOR,DF,Lokomotiv Sofia,28,1996,32,27,"2,355",26.2,0,1,1,0,0,0,10,1,0,0.04,0.04,0,0.04,Matches
405,Diego Raposo,brBRA,MF,FK Levski 2005,27,1996,16,15,"1,212",13.5,0,0,0,0,0,0,0,0,0,0,0,0,0,Matches
406,Roberto Raychev,bgBUL,FW,Slavia Sofia,18,2005,26,16,"1,302",14.5,5,0,5,5,0,0,1,0,0.35,0,0.35,0.35,0.35,Matches
407,Matijus Remeikis,ltLTU,DF,Botev Plovdiv,21,2003,17,1,306,3.4,0,0,0,0,0,0,3,0,0,0,0,0,0,Matches
408,Rúben Rendeiro,ptPOR,GK,Beroe,24,2000,1,1,90,1,0,0,0,0,0,0,0,0,0,0,0,0,0,Matches
409,Rick,brBRA,"FW,MF",Ludogorets,24,1999,18,16,"1,307",14.5,4,0,4,4,0,0,0,0,0.28,0,0.28,0.28,0.28,Matches
410,Franck Rivollier,frFRA,FW,FC Spartak Varna,23,2001,14,0,186,2.1,0,0,0,0,0,0,1,0,0,0,0,0,0,Matches
411,Felipe Rodríguez Chacartegui,esESP,DF,Beroe,26,1998,11,10,857,9.5,0,0,0,0,0,0,5,1,0,0,0,0,0,Matches
412,Emerson Rodríguez,coCOL,"FW,MF",Ludogorets,23,2000,9,3,266,3,1,0,1,1,0,0,0,0,0.34,0,0.34,0.34,0.34,Matches
413,Márcio Rosa,cvCPV,GK,PFC Hebar Pazardzhik,27,1997,20,19,"1,735",19.3,0,0,0,0,0,0,3,0,0,0,0,0,0,Matches
414,Borislav Rupanov,bgBUL,DF,Levski Sofia,19,2004,1,0,45,0.5,0,0,0,0,0,0,0,0,0,0,0,0,0,Matches
415,Borislav Rupanov,bgBUL,DF,Septemvri Sofia,19,2004,31,30,"2,406",26.7,12,0,12,9,3,3,8,0,0.45,0,0.45,0.34,0.34,Matches
416,Stilyan Rusenov,bgBUL,MF,Beroe,18,2005,7,1,181,2,0,0,0,0,0,0,0,0,0,0,0,0,0,Matches
417,Georgi Rusev,bgBUL,FW,Ludogorets,26,1998,23,7,792,8.8,1,0,1,1,0,0,1,0,0.11,0,0.11,0.11,0.11,Matches
418,Iliya Rusinov,bgBUL,MF,PFC Hebar Pazardzhik,30,1993,12,7,593,6.6,0,0,0,0,0,0,1,0,0,0,0,0,0,Matches
419,Rwan,brBRA,FW,Ludogorets,23,2001,18,13,"1,029",11.4,10,0,10,10,0,0,1,0,0.87,0,0.87,0.87,0.87,Matches
420,Francisco Sagardía,uyURU,FW,Beroe,22,2002,4,1,99,1.1,0,0,0,0,0,0,0,0,0,0,0,0,0,Matches
421,Emanuel Sakic,atAUT,"DF,MF",CSKA Sofia,33,1991,1,0,8,0.1,0,0,0,0,0,0,0,0,0,0,0,0,0,Matches
422,Alberto Salido,esESP,MF,Beroe,24,2000,30,23,"1,881",20.9,9,0,9,8,1,1,3,0,0.43,0,0.43,0.38,0.38,Matches
423,Juan Salomoni,arARG,DF,Beroe,26,1997,30,29,"2,587",28.7,0,0,0,0,0,0,2,1,0,0,0,0,0,Matches
424,Mustapha Sangaré,mlMLI,FW,Levski Sofia,25,1998,34,20,"1,988",22.1,7,0,7,7,0,0,5,0,0.32,0,0.32,0.32,0.32,Matches
425,Lucas Santana,brBRA,DF,FK Levski 2005,26,1998,8,8,654,7.3,0,0,0,0,0,0,2,0,0,0,0,0,0,Matches
Rk,Player,Nation,Pos,Squad,Age,Born,MP,Starts,Min,90s,Gls,Ast,G+A,G-PK,PK,PKatt,CrdY,CrdR,Gls,Ast,G+A,G-PK,G+A-PK,Matches
426,Sainey Sanyang,gmGAM,DF,CSKA Sofia,21,2003,14,8,816,9.1,2,0,2,2,0,0,2,0,0.22,0,0.22,0.22,0.22,Matches
427,Oier Sarriegi,esESP,DF,Beroe,27,1997,30,19,"1,822",20.2,1,0,1,1,0,0,6,0,0.05,0,0.05,0.05,0.05,Matches
428,Xandro Schenk,nlNED,DF,Septemvri Sofia,31,1993,23,22,"2,025",22.5,5,0,5,5,0,0,2,0,0.22,0,0.22,0.22,0.22,Matches
429,Paolo Sciortino,frFRA,MF,CSKA 1948,20,2003,16,6,576,6.4,0,0,0,0,0,0,3,0,0,0,0,0,0,Matches
430,Quentin Seedorf,nlNED,DF,Slavia Sofia,23,2000,23,17,"1,499",16.7,2,0,2,2,0,0,1,0,0.12,0,0.12,0.12,0.12,Matches
431,Jorge Segura,coCOL,DF,Loko Plovdiv,27,1997,31,31,"2,752",30.6,1,0,1,1,0,0,12,0,0.03,0,0.03,0.03,0.03,Matches
432,Martin Sekulić,hrCRO,FW,Botev Plovdiv,25,1999,3,2,178,2,2,0,2,2,0,0,0,0,1.01,0,1.01,1.01,1.01,Matches
433,Ayman Sellouf,maMAR,MF,FK Levski 2005,22,2001,10,6,430,4.8,0,0,0,0,0,0,0,0,0,0,0,0,0,Matches
434,Jordan Semedo,frFRA,DF,Slavia Sofia,21,2003,19,16,"1,468",16.3,2,0,2,2,0,0,2,0,0.12,0,0.12,0.12,0.12,Matches
435,Kleri Serber,frFRA,MF,Septemvri Sofia,26,1998,24,18,"1,573",17.5,1,0,1,1,0,0,6,0,0.06,0,0.06,0.06,0.06,Matches
436,Yevhenii Serdiuk,uaUKR,FW,CSKA 1948,26,1998,27,19,"1,641",18.2,8,0,8,7,1,1,8,1,0.44,0,0.44,0.38,0.38,Matches
437,João Sérgio,ptPOR,DF,Beroe,21,2003,16,16,"1,274",14.2,0,0,0,0,0,0,1,0,0,0,0,0,0,Matches
438,Vidol Seymenski,bgBUL,MF,Loko Plovdiv,21,2003,3,1,100,1.1,0,0,0,0,0,0,2,0,0,0,0,0,0,Matches
439,Dimitar Sheytanov,bgBUL,GK,Septemvri Sofia,25,1999,35,35,"3,150",35,0,0,0,0,0,0,7,0,0,0,0,0,0,Matches
440,Andre Shinyashiki,brBRA,"FW,MF",Arda,29,1995,6,1,160,1.8,0,0,0,0,0,0,0,0,0,0,0,0,0,Matches
441,Simeon Shishkov,bgBUL,DF,Ludogorets,18,2006,1,1,90,1,0,0,0,0,0,0,0,0,0,0,0,0,0,Matches
442,Stanislav Shopov,bgBUL,MF,CSKA Sofia,22,2002,30,23,"1,879",20.9,6,0,6,6,0,0,4,0,0.29,0,0.29,0.29,0.29,Matches
443,Marcílio Silva,brBRA,FW,Loko Plovdiv,24,2000,14,11,783,8.7,0,0,0,0,0,0,4,0,0,0,0,0,0,Matches
444,Matej Šimić,hrCRO,DF,FK Levski 2005,28,1995,19,19,"1,710",19,0,0,0,0,0,0,2,0,0,0,0,0,0,Matches
445,Olaus Skarsem,noNOR,MF,CSKA Sofia,26,1998,24,17,"1,406",15.6,1,0,1,1,0,0,2,0,0.06,0,0.06,0.06,0.06,Matches
446,Simeon Slavchev,bgBUL,MF,Lokomotiv Sofia,30,1993,10,10,753,8.4,0,0,0,0,0,0,2,0,0,0,0,0,0,Matches
447,Martin Smolenski,bgBUL,FW,Botev Vratsa,21,2003,31,18,"1,576",17.5,3,0,3,3,0,0,4,1,0.17,0,0.17,0.17,0.17,Matches
448,Son,esESP,DF,Ludogorets,30,1994,29,25,"2,277",25.3,5,0,5,5,0,0,1,0,0.2,0,0.2,0.2,0.2,Matches
449,Martin Sorakov,bgBUL,FW,Slavia Sofia,20,2003,1,0,16,0.2,0,0,0,0,0,0,0,0,0,0,0,0,0,Matches
450,Mazire Soula,frFRA,FW,Cherno More,26,1998,30,28,"2,465",27.4,7,0,7,5,2,2,5,1,0.26,0,0.26,0.18,0.18,Matches
Rk,Player,Nation,Pos,Squad,Age,Born,MP,Starts,Min,90s,Gls,Ast,G+A,G-PK,PK,PKatt,CrdY,CrdR,Gls,Ast,G+A,G-PK,G+A-PK,Matches
451,Luciano Squadrone,arARG,DF,Beroe,24,1999,30,29,"2,526",28.1,2,0,2,2,0,0,5,0,0.07,0,0.07,0.07,0.07,Matches
452,Krasimir Stanoev,bgBUL,MF,Lokomotiv Sofia,29,1994,35,35,"2,987",33.2,3,0,3,3,0,0,5,0,0.09,0,0.09,0.09,0.09,Matches
453,Stefan Statev,bgBUL,FW,Arda,21,2003,27,1,294,3.3,0,0,0,0,0,0,3,0,0,0,0,0,0,Matches
454,Georgi Staykov,bgBUL,MF,PFC Hebar Pazardzhik,24,1999,10,6,573,6.4,0,0,0,0,0,0,3,0,0,0,0,0,0,Matches
455,Iliyan Stefanov,bgBUL,MF,Levski Sofia,25,1998,14,4,410,4.6,3,0,3,3,0,0,1,0,0.66,0,0.66,0.66,0.66,Matches
456,Metodiy Stefanov,bgBUL,MF,Ludogorets,23,2000,1,0,12,0.1,0,0,0,0,0,0,0,0,0,0,0,0,0,Matches
457,Rosen Stefanov,bgBUL,DF,Cherno More,21,2002,12,6,591,6.6,0,0,0,0,0,0,2,0,0,0,0,0,0,Matches
458,Patryk Stępiński,plPOL,DF,Loko Plovdiv,29,1995,16,15,"1,309",14.5,0,0,0,0,0,0,5,1,0,0,0,0,0,Matches
459,Faustas Steponavičius,ltLTU,FW,Septemvri Sofia,20,2004,9,4,429,4.8,0,0,0,0,0,0,0,0,0,0,0,0,0,Matches
460,Emil Stoev,bgBUL,MF,Slavia Sofia,28,1996,26,9,972,10.8,1,0,1,1,0,0,2,0,0.09,0,0.09,0.09,0.09,Matches
461,Milen Stoev,bgBUL,DF,Arda,24,1999,6,3,320,3.6,0,0,0,0,0,0,2,0,0,0,0,0,0,Matches
462,Milen Stoev,bgBUL,DF,FC Spartak Varna,24,1999,12,12,993,11,1,0,1,1,0,0,3,0,0.09,0,0.09,0.09,0.09,Matches
463,Borislav Stoichkov,bgBUL,DF,Septemvri Sofia,16,2008,1,0,1,0,0,0,0,0,0,0,0,0,0,0,0,0,0,Matches
464,Antoan Stoyanov,bgBUL,MF,Botev Vratsa,19,2005,24,14,"1,061",11.8,1,0,1,1,0,0,3,0,0.08,0,0.08,0.08,0.08,Matches
465,Kristiyan Stoyanov,bgBUL,DF,Slavia Sofia,21,2003,28,25,"1,995",22.2,1,0,1,1,0,0,8,0,0.05,0,0.05,0.05,0.05,Matches
466,Felix Strauß,atAUT,DF,FC Spartak Varna,23,2001,11,10,963,10.7,2,0,2,2,0,0,4,0,0.19,0,0.19,0.19,0.19,Matches
467,Kaloyan Strinski,bgBUL,MF,CSKA 1948,18,2005,4,1,116,1.3,1,0,1,1,0,0,0,0,0.78,0,0.78,0.78,0.78,Matches
468,David Suárez,esESP,DF,Botev Vratsa,23,2000,32,32,"2,772",30.8,2,0,2,2,0,0,4,0,0.06,0,0.06,0.06,0.06,Matches
469,Sanasi Sy,frFRA,DF,FK Levski 2005,25,1999,8,5,414,4.6,0,0,0,0,0,0,4,1,0,0,0,0,0,Matches
470,Joonas Tamm,eeEST,"DF,FW",Botev Plovdiv,32,1992,29,29,"2,508",27.9,0,1,1,0,0,0,1,2,0,0.04,0.04,0,0.04,Matches
471,Georgi Tartov,bgBUL,MF,FK Levski 2005,25,1998,11,4,440,4.9,0,0,0,0,0,0,3,0,0,0,0,0,0,Matches
472,Georgi Tartov,bgBUL,MF,PFC Hebar Pazardzhik,25,1998,14,9,711,7.9,0,0,0,0,0,0,3,0,0,0,0,0,0,Matches
473,Ivan Tasev,bgBUL,FW,CSKA Sofia,22,2002,11,2,295,3.3,2,0,2,2,0,0,1,0,0.61,0,0.61,0.61,0.61,Matches
474,Toni Tasev,bgBUL,MF,Slavia Sofia,30,1994,1,1,59,0.7,0,0,0,0,0,0,0,0,0,0,0,0,0,Matches
475,Breno Teixeira,brBRA,MF,Cherno More,22,2002,19,7,629,7,1,0,1,1,0,0,1,0,0.14,0,0.14,0.14,0.14,Matches
Rk,Player,Nation,Pos,Squad,Age,Born,MP,Starts,Min,90s,Gls,Ast,G+A,G-PK,PK,PKatt,CrdY,CrdR,Gls,Ast,G+A,G-PK,G+A-PK,Matches
476,Diogo Teixeira,ptPOR,MF,Lokomotiv Sofia,25,1999,20,18,"1,524",16.9,2,0,2,2,0,0,3,0,0.12,0,0.12,0.12,0.12,Matches
477,Bernard Tekpetey,ghGHA,"FW,MF",Ludogorets,26,1997,2,2,120,1.3,1,0,1,0,1,1,0,0,0.75,0,0.75,0,0,Matches
478,Georgi Terziev,bgBUL,DF,Ludogorets,32,1992,2,0,3,0,0,0,0,0,0,0,0,0,0,0,0,0,0,Matches
479,Radoslav Terziev,bgBUL,DF,PFC Hebar Pazardzhik,29,1994,15,13,"1,108",12.3,0,0,0,0,0,0,3,0,0,0,0,0,0,Matches
480,Ivan Tilev,bgBUL,FW,Arda,25,1999,32,24,"2,060",22.9,3,0,3,3,0,0,3,0,0.13,0,0.13,0.13,0.13,Matches
481,Stiliyan Tisovski,bgBUL,MF,PFC Hebar Pazardzhik,20,2003,2,0,24,0.3,0,0,0,0,0,0,0,0,0,0,0,0,0,Matches
482,Matías Tissera,arARG,FW,Ludogorets,27,1996,5,1,105,1.2,0,0,0,0,0,0,0,0,0,0,0,0,0,Matches
483,Boris Todev,bgBUL,MF,Arda,16,2008,1,0,7,0.1,1,0,1,1,0,0,0,0,12.86,0,12.86,12.86,12.86,Matches
484,Angel Todorov,bgBUL,DF,Lokomotiv Sofia,18,2006,1,0,11,0.1,0,0,0,0,0,0,0,0,0,0,0,0,0,Matches
485,Boris Todorov,bgBUL,MF,Slavia Sofia,17,2007,2,1,95,1.1,0,0,0,0,0,0,0,0,0,0,0,0,0,Matches
486,Ertan Tombak,bgBUL,DF,Slavia Sofia,25,1999,32,30,"2,688",29.9,0,0,0,0,0,0,4,0,0,0,0,0,0,Matches
487,Kristian Tomov,bgBUL,GK,Loko Plovdiv,21,2002,9,9,810,9,0,0,0,0,0,0,3,0,0,0,0,0,0,Matches
488,Dimitar Tonev,bgBUL,MF,Botev Plovdiv,22,2001,3,0,22,0.2,0,0,0,0,0,0,0,0,0,0,0,0,0,Matches
489,Dimitar Tonev,bgBUL,MF,Cherno More,22,2001,14,9,737,8.2,2,0,2,2,0,0,0,0,0.24,0,0.24,0.24,0.24,Matches
490,Mario Topuzov,bgBUL,MF,CSKA 1948,25,1999,2,0,56,0.6,0,0,0,0,0,0,2,0,0,0,0,0,0,Matches
491,Gianni Touma,arARG,FW,Beroe,25,1999,15,3,470,5.2,0,0,0,0,0,0,1,0,0,0,0,0,0,Matches
492,Steve Traoré,bjBEN,FW,Lokomotiv Sofia,26,1998,14,3,590,6.6,0,0,0,0,0,0,1,0,0,0,0,0,0,Matches
493,Gašper Trdin,siSVN,MF,Levski Sofia,26,1998,8,3,270,3,0,0,0,0,0,0,2,0,0,0,0,0,0,Matches
494,Vinni Triboulet,frFRA,FW,Botev Plovdiv,25,1999,26,18,"1,594",17.7,5,0,5,5,0,0,1,0,0.28,0,0.28,0.28,0.28,Matches
495,Emil Tsenov,bgBUL,MF,CSKA 1948,22,2002,32,29,"2,667",29.6,1,0,1,1,0,0,5,0,0.03,0,0.03,0.03,0.03,Matches
496,Paolo Tsenov,,DF,Botev Vratsa,,,1,0,1,0,0,0,0,0,0,0,0,0,0,0,0,0,0,Matches
497,Borislav Tsonev,bgBUL,MF,Arda,29,1995,36,35,"2,989",33.2,4,0,4,4,0,0,8,0,0.12,0,0.12,0.12,0.12,Matches
498,Stefan Tsonkov,bgBUL,DF,Botev Vratsa,29,1995,20,20,"1,800",20,0,0,0,0,0,0,2,0,0,0,0,0,0,Matches
499,Stefan Tsonkov,bgBUL,DF,PFC Hebar Pazardzhik,29,1995,15,15,"1,350",15,0,0,0,0,0,0,2,0,0,0,0,0,0,Matches
500,Juvhel Tsoumou,cgCGO,FW,PFC Hebar Pazardzhik,33,1990,9,3,257,2.9,0,0,0,0,0,0,1,0,0,0,0,0,0,Matches
Rk,Player,Nation,Pos,Squad,Age,Born,MP,Starts,Min,90s,Gls,Ast,G+A,G-PK,PK,PKatt,CrdY,CrdR,Gls,Ast,G+A,G-PK,G+A-PK,Matches
501,Wenderson Tsunami,brBRA,MF,Levski Sofia,28,1996,30,28,"2,538",28.2,0,0,0,0,0,0,4,0,0,0,0,0,0,Matches
502,Momchil Tsvetanov,bgBUL,MF,FK Levski 2005,33,1990,34,25,"2,221",24.7,1,0,1,0,1,1,1,1,0.04,0,0.04,0,0,Matches
503,Aleksandar Tsvetkov,bgBUL,MF,FC Spartak Varna,33,1990,34,22,"2,138",23.8,0,0,0,0,0,0,3,0,0,0,0,0,0,Matches
504,Ivan Turitsov,bgBUL,DF,CSKA Sofia,25,1999,25,12,"1,248",13.9,0,0,0,0,0,0,4,0,0,0,0,0,0,Matches
505,Boris Tyutyukov,bgBUL,FW,Arda,26,1997,11,2,194,2.2,0,0,0,0,0,0,0,0,0,0,0,0,0,Matches
506,Anthony Ujah,ngNGA,FW,Botev Plovdiv,33,1990,1,1,67,0.7,0,0,0,0,0,0,0,0,0,0,0,0,0,Matches
507,Ehije Ukaki,ngNGA,DF,Botev Plovdiv,19,2004,34,27,"2,139",23.8,7,0,7,7,0,0,7,0,0.29,0,0.29,0.29,0.29,Matches
508,Parvizdzhon Umarbayev,tjTJK,MF,Loko Plovdiv,29,1994,16,15,"1,110",12.3,2,0,2,1,1,1,3,0,0.16,0,0.16,0.08,0.08,Matches
509,Parvizdzhon Umarbayev,tjTJK,MF,CSKA 1948,29,1994,12,8,714,7.9,2,0,2,2,0,0,2,0,0.25,0,0.25,0.25,0.25,Matches
510,Toma Ushagelov,bgBUL,FW,PFC Hebar Pazardzhik,22,2002,11,1,150,1.7,1,0,1,1,0,0,0,0,0.6,0,0.6,0.6,0.6,Matches
511,Ivan Uzunov,bgBUL,MF,Loko Plovdiv,20,2004,1,0,1,0,0,0,0,0,0,0,0,0,0,0,0,0,0,Matches
512,Viktorio Valkov,bgBUL,DF,Beroe,18,2006,10,5,439,4.9,0,0,0,0,0,0,0,0,0,0,0,0,0,Matches
513,Mariyan Vangelov,bgBUL,MF,Botev Plovdiv,21,2003,1,0,45,0.5,0,0,0,0,0,0,0,0,0,0,0,0,0,Matches
514,Georgi Varbanov,bgBUL,DF,Septemvri Sofia,23,2000,31,23,"2,010",22.3,0,0,0,0,0,0,4,1,0,0,0,0,0,Matches
515,Artem Varganov,ruRUS,DF,Slavia Sofia,19,2004,2,2,180,2,0,0,0,0,0,0,0,0,0,0,0,0,0,Matches
516,Ivan Vasilev,bgBUL,FW,Botev Vratsa,23,2001,8,2,210,2.3,0,0,0,0,0,0,0,0,0,0,0,0,0,Matches
517,Lyubomir Vasilev,bgBUL,GK,Botev Vratsa,18,2005,3,2,201,2.2,0,0,0,0,0,0,0,0,0,0,0,0,0,Matches
518,Simeon Vasilev,bgBUL,DF,CSKA 1948,18,2005,2,2,180,2,0,0,0,0,0,0,1,0,0,0,0,0,0,Matches
519,Velislav Vasilev,bgBUL,MF,Cherno More,23,2001,8,1,153,1.7,0,0,0,0,0,0,1,0,0,0,0,0,0,Matches
520,Tiago Veiga,ptPOR,FW,FK Levski 2005,23,2000,15,11,933,10.4,0,0,0,0,0,0,0,0,0,0,0,0,0,Matches
521,Kostadin Velchev,,DF,PFC Hebar Pazardzhik,,,6,2,197,2.2,0,0,0,0,0,0,0,0,0,0,0,0,0,Matches
522,Stefan Velev,bgBUL,MF,Botev Vratsa,35,1989,12,1,317,3.5,0,0,0,0,0,0,0,0,0,0,0,0,0,Matches
523,Nikola Velichkovski,mkMKD,FW,Septemvri Sofia,18,2005,13,1,225,2.5,0,0,0,0,0,0,2,1,0,0,0,0,0,Matches
524,Martin Velickov,bgBUL,GK,FC Spartak Varna,24,1999,32,32,"2,863",31.8,0,0,0,0,0,0,4,0,0,0,0,0,0,Matches
525,Viacheslav Veliev,uaUKR,FW,Arda,24,2000,14,14,"1,260",14,0,0,0,0,0,0,2,0,0,0,0,0,0,Matches
Rk,Player,Nation,Pos,Squad,Age,Born,MP,Starts,Min,90s,Gls,Ast,G+A,G-PK,PK,PKatt,CrdY,CrdR,Gls,Ast,G+A,G-PK,G+A-PK,Matches
526,Viacheslav Veliev,uaUKR,FW,FK Levski 2005,24,2000,13,11,"1,040",11.6,0,0,0,0,0,0,1,0,0,0,0,0,0,Matches
527,Dimitar Velkovski,bgBUL,"DF,MF",Arda,29,1995,30,27,"2,394",26.6,2,0,2,2,0,0,8,0,0.08,0,0.08,0.08,0.08,Matches
528,Olivier Verdon,bjBEN,DF,Ludogorets,28,1995,27,24,"2,142",23.8,3,0,3,2,1,1,6,0,0.13,0,0.13,0.08,0.08,Matches
529,Caio Vidal,brBRA,"FW,MF",Ludogorets,23,2000,31,22,"1,959",21.8,4,0,4,4,0,0,2,1,0.18,0,0.18,0.18,0.18,Matches
530,Nikola Videnov,bgBUL,GK,FC Spartak Varna,22,2002,2,1,107,1.2,0,0,0,0,0,0,0,0,0,0,0,0,0,Matches
531,Ivaylo Videv,bgBUL,DF,Botev Plovdiv,18,2006,9,2,259,2.9,0,0,0,0,0,0,3,0,0,0,0,0,0,Matches
532,Toni Vidović,hrCRO,FW,PFC Hebar Pazardzhik,25,1999,1,0,45,0.5,0,0,0,0,0,0,0,0,0,0,0,0,0,Matches
533,Thibaut Vion,frFRA,"DF,FW",CSKA Sofia,30,1993,32,29,"2,642",29.4,2,0,2,2,0,0,6,0,0.07,0,0.07,0.07,0.07,Matches
534,Petar Vitanov,bgBUL,MF,CSKA 1948,29,1995,22,17,"1,452",16.1,4,0,4,4,0,0,3,0,0.25,0,0.25,0.25,0.25,Matches
535,Vitinho,brBRA,FW,Septemvri Sofia,22,2002,29,11,"1,055",11.7,1,0,1,1,0,0,2,0,0.09,0,0.09,0.09,0.09,Matches
536,Emil Viyachki,bgBUL,DF,Arda,34,1990,33,33,"2,937",32.6,0,0,0,0,0,0,4,1,0,0,0,0,0,Matches
537,Boze Vukoja,baBIH,MF,PFC Hebar Pazardzhik,26,1998,4,4,322,3.6,0,0,0,0,0,0,0,0,0,0,0,0,0,Matches
538,Dušan Vuković,meMNE,MF,PFC Hebar Pazardzhik,21,2003,25,15,"1,256",14,3,0,3,3,0,0,3,0,0.21,0,0.21,0.21,0.21,Matches
539,Antonio Vutov,bgBUL,"FW,MF",FC Spartak Varna,28,1996,31,26,"2,273",25.3,7,0,7,5,2,2,8,0,0.28,0,0.28,0.2,0.2,Matches
540,Svetoslav Vutsov,bgBUL,GK,Levski Sofia,22,2002,11,11,990,11,0,0,0,0,0,0,2,0,0,0,0,0,0,Matches
541,Svetoslav Vutsov,bgBUL,GK,Slavia Sofia,22,2002,14,14,"1,260",14,0,0,0,0,0,0,0,0,0,0,0,0,0,Matches
542,Aslak Witry,noNOR,DF,Ludogorets,28,1996,27,20,"1,858",20.6,1,0,1,1,0,0,2,0,0.05,0,0.05,0.05,0.05,Matches
543,Xande,brBRA,MF,FC Spartak Varna,23,2001,14,5,511,5.7,2,0,2,2,0,0,1,0,0.35,0,0.35,0.35,0.35,Matches
544,Aleksandar Yanchev,bgBUL,FW,FC Spartak Varna,20,2004,2,0,48,0.5,0,0,0,0,0,0,0,0,0,0,0,0,0,Matches
545,Andrey Yordanov,bgBUL,FW,Botev Plovdiv,22,2001,19,12,"1,127",12.5,1,0,1,1,0,0,2,0,0.08,0,0.08,0.08,0.08,Matches
546,Ivan Yordanov,bgBUL,MF,Ludogorets,23,2000,18,6,623,6.9,0,0,0,0,0,0,2,0,0,0,0,0,0,Matches
547,Tonislav Yordanov,bgBUL,FW,Arda,25,1998,35,32,"2,608",29,11,0,11,11,0,0,5,1,0.38,0,0.38,0.38,0.38,Matches
548,Stanislav Yovkov,bgBUL,DF,Beroe,16,2007,7,6,466,5.2,0,0,0,0,0,0,2,0,0,0,0,0,0,Matches
549,Kristiyan Yovov,bgBUL,MF,Botev Vratsa,18,2006,1,0,1,0,0,0,0,0,0,0,0,0,0,0,0,0,0,Matches
550,Oktay Yusein,bgBUL,FW,FK Levski 2005,24,2000,15,1,239,2.7,0,0,0,0,0,0,0,0,0,0,0,0,0,Matches
Rk,Player,Nation,Pos,Squad,Age,Born,MP,Starts,Min,90s,Gls,Ast,G+A,G-PK,PK,PKatt,CrdY,CrdR,Gls,Ast,G+A,G-PK,G+A-PK,Matches
551,Serkan Yusein,bgBUL,MF,Arda,28,1996,14,5,520,5.8,0,0,0,0,0,0,4,0,0,0,0,0,0,Matches
552,Serkan Yusein,bgBUL,MF,FK Levski 2005,28,1996,14,14,"1,191",13.2,3,0,3,2,1,1,2,0,0.23,0,0.23,0.15,0.15,Matches
553,Oleksiy Zbun,uaUKR,FW,PFC Hebar Pazardzhik,27,1997,14,6,757,8.4,1,0,1,1,0,1,3,1,0.12,0,0.12,0.12,0.12,Matches
554,Mario Zebić,hrCRO,DF,PFC Hebar Pazardzhik,28,1995,15,15,"1,338",14.9,0,0,0,0,0,0,3,0,0,0,0,0,0,Matches
555,Gabriel Zlatanov,bgBUL,DF,Botev Plovdiv,19,2005,3,1,92,1,0,0,0,0,0,0,0,0,0,0,0,0,0,Matches
556,Nikolay Zlatev,bgBUL,FW,Cherno More,19,2004,19,13,980,10.9,2,0,2,2,0,0,1,0,0.18,0,0.18,0.18,0.18,Matches
