Rk,Player,Nation,Position,Squad,Current age,Year of birth,Matches Played,Starts,Minutes,90s Played,Goals,Assists,Goals + Assists,Non-Penalty Goals,Penalty Kicks Made,Penalty Kicks Attempted,Yellow Cards,Red Cards,xG: Expected Goals,npxG: Non-Penalty xG,xAG: Exp. Assisted Goals,npxG + xAG,Progressive Carries,Progressive Passes,Progressive Passes Rec,Goals/90,Assists/90,Goals + Assists/90,Non-Penalty Goals/90,Non-Penalty Goals + Assists/90,xG/90,xAG/90,xG + xAG/90,npxG/90,npxG + xAG,Matches
1,Abner,brBRA,DF,Juventude,21-057,2004,6,5,495,5.5,0,1,1,0,0,0,1,0,0.1,0.1,0.2,0.3,3,4,1,0,0.18,0.18,0,0.18,0.02,0.03,0.05,0.02,0.05,Matches
2,Nicolás Acevedo,uyURU,"MF,DF",Bahia,26-062,1999,7,2,299,3.3,0,0,0,0,0,0,1,0,0,0,0.1,0.2,7,20,2,0,0,0,0,0,0.01,0.04,0.05,0.01,0.05,Matches
3,Adson,brBRA,"FW,MF",Vasco da Gama,24-252,2000,10,0,210,2.3,0,0,0,0,0,0,0,0,0.1,0.1,0.2,0.4,6,12,17,0,0,0,0,0,0.05,0.1,0.15,0.05,0.15,Matches
4,Braian Aguirre,arARG,DF,Internacional,24-322,2000,11,11,978,10.9,1,0,1,1,0,0,2,0,0.3,0.3,0.5,0.8,17,54,60,0.09,0,0.09,0.09,0.09,0.03,0.04,0.07,0.03,0.07,Matches
5,Carlos Alberto,brBRA,"FW,MF",Sport Recife,23-062,2002,9,4,330,3.7,0,0,0,0,0,0,1,0,0.5,0.5,0.1,0.6,5,9,20,0,0,0,0,0,0.14,0.02,0.15,0.14,0.15,Matches
6,Yuri Alberto,brBRA,FW,Corinthians,24-089,2001,10,8,726,8.1,5,1,6,4,1,1,2,0,4,3.2,0.9,4.1,11,10,49,0.62,0.12,0.74,0.5,0.62,0.5,0.11,0.61,0.4,0.51,Matches
7,José Aldo,brBRA,MF,Mirassol,26-325,1998,9,5,468,5.2,0,0,0,0,0,0,2,0,0.3,0.3,0.4,0.7,3,37,12,0,0,0,0,0,0.05,0.08,0.13,0.05,0.13,Matches
8,Caio Alexandre,brBRA,MF,Bahia,26-111,1999,10,10,741,8.2,0,1,1,0,0,0,4,0,0.2,0.2,1,1.2,6,57,10,0,0.12,0.12,0,0.12,0.02,0.13,0.15,0.02,0.15,Matches
9,Matheus Alexandre,brBRA,DF,Sport Recife,26-069,1999,4,2,177,2,0,0,0,0,0,0,3,0,0,0,0,0,4,8,7,0,0,0,0,0,0,0,0,0,0,Matches
10,Alisson,brBRA,MF,São Paulo,31-355,1993,11,11,928,10.3,0,1,1,0,0,0,3,0,0.4,0.4,0.3,0.6,13,57,5,0,0.1,0.1,0,0.1,0.04,0.03,0.06,0.04,0.06,Matches
11,Allan,brBRA,MF,Flamengo,28-104,1997,5,2,120,1.3,0,0,0,0,0,0,0,0,0.1,0.1,0,0.1,1,11,0,0,0,0,0,0,0.04,0.02,0.06,0.04,0.06,Matches
12,Allan,brBRA,"DF,MF",Palmeiras,21-057,2004,6,2,184,2,1,0,1,1,0,0,0,0,0,0,0.2,0.2,4,6,12,0.49,0,0.49,0.49,0.49,0.02,0.1,0.12,0.02,0.12,Matches
13,Allan,brBRA,"MF,FW",Botafogo (RJ),34-158,1991,5,2,194,2.2,0,0,0,0,0,0,1,0,0.1,0.1,0.1,0.1,0,7,10,0,0,0,0,0,0.03,0.03,0.06,0.03,0.06,Matches
14,Allanzinho,brBRA,"MF,FW",Fortaleza,25-072,2000,3,1,111,1.2,0,1,1,0,0,0,1,0,0.1,0.1,0.3,0.4,6,1,12,0,0.81,0.81,0,0.81,0.06,0.27,0.33,0.06,0.33,Matches
15,Júnior Alonso,pyPAR,DF,Atlético Mineiro,32-126,1993,12,12,"1,012",11.2,0,1,1,0,0,0,2,0,0.3,0.3,0.1,0.4,11,63,7,0,0.09,0.09,0,0.09,0.02,0.01,0.04,0.02,0.04,Matches
16,Matheus Alves,brBRA,"MF,FW",São Paulo,20-102,2005,8,4,371,4.1,0,1,1,0,0,0,3,0,0.3,0.3,0.7,1,10,12,17,0,0.24,0.24,0,0.24,0.08,0.17,0.25,0.08,0.25,Matches
17,Francis Amuzu,beBEL,FW,Grêmio,25-296,1999,8,4,396,4.4,1,0,1,1,0,0,2,0,0.6,0.6,0.9,1.4,23,12,34,0.23,0,0.23,0.23,0.23,0.13,0.19,0.32,0.13,0.32,Matches
18,Felipe Anderson,brBRA,"DF,MF",Palmeiras,32-061,1993,8,6,439,4.9,0,0,0,0,0,0,0,0,0.5,0.5,0.2,0.7,10,18,25,0,0,0,0,0,0.1,0.04,0.14,0.1,0.14,Matches
19,Kervin Andrade,veVEN,"FW,MF",Fortaleza,20-063,2005,5,0,85,0.9,0,1,1,0,0,0,1,0,0.3,0.3,0.4,0.7,7,3,15,0,1.06,1.06,0,1.06,0.37,0.4,0.77,0.37,0.77,Matches
20,José Andrés Martínez,veVEN,MF,Corinthians,30-312,1994,8,4,431,4.8,0,1,1,0,0,0,4,0,0.1,0.1,0.6,0.7,6,18,23,0,0.21,0.21,0,0.21,0.03,0.13,0.16,0.03,0.16,Matches
21,Wilker Ángel,veVEN,DF,Juventude,32-089,1993,5,4,362,4,0,0,0,0,0,0,2,0,0.1,0.1,0,0.1,0,11,0,0,0,0,0,0,0.03,0,0.03,0.03,0.03,Matches
22,Fabrizio Angileri,arARG,DF,Corinthians,31-092,1994,7,6,566,6.3,0,0,0,0,0,0,1,0,0,0,0.1,0.1,13,35,20,0,0,0,0,0,0,0.01,0.01,0,0.01,Matches
23,Anthoni,brBRA,GK,Internacional,23-143,2002,12,11,"1,035",11.5,0,0,0,0,0,0,0,0,0,0,0,0,0,0,0,0,0,0,0,0,0,0,0,0,0,Matches
24,Marcos Antônio,brBRA,MF,São Paulo,25-002,2000,8,7,525,5.8,0,0,0,0,0,0,3,0,0.2,0.2,0.1,0.3,7,22,12,0,0,0,0,0,0.03,0.02,0.05,0.03,0.05,Matches
25,Guilherme Arana,brBRA,DF,Atlético Mineiro,28-062,1997,4,4,268,3,0,0,0,0,0,0,1,0,0.6,0.6,1,1.6,14,23,28,0,0,0,0,0,0.21,0.32,0.53,0.21,0.53,Matches
Rk,Player,Nation,Pos,Squad,Age,Born,MP,Starts,Min,90s,Gls,Ast,G+A,G-PK,PK,PKatt,CrdY,CrdR,xG,npxG,xAG,npxG+xAG,PrgC,PrgP,PrgR,Gls,Ast,G+A,G-PK,G+A-PK,xG,xAG,xG+xAG,npxG,npxG+xAG,Matches
26,Luiz Araújo,brBRA,"FW,MF",Flamengo,29-013,1996,10,4,488,5.4,2,1,3,2,0,0,0,0,1,1,1.3,2.3,16,19,34,0.37,0.18,0.55,0.37,0.55,0.18,0.25,0.43,0.18,0.43,Matches
27,Matheus Araújo,brBRA,"MF,FW",Ceará,23-024,2002,7,1,184,2,1,1,2,1,0,0,0,0,0.5,0.5,0.5,1,7,9,14,0.49,0.49,0.98,0.49,0.98,0.25,0.26,0.51,0.25,0.51,Matches
28,Michel Araujo,uyURU,MF,Bahia,28-260,1996,5,1,154,1.7,2,0,2,2,0,0,0,0,0.4,0.4,0.1,0.5,4,10,9,1.17,0,1.17,1.17,1.17,0.23,0.07,0.3,0.23,0.3,Matches
29,Alexander Aravena,clCHI,"MF,FW",Grêmio,22-282,2002,6,1,168,1.9,1,0,1,1,0,0,1,0,0.9,0.9,0.7,1.6,4,2,10,0.54,0,0.54,0.54,0.54,0.49,0.36,0.85,0.49,0.85,Matches
30,Robert Arboleda,ecECU,DF,São Paulo,33-236,1991,7,7,630,7,1,0,1,1,0,0,2,0,1.1,1.1,0,1.1,1,8,0,0.14,0,0.14,0.14,0.14,0.15,0,0.15,0.15,0.15,Matches
31,Lucas Arcanjo,brBRA,GK,Vitória,26-311,1998,11,11,990,11,0,0,0,0,0,0,1,0,0,0,0.1,0.1,0,0,0,0,0,0,0,0,0,0.01,0.01,0,0.01,Matches
32,Matias Arezo,uyURU,FW,Grêmio,22-206,2002,7,2,209,2.3,1,1,2,1,0,0,1,0,0.9,0.9,0.7,1.7,4,3,16,0.43,0.43,0.86,0.43,0.86,0.41,0.32,0.73,0.41,0.73,Matches
33,Jhon Arias,coCOL,FW,Fluminense,27-267,1997,11,11,989,11,1,4,5,0,1,1,1,0,2,1.3,2.4,3.6,42,50,86,0.09,0.36,0.46,0,0.36,0.19,0.22,0.4,0.11,0.33,Matches
34,Santiago Arias,coCOL,DF,Bahia,33-153,1992,5,1,119,1.3,0,0,0,0,0,0,1,0,0.2,0.2,0,0.2,3,4,14,0,0,0,0,0,0.14,0.03,0.17,0.14,0.17,Matches
35,Arthur,brBRA,FW,Sport Recife,22-095,2003,6,1,200,2.2,0,0,0,0,0,0,0,0,0.3,0.3,0.3,0.6,1,1,11,0,0,0,0,0,0.14,0.13,0.27,0.14,0.27,Matches
36,Artur,brBRA,"FW,MF",Botafogo (RJ),27-120,1998,10,9,777,8.6,2,3,5,2,0,0,1,0,1.9,1.9,0.7,2.5,32,31,83,0.23,0.35,0.58,0.23,0.58,0.22,0.08,0.29,0.22,0.29,Matches
37,Rodrigo Atencio,arARG,"FW,MF",Sport Recife,22-350,2002,6,1,200,2.2,0,0,0,0,0,0,1,0,0.6,0.6,0.3,0.8,3,12,22,0,0,0,0,0,0.26,0.12,0.38,0.26,0.38,Matches
38,Loide Augusto,aoANG,"FW,MF",Vasco da Gama,25-109,2000,8,2,176,2,0,0,0,0,0,0,1,0,0.4,0.4,0.2,0.5,14,5,27,0,0,0,0,0,0.19,0.08,0.28,0.19,0.28,Matches
39,Leo Augusto Pereira,brBRA,"FW,MF",Vitória,24-351,2000,6,0,166,1.8,0,0,0,0,0,0,0,0,0.1,0.1,0.1,0.2,4,0,16,0,0,0,0,0,0.06,0.05,0.11,0.06,0.11,Matches
40,Renato Augusto,brBRA,"MF,FW",Fluminense,37-127,1988,2,0,20,0.2,0,0,0,0,0,0,0,0,0,0,0,0,0,0,3,0,0,0,0,0,0,0,0,0,0,Matches
41,Gastón Ávila,arARG,DF,Fortaleza,23-258,2001,3,2,193,2.1,0,0,0,0,0,0,0,0,0,0,0.1,0.1,4,10,3,0,0,0,0,0,0.02,0.03,0.06,0.02,0.06,Matches
42,Aylon,brBRA,FW,Ceará,33-069,1992,6,3,222,2.5,1,0,1,1,0,0,0,0,1.7,1.7,0,1.7,3,7,17,0.41,0,0.41,0.41,0.41,0.67,0.01,0.67,0.67,0.67,Matches
43,Matheus Babi,brBRA,FW,Juventude,27-332,1997,5,1,108,1.2,1,0,1,1,0,0,0,0,1.3,1.3,0.1,1.4,0,1,7,0.83,0,0.83,0.83,0.83,1.08,0.06,1.14,1.08,1.14,Matches
44,Matheus Bahia,brBRA,DF,Ceará,25-308,1999,7,7,619,6.9,0,1,1,0,0,0,2,0,0.1,0.1,0.7,0.8,6,16,31,0,0.15,0.15,0,0.15,0.02,0.11,0.12,0.02,0.12,Matches
45,Gabriel Baralhas,brBRA,"MF,DF",Vitória,26-248,1998,10,8,714,7.9,0,0,0,0,0,0,2,0,0.2,0.2,0.2,0.4,4,31,13,0,0,0,0,0,0.02,0.03,0.05,0.02,0.05,Matches
46,Danilo Barbosa,brBRA,"DF,MF",Botafogo (RJ),29-107,1996,3,0,39,0.4,0,0,0,0,0,0,1,0,0,0,0,0,2,2,1,0,0,0,0,0,0.04,0,0.04,0.04,0.04,Matches
47,Diogo Barbosa,brBRA,"DF,FW",Fortaleza,32-302,1992,5,4,307,3.4,1,0,1,1,0,0,0,0,0.2,0.2,0.2,0.4,4,7,17,0.29,0,0.29,0.29,0.29,0.07,0.06,0.13,0.07,0.13,Matches
48,Gabriel Barbosa,brBRA,"FW,MF",Cruzeiro,28-289,1996,9,3,313,3.5,2,2,4,2,0,1,0,0,1.5,0.7,0.8,1.5,0,9,12,0.58,0.58,1.15,0.58,1.15,0.43,0.24,0.67,0.2,0.44,Matches
49,Lucas Barbosa,brBRA,FW,RB Bragantino,24-113,2001,11,9,645,7.2,0,2,2,0,0,0,3,1,1.2,1.2,0.3,1.5,12,13,43,0,0.28,0.28,0,0.28,0.17,0.04,0.2,0.17,0.2,Matches
50,Alexander Barboza,arARG,DF,Botafogo (RJ),30-091,1995,5,5,450,5,0,0,0,0,0,0,3,0,0,0,0,0,8,23,2,0,0,0,0,0,0.01,0,0.01,0.01,0.01,Matches
Rk,Player,Nation,Pos,Squad,Age,Born,MP,Starts,Min,90s,Gls,Ast,G+A,G-PK,PK,PKatt,CrdY,CrdR,xG,npxG,xAG,npxG+xAG,PrgC,PrgP,PrgR,Gls,Ast,G+A,G-PK,G+A-PK,xG,xAG,xG+xAG,npxG,npxG+xAG,Matches
51,Chrystian Barletta,brBRA,"FW,MF",Sport Recife,23-345,2001,11,10,788,8.8,2,0,2,2,0,0,0,0,1.6,1.6,0.3,1.9,32,23,75,0.23,0,0.23,0.23,0.23,0.18,0.04,0.22,0.18,0.22,Matches
52,Álvaro Barreal,arARG,"FW,MF",Santos,24-302,2000,9,8,592,6.6,3,0,3,3,0,0,0,0,2.7,2.7,1.5,4.2,9,13,44,0.46,0,0.46,0.46,0.46,0.41,0.23,0.63,0.41,0.63,Matches
53,Enmerson Batalla,coCOL,"FW,MF",Juventude,23-350,2001,11,10,815,9.1,3,1,4,3,0,0,2,0,1,1,0.5,1.6,15,18,49,0.33,0.11,0.44,0.33,0.44,0.11,0.06,0.17,0.11,0.17,Matches
54,Paulo Baya,brBRA,"MF,FW",Fluminense,25-324,1999,4,0,38,0.4,1,1,2,1,0,0,0,0,0,0,0,0.1,2,1,4,2.37,2.37,4.74,2.37,4.74,0.12,0.03,0.15,0.12,0.15,Matches
55,José Luis Rodríguez Bebanz,uyURU,DF,Vasco da Gama,28-093,1997,5,2,205,2.3,0,0,0,0,0,0,0,0,0.1,0.1,0,0.1,2,9,32,0,0,0,0,0,0.03,0.02,0.04,0.03,0.04,Matches
56,Luis Benedetti,brBRA,DF,Palmeiras,19-008,2006,1,1,90,1,0,0,0,0,0,0,0,0,0.1,0.1,0,0.1,0,4,0,0,0,0,0,0,0.06,0.02,0.07,0.06,0.07,Matches
57,Alexandro Bernabei,arARG,DF,Internacional,24-264,2000,8,8,710,7.9,0,2,2,0,0,0,1,0,0.4,0.4,2.2,2.6,22,31,70,0,0.25,0.25,0,0.25,0.05,0.28,0.34,0.05,0.34,Matches
58,Facundo Bernal,uyURU,MF,Fluminense,21-298,2003,6,3,298,3.3,0,0,0,0,0,0,2,0,0.2,0.2,0,0.2,2,7,2,0,0,0,0,0,0.05,0.01,0.05,0.05,0.05,Matches
59,Bernard,brBRA,"FW,MF",Atlético Mineiro,32-280,1992,9,1,215,2.4,0,0,0,0,0,0,1,0,0,0,0.4,0.5,11,23,21,0,0,0,0,0,0.02,0.18,0.2,0.02,0.2,Matches
60,Matheus Bianqui,brBRA,"MF,FW",Mirassol,27-135,1998,4,0,57,0.6,0,0,0,0,0,0,1,0,0,0,0,0,0,0,3,0,0,0,0,0,0,0,0,0,0,Matches
61,Matheus Bidu,brBRA,"DF,MF",Corinthians,26-042,1999,5,4,360,4,0,1,1,0,0,0,0,0,0,0,1,1.1,9,20,24,0,0.25,0.25,0,0.25,0.01,0.25,0.27,0.01,0.27,Matches
62,Damián Bobadilla,pyPAR,MF,São Paulo,23-339,2001,8,3,400,4.4,0,0,0,0,0,0,2,0,0.3,0.3,0.2,0.5,1,32,2,0,0,0,0,0,0.08,0.05,0.12,0.08,0.12,Matches
63,Yannick Bolasie,cdCOD,FW,Cruzeiro,36-022,1989,6,0,89,1,0,0,0,0,0,0,0,0,0.1,0.1,0,0.1,2,2,7,0,0,0,0,0,0.06,0,0.06,0.06,0.06,Matches
64,Gabriel Bontempo,brBRA,"MF,FW",Santos,20-150,2005,11,5,490,5.4,0,1,1,0,0,0,0,0,0.8,0.8,1.1,1.8,8,22,15,0,0.18,0.18,0,0.18,0.14,0.2,0.33,0.14,0.33,Matches
65,Thiago Borbas,uyURU,"FW,MF",RB Bragantino,23-069,2002,6,1,127,1.4,0,0,0,0,0,0,2,0,0.1,0.1,0.1,0.2,0,3,7,0,0,0,0,0,0.07,0.1,0.17,0.07,0.17,Matches
66,Daniel Borges,brBRA,DF,Mirassol,32-084,1993,5,2,243,2.7,2,0,2,2,0,0,2,0,0.3,0.3,0.2,0.5,1,4,7,0.74,0,0.74,0.74,0.74,0.12,0.08,0.2,0.12,0.2,Matches
67,Marllon Borges,brBRA,DF,Ceará,33-060,1992,11,11,990,11,2,0,2,2,0,0,0,0,0.4,0.4,0,0.4,2,20,1,0.18,0,0.18,0.18,0.18,0.03,0,0.03,0.03,0.03,Matches
68,Pedro Borges,brBRA,MF,Fortaleza,28-104,1997,1,0,37,0.4,0,0,0,0,0,0,2,1,0,0,0,0,0,3,0,0,0,0,0,0,0,0,0,0,0,Matches
69,Rafael Borré,coCOL,FW,Internacional,29-273,1995,8,4,328,3.6,2,0,2,2,0,0,0,0,0.6,0.6,0.1,0.7,4,0,19,0.55,0,0.55,0.55,0.55,0.17,0.02,0.19,0.17,0.19,Matches
70,Lucas Braga,brBRA,"FW,MF",Vitória,28-217,1996,6,3,245,2.7,1,0,1,1,0,0,1,0,0.6,0.6,0,0.6,8,11,15,0.37,0,0.37,0.37,0.37,0.22,0,0.22,0.22,0.22,Matches
71,Martin Braithwaite,dkDEN,FW,Grêmio,34-010,1991,10,10,820,9.1,4,1,5,2,2,2,2,0,3.2,1.6,0.3,1.9,3,19,35,0.44,0.11,0.55,0.22,0.33,0.35,0.04,0.39,0.18,0.21,Matches
72,Gabriel Brazão,brBRA,GK,Santos,24-253,2000,12,12,"1,080",12,0,0,0,0,0,0,0,0,0,0,0.2,0.2,0,0,0,0,0,0,0,0,0,0.02,0.02,0,0.02,Matches
73,Breno,brBRA,FW,Fortaleza,29-142,1996,7,6,453,5,1,0,1,1,0,0,0,0,1.8,1.8,0.8,2.5,23,18,38,0.2,0,0.2,0.2,0.2,0.35,0.15,0.5,0.35,0.5,Matches
74,Breno,brBRA,MF,Corinthians,20-115,2005,11,10,819,9.1,1,1,2,1,0,0,3,0,0.2,0.2,0.5,0.7,13,56,23,0.11,0.11,0.22,0.11,0.22,0.02,0.06,0.07,0.02,0.07,Matches
75,Emanuel Brítez,arARG,DF,Fortaleza,33-081,1992,1,1,90,1,0,0,0,0,0,0,1,0,0,0,0.1,0.1,0,8,2,0,0,0,0,0,0,0.07,0.07,0,0.07,Matches
Rk,Player,Nation,Pos,Squad,Age,Born,MP,Starts,Min,90s,Gls,Ast,G+A,G-PK,PK,PKatt,CrdY,CrdR,xG,npxG,xAG,npxG+xAG,PrgC,PrgP,PrgR,Gls,Ast,G+A,G-PK,G+A-PK,xG,xAG,xG+xAG,npxG,npxG+xAG,Matches
76,Bruninho,brBRA,MF,Fortaleza,20-004,2005,1,1,68,0.8,0,0,0,0,0,0,0,0,0,0,0.1,0.1,0,1,3,0,0,0,0,0,0.03,0.08,0.12,0.03,0.12,Matches
77,Fabrício Bruno,brBRA,DF,Cruzeiro,29-123,1996,11,11,990,11,0,0,0,0,0,0,3,0,0.2,0.2,0.4,0.6,2,35,1,0,0,0,0,0,0.01,0.04,0.05,0.01,0.05,Matches
78,Cacá,brBRA,DF,Corinthians,26-051,1999,8,8,690,7.7,1,0,1,1,0,0,2,0,0.3,0.3,0.1,0.4,5,19,2,0.13,0,0.13,0.13,0.13,0.03,0.02,0.05,0.03,0.05,Matches
79,Raúl Cáceres,pyPAR,DF,Vitória,33-270,1991,2,2,178,2,0,0,0,0,0,0,1,0,0,0,0,0,3,8,5,0,0,0,0,0,0.01,0,0.01,0.01,0.01,Matches
80,Calebe,brBRA,MF,Fortaleza,25-046,2000,6,2,218,2.4,1,0,1,1,0,0,2,0,0.3,0.3,0.4,0.7,4,5,18,0.41,0,0.41,0.41,0.41,0.14,0.16,0.3,0.14,0.3,Matches
81,Jonathan Calleri,arARG,FW,São Paulo,31-265,1993,3,2,121,1.3,0,0,0,0,0,1,0,1,0.9,0.1,0.1,0.2,1,2,3,0,0,0,0,0,0.68,0.07,0.75,0.1,0.16,Matches
82,Camilo,brBRA,MF,Grêmio,26-112,1999,8,5,396,4.4,0,0,0,0,0,0,0,0,0.1,0.1,0,0.1,2,8,3,0,0,0,0,0,0.03,0,0.03,0.03,0.03,Matches
83,Germán Cano,arARG,FW,Fluminense,37-133,1988,6,6,474,5.3,1,0,1,1,0,0,1,0,1.3,1.3,0.1,1.4,0,9,22,0.19,0,0.19,0.19,0.19,0.24,0.02,0.26,0.24,0.26,Matches
84,Agustín Canobbio,uyURU,FW,Fluminense,26-257,1998,8,8,513,5.7,1,1,2,1,0,0,1,0,1.1,1.1,1,2,13,11,41,0.18,0.18,0.35,0.18,0.35,0.18,0.17,0.36,0.18,0.36,Matches
85,Juninho Capixaba,brBRA,DF,RB Bragantino,27-344,1997,11,11,990,11,1,0,1,1,0,0,1,0,1.5,1.5,1.2,2.7,18,71,49,0.09,0,0.09,0.09,0.09,0.14,0.11,0.24,0.14,0.24,Matches
86,Johan Carbonero,coCOL,FW,Internacional,25-330,1999,3,2,153,1.7,0,0,0,0,0,0,0,0,0.3,0.3,0,0.3,8,11,19,0,0,0,0,0,0.17,0.02,0.18,0.17,0.18,Matches
87,Edson Carioca,brBRA,FW,Mirassol,27-346,1997,10,7,560,6.2,2,2,4,2,0,0,1,0,2.4,2.4,0.9,3.3,20,17,33,0.32,0.32,0.64,0.32,0.64,0.39,0.14,0.53,0.39,0.53,Matches
88,Igor Cariús,brBRA,DF,Sport Recife,32-045,1993,8,8,648,7.2,0,0,0,0,0,0,1,0,0.2,0.2,0.3,0.5,18,37,28,0,0,0,0,0,0.03,0.04,0.07,0.03,0.07,Matches
89,Carlinhos,brBRA,FW,Vitória,28-123,1997,3,1,135,1.5,1,0,1,1,0,0,2,0,1.3,1.3,0,1.3,0,3,3,0.67,0,0.67,0.67,0.67,0.86,0,0.86,0.86,0.86,Matches
90,Antonio Carlos,brBRA,DF,Sport Recife,32-100,1993,3,3,270,3,0,0,0,0,0,0,0,0,0,0,0,0,2,4,0,0,0,0,0,0,0,0,0,0,0,Matches
91,Jean Carlos Vicente,brBRA,"MF,FW",Juventude,33-120,1992,7,2,203,2.3,0,0,0,0,0,0,1,0,0.2,0.2,0.6,0.8,2,6,12,0,0,0,0,0,0.08,0.28,0.36,0.08,0.36,Matches
92,André Carrillo,pePER,MF,Corinthians,34-001,1991,9,8,611,6.8,0,0,0,0,0,0,0,0,0.1,0.1,1.4,1.5,16,42,48,0,0,0,0,0,0.02,0.2,0.22,0.02,0.22,Matches
93,Gabriel Carvalho,brBRA,FW,Internacional,17-302,2007,3,0,72,0.8,0,0,0,0,0,0,0,0,0.1,0.1,0,0.1,3,6,1,0,0,0,0,0,0.1,0,0.1,0.1,0.1,Matches
94,Cássio,brBRA,GK,Cruzeiro,38-009,1987,12,12,"1,080",12,0,0,0,0,0,0,2,0,0,0,0,0,0,0,0,0,0,0,0,0,0,0,0,0,0,Matches
95,Iury de Castilho,brBRA,FW,Mirassol,29-282,1995,9,6,499,5.5,1,0,1,1,0,0,2,0,1.5,1.5,0.2,1.7,10,14,26,0.18,0,0.18,0.18,0.18,0.27,0.03,0.3,0.27,0.3,Matches
96,Murilo Cerqueira,brBRA,DF,Palmeiras,28-080,1997,4,4,335,3.7,1,0,1,1,0,0,3,0,0.1,0.1,0,0.1,0,9,0,0.27,0,0.27,0.27,0.27,0.02,0,0.02,0.02,0.02,Matches
97,Kayky Chagas,brBRA,"FW,MF",Bahia,22-004,2003,7,1,187,2.1,1,0,1,1,0,0,1,0,0.6,0.6,0.3,0.9,11,10,20,0.48,0,0.48,0.48,0.48,0.27,0.16,0.43,0.27,0.43,Matches
98,Chico,brBRA,MF,Mirassol,34-029,1991,3,1,129,1.4,0,0,0,0,0,0,0,0,0,0,0,0,3,5,6,0,0,0,0,0,0.02,0.02,0.03,0.02,0.03,Matches
99,Chico,brBRA,DF,Sport Recife,26-274,1998,11,11,945,10.5,0,0,0,0,0,0,1,0,0.3,0.3,0.2,0.5,15,38,5,0,0,0,0,0,0.03,0.02,0.05,0.03,0.05,Matches
100,Christian,brBRA,FW,Cruzeiro,24-178,2000,9,9,691,7.7,1,1,2,1,0,0,3,0,1.1,1.1,1.4,2.5,5,20,53,0.13,0.13,0.26,0.13,0.26,0.14,0.19,0.33,0.14,0.33,Matches
Rk,Player,Nation,Pos,Squad,Age,Born,MP,Starts,Min,90s,Gls,Ast,G+A,G-PK,PK,PKatt,CrdY,CrdR,xG,npxG,xAG,npxG+xAG,PrgC,PrgP,PrgR,Gls,Ast,G+A,G-PK,G+A-PK,xG,xAG,xG+xAG,npxG,npxG+xAG,Matches
101,Claudinho,brBRA,DF,Vitória,24-264,2000,10,9,785,8.7,0,0,0,0,0,0,4,0,0.5,0.5,1.1,1.6,27,42,39,0,0,0,0,0,0.05,0.13,0.18,0.05,0.18,Matches
102,Clayson,brBRA,FW,Mirassol,30-088,1995,6,3,256,2.8,0,1,1,0,0,0,2,0,0.1,0.1,0.4,0.5,14,8,37,0,0.35,0.35,0,0.35,0.03,0.15,0.18,0.03,0.18,Matches
103,Clayton,brBRA,DF,Internacional,25-072,2000,1,1,90,1,0,0,0,0,0,0,0,0,0,0,0,0,0,5,0,0,0,0,0,0,0,0,0,0,0,Matches
104,Mateus Cocão,brBRA,MF,Vasco da Gama,23-089,2002,7,3,283,3.1,0,0,0,0,0,0,1,0,0,0,0,0,1,14,4,0,0,0,0,0,0.01,0,0.01,0.01,0.01,Matches
105,Igor Coronado,brBRA,MF,Corinthians,32-301,1992,6,3,342,3.8,1,0,1,1,0,0,1,0,0.8,0.8,0.2,1,13,33,37,0.26,0,0.26,0.26,0.26,0.21,0.04,0.26,0.21,0.26,Matches
106,Philippe Coutinho,brBRA,MF,Vasco da Gama,33-003,1992,8,8,598,6.6,0,1,1,0,0,0,0,1,0.8,0.8,1.1,1.9,21,54,33,0,0.15,0.15,0,0.15,0.11,0.17,0.28,0.11,0.28,Matches
107,Franco Cristaldo,arARG,"MF,FW",Grêmio,28-304,1996,9,7,524,5.8,0,1,1,0,0,0,1,0,0.8,0.8,1,1.8,10,25,22,0,0.17,0.17,0,0.17,0.13,0.17,0.3,0.13,0.3,Matches
108,Gustavo Cuellar,coCOL,MF,Grêmio,32-244,1992,2,1,85,0.9,0,0,0,0,0,0,0,0,0,0,0,0,0,3,2,0,0,0,0,0,0,0,0,0,0,Matches
109,Tomás Cuello,arARG,"FW,MF",Atlético Mineiro,25-102,2000,8,8,673,7.5,1,0,1,1,0,0,3,0,1.7,1.7,0.6,2.2,39,37,85,0.13,0,0.13,0.13,0.13,0.23,0.08,0.3,0.23,0.3,Matches
110,Cuiabano,brBRA,"DF,MF",Botafogo (RJ),22-119,2003,9,7,555,6.2,1,1,2,1,0,0,2,0,0.3,0.3,1.5,1.8,9,16,52,0.16,0.16,0.32,0.16,0.32,0.05,0.24,0.29,0.05,0.29,Matches
111,Lucas Cunha,brBRA,DF,Sport Recife,28-143,1997,6,5,428,4.8,0,0,0,0,0,0,1,0,0,0,0,0,1,16,0,0,0,0,0,0,0,0,0,0,0,Matches
112,Danielzinho,brBRA,"MF,FW",Mirassol,30-223,1994,11,11,990,11,0,1,1,0,0,0,1,0,0.9,0.9,1.1,1.9,14,65,43,0,0.09,0.09,0,0.09,0.08,0.1,0.17,0.08,0.17,Matches
113,Danilo,brBRA,DF,Flamengo,33-335,1991,4,2,238,2.6,1,0,1,1,0,0,0,0,0.6,0.6,0,0.6,3,28,0,0.38,0,0.38,0.38,0.38,0.21,0,0.21,0.21,0.21,Matches
114,Matheus Davó,brBRA,"FW,MF",Mirassol,25-303,1999,2,0,35,0.4,0,1,1,0,0,0,0,0,0.3,0.3,0.2,0.5,0,0,5,0,2.57,2.57,0,2.57,0.84,0.54,1.38,0.84,1.38,Matches
115,Giorgian De Arrascaeta,uyURU,MF,Flamengo,31-014,1994,9,9,679,7.5,9,4,13,8,1,1,0,0,3.4,2.7,1.7,4.3,18,36,83,1.19,0.53,1.72,1.06,1.59,0.46,0.22,0.68,0.35,0.57,Matches
116,Nicolás De La Cruz,uyURU,MF,Flamengo,28-014,1997,7,7,560,6.2,0,0,0,0,0,0,3,0,0.2,0.2,0.6,0.8,4,46,17,0,0,0,0,0,0.03,0.1,0.13,0.03,0.13,Matches
117,Deyverson,brBRA,FW,Fortaleza,34-038,1991,10,5,468,5.2,1,0,1,1,0,0,1,0,1.5,1.5,0.2,1.7,3,17,23,0.19,0,0.19,0.19,0.19,0.29,0.03,0.32,0.29,0.32,Matches
118,Enzo Díaz,arARG,DF,São Paulo,29-190,1995,11,7,733,8.1,0,1,1,0,0,0,3,0,0.1,0.1,2,2.2,19,44,30,0,0.12,0.12,0,0.12,0.02,0.25,0.27,0.02,0.27,Matches
119,Lautaro Díaz,arARG,"FW,MF",Cruzeiro,27-025,1998,4,0,76,0.8,0,0,0,0,0,0,0,0,0,0,0.1,0.1,4,0,4,0,0,0,0,0,0.03,0.14,0.17,0.03,0.17,Matches
120,Dieguinho,brBRA,MF,Ceará,29-227,1995,11,11,967,10.7,0,2,2,0,0,0,1,0,0,0,0.7,0.8,5,27,3,0,0.19,0.19,0,0.19,0,0.07,0.07,0,0.07,Matches
121,Dieguinho,brBRA,FW,Corinthians,17-334,2007,2,0,26,0.3,0,0,0,0,0,0,0,0,0,0,0,0,0,1,1,0,0,0,0,0,0,0,0,0,0,Matches
122,Dodi,brBRA,MF,Grêmio,29-059,1996,10,8,756,8.4,0,0,0,0,0,0,3,0,0.1,0.1,0,0.1,7,24,1,0,0,0,0,0,0.01,0,0.02,0.01,0.02,Matches
123,Fabricio Domínguez,uyURU,MF,Sport Recife,26-356,1998,4,1,100,1.1,0,0,0,0,0,0,1,0,0.1,0.1,0.1,0.2,1,5,12,0,0,0,0,0,0.12,0.07,0.19,0.12,0.19,Matches
124,Matheus Donelli,brBRA,GK,Corinthians,23-029,2002,5,5,450,5,0,0,0,0,0,0,1,0,0,0,0,0,0,0,0,0,0,0,0,0,0,0,0,0,0,Matches
125,Thiago dos Santos,brBRA,MF,Fluminense,35-283,1989,4,1,80,0.9,0,0,0,0,0,0,0,0,0,0,0,0,1,4,1,0,0,0,0,0,0,0.01,0.01,0,0.01,Matches
Rk,Player,Nation,Pos,Squad,Age,Born,MP,Starts,Min,90s,Gls,Ast,G+A,G-PK,PK,PKatt,CrdY,CrdR,xG,npxG,xAG,npxG+xAG,PrgC,PrgP,PrgR,Gls,Ast,G+A,G-PK,G+A-PK,xG,xAG,xG+xAG,npxG,npxG+xAG,Matches
126,David Duarte,brBRA,DF,Bahia,30-142,1995,9,8,798,8.9,0,0,0,0,0,0,1,0,0.3,0.3,0.2,0.4,2,26,0,0,0,0,0,0,0.03,0.02,0.05,0.03,0.05,Matches
127,Dudu,brBRA,"FW,MF",Cruzeiro,33-159,1992,5,2,215,2.4,1,0,1,1,0,0,0,0,0.6,0.6,0,0.7,4,6,13,0.42,0,0.42,0.42,0.42,0.26,0.02,0.28,0.26,0.28,Matches
128,Dudu,brBRA,MF,Atlético Mineiro,33-159,1992,1,1,76,0.8,0,0,0,0,0,0,0,0,0,0,0.3,0.3,1,3,2,0,0,0,0,0,0,0.31,0.31,0,0.31,Matches
129,Edenílson,brBRA,"MF,FW",Grêmio,35-179,1989,7,6,446,5,1,0,1,1,0,0,3,0,0.2,0.2,0.4,0.6,6,18,17,0.2,0,0.2,0.2,0.2,0.05,0.08,0.13,0.05,0.13,Matches
130,Eder,brBRA,DF,Ceará,30-071,1995,1,1,90,1,0,0,0,0,0,0,0,0,0.2,0.2,0,0.2,0,0,0,0,0,0,0,0,0.24,0,0.24,0.24,0.24,Matches
131,EDU,brBRA,DF,Vitória,24-364,2000,6,4,369,4.1,0,0,0,0,0,0,0,0,0.2,0.2,0,0.2,0,7,0,0,0,0,0,0,0.05,0,0.05,0.05,0.05,Matches
132,Carlos Eduardo,brBRA,"MF,FW",Cruzeiro,35-241,1989,10,3,236,2.6,0,0,0,0,0,0,1,1,0.3,0.3,0.2,0.4,3,9,2,0,0,0,0,0,0.1,0.06,0.17,0.1,0.17,Matches
133,Carlos Eduardo,brBRA,"FW,DF",Vitória,28-248,1996,2,0,41,0.5,0,0,0,0,0,0,0,0,0,0,0,0,1,0,3,0,0,0,0,0,0.08,0,0.08,0.08,0.08,Matches
134,Alysson Edward,brBRA,"FW,MF",Grêmio,19-041,2006,8,4,346,3.8,0,1,1,0,0,0,0,0,0.5,0.5,0.5,1,10,7,24,0,0.26,0.26,0,0.26,0.13,0.13,0.26,0.13,0.26,Matches
135,Rodrigo Ely,brBRA,DF,Grêmio,31-224,1993,2,1,40,0.4,0,0,0,0,0,0,0,0,0,0,0,0,0,0,0,0,0,0,0,0,0,0,0,0,0,Matches
136,Leandro Emmanuel Martínez,arARG,MF,Fortaleza,31-011,1994,10,7,607,6.7,1,1,2,1,0,0,5,0,0.4,0.4,0.6,0.9,9,27,18,0.15,0.15,0.3,0.15,0.3,0.06,0.08,0.14,0.06,0.14,Matches
137,Ênio,brBRA,"FW,MF",Juventude,24-104,2001,8,5,508,5.6,1,0,1,1,0,0,2,0,0.5,0.5,0.4,0.9,16,17,39,0.18,0,0.18,0.18,0.18,0.08,0.07,0.15,0.08,0.15,Matches
138,Erick,brBRA,"MF,DF",Bahia,27-213,1997,8,4,416,4.6,1,0,1,1,0,0,3,0,1.4,1.4,0,1.4,7,15,11,0.22,0,0.22,0.22,0.22,0.31,0,0.31,0.31,0.31,Matches
139,Erick,brBRA,"FW,MF",Vitória,27-187,1997,9,5,477,5.3,0,2,2,0,0,0,1,0,0.7,0.7,0.6,1.3,16,26,34,0,0.38,0.38,0,0.38,0.13,0.11,0.24,0.13,0.24,Matches
140,Gonzalo Escobar,arARG,DF,Santos,28-091,1997,11,11,963,10.7,0,0,0,0,0,0,3,1,0.3,0.3,0.6,0.9,11,49,37,0,0,0,0,0,0.03,0.05,0.08,0.03,0.08,Matches
141,Lucas Esteves,brBRA,DF,Grêmio,24-356,2000,4,4,330,3.7,0,0,0,0,0,0,0,0,0.1,0.1,0.1,0.2,2,13,16,0,0,0,0,0,0.02,0.02,0.04,0.02,0.04,Matches
142,Lucas Evangelista,brBRA,MF,Palmeiras,30-040,1995,8,3,350,3.9,0,1,1,0,0,0,0,0,0.2,0.2,0.4,0.6,2,18,14,0,0.26,0.26,0,0.26,0.05,0.11,0.16,0.05,0.16,Matches
143,Éverson,brBRA,GK,Atlético Mineiro,34-328,1990,12,12,"1,080",12,0,0,0,0,0,0,3,0,0,0,0,0,0,0,0,0,0,0,0,0,0,0,0,0,0,Matches
144,Evertton,brBRA,MF,Flamengo,22-107,2003,5,3,324,3.6,1,0,1,1,0,0,0,0,0.2,0.2,0,0.3,0,11,2,0.28,0,0.28,0.28,0.28,0.06,0.01,0.08,0.06,0.08,Matches
145,Ewerton,brBRA,DF,Juventude,24-217,2000,11,10,879,9.8,0,0,0,0,0,0,2,0,0.3,0.3,0.5,0.8,5,35,22,0,0,0,0,0,0.03,0.05,0.08,0.03,0.08,Matches
146,Fabinho,brBRA,MF,RB Bragantino,23-067,2002,9,1,209,2.3,0,1,1,0,0,0,1,0,0.1,0.1,0.3,0.3,3,19,6,0,0.43,0.43,0,0.43,0.04,0.11,0.15,0.04,0.15,Matches
147,Fábio,brBRA,GK,Fluminense,44-258,1980,11,11,990,11,0,0,0,0,0,0,1,0,0,0,0,0,0,0,0,0,0,0,0,0,0,0,0,0,0,Matches
148,Fabrício,brBRA,"FW,MF",Mirassol,28-084,1997,8,4,301,3.3,0,0,0,0,0,0,0,0,0.5,0.5,0.1,0.6,6,15,15,0,0,0,0,0,0.16,0.03,0.19,0.16,0.19,Matches
149,Fabrício,brBRA,"FW,MF",Vitória,24-250,2000,8,0,222,2.5,0,1,1,0,0,0,0,0,0.6,0.6,0.7,1.3,18,3,18,0,0.41,0.41,0,0.41,0.24,0.28,0.52,0.24,0.52,Matches
150,Fagner,brBRA,DF,Cruzeiro,36-004,1989,6,6,490,5.4,0,0,0,0,0,0,1,0,0.1,0.1,0.3,0.4,10,21,26,0,0,0,0,0,0.01,0.06,0.08,0.01,0.08,Matches
Rk,Player,Nation,Pos,Squad,Age,Born,MP,Starts,Min,90s,Gls,Ast,G+A,G-PK,PK,PKatt,CrdY,CrdR,xG,npxG,xAG,npxG+xAG,PrgC,PrgP,PrgR,Gls,Ast,G+A,G-PK,G+A-PK,xG,xAG,xG+xAG,npxG,npxG+xAG,Matches
151,Marcos Felipe,brBRA,GK,Bahia,29-063,1996,9,8,792,8.8,0,0,0,0,0,0,0,0,0,0,0,0,0,0,0,0,0,0,0,0,0,0,0,0,0,Matches
152,Matheus Fernandes,brBRA,MF,RB Bragantino,26-350,1998,8,3,342,3.8,0,0,0,0,0,0,1,0,0.2,0.2,0.1,0.2,6,18,8,0,0,0,0,0,0.04,0.02,0.06,0.04,0.06,Matches
153,Nathan Fernandes,brBRA,"FW,MF",Botafogo (RJ),20-119,2005,5,0,150,1.7,0,0,0,0,0,0,1,0,0.6,0.6,0,0.6,6,6,12,0,0,0,0,0,0.35,0,0.35,0.35,0.35,Matches
154,Fernandinho,brBRA,FW,Ceará,27-331,1997,3,2,120,1.3,0,0,0,0,0,0,0,0,0.1,0.1,0.1,0.2,5,9,12,0,0,0,0,0,0.06,0.09,0.15,0.06,0.15,Matches
155,Fernando,brBRA,"MF,DF",Internacional,37-325,1987,6,6,412,4.6,0,0,0,0,0,0,0,0,0.4,0.4,0.1,0.5,11,20,3,0,0,0,0,0,0.08,0.03,0.12,0.08,0.12,Matches
156,Nahuel Ferraresi,veVEN,DF,São Paulo,26-208,1998,9,7,649,7.2,0,0,0,0,0,0,2,0,0.1,0.1,0.3,0.4,14,39,15,0,0,0,0,0,0.01,0.04,0.05,0.01,0.05,Matches
157,Ferreira,brBRA,"FW,MF",São Paulo,27-166,1997,8,7,549,6.1,3,2,5,3,0,1,2,0,2.3,1.5,1.4,2.9,25,27,45,0.49,0.33,0.82,0.49,0.82,0.38,0.22,0.6,0.25,0.47,Matches
158,Bruno Ferreira,brBRA,GK,Ceará,31-091,1994,4,4,333,3.7,0,0,0,0,0,0,1,0,0,0,0,0,0,0,0,0,0,0,0,0,0,0,0,0,0,Matches
159,Lucas Ferreira,brBRA,FW,São Paulo,19-048,2006,12,8,753,8.4,0,0,0,0,0,0,1,0,1.1,1.1,0.6,1.7,33,17,74,0,0,0,0,0,0.13,0.07,0.2,0.13,0.2,Matches
160,Luiz Filipe,brBRA,FW,Mirassol,24-018,2001,1,0,14,0.2,0,0,0,0,0,0,0,0,0,0,0,0,1,0,2,0,0,0,0,0,0.08,0,0.08,0.08,0.08,Matches
161,André Filipinho,brBRA,DF,Juventude,28-153,1997,5,3,303,3.4,0,0,0,0,0,0,1,0,0.1,0.1,0.1,0.2,2,19,6,0,0,0,0,0,0.02,0.04,0.06,0.02,0.06,Matches
162,Caíque França,brBRA,GK,Sport Recife,30-012,1995,11,11,990,11,0,0,0,0,0,0,2,0,0,0,0,0,0,0,0,0,0,0,0,0,0,0,0,0,0,Matches
163,Ryan Francisco,brBRA,"FW,MF",São Paulo,18-206,2006,7,2,195,2.2,2,0,2,2,0,0,0,0,0.5,0.5,0.2,0.8,3,2,8,0.92,0,0.92,0.92,0.92,0.25,0.1,0.35,0.25,0.35,Matches
164,Alan Franco,ecECU,MF,Atlético Mineiro,26-298,1998,8,8,675,7.5,0,0,0,0,0,0,1,0,0.1,0.1,0,0.1,2,25,5,0,0,0,0,0,0.01,0,0.01,0.01,0.01,Matches
165,Alan Franco,arARG,DF,São Paulo,28-247,1996,9,8,721,8,0,0,0,0,0,0,1,0,1,1,0,1,3,13,1,0,0,0,0,0,0.12,0.01,0.13,0.12,0.13,Matches
166,Lucas Freitas,brBRA,DF,Vasco da Gama,24-146,2001,9,8,686,7.6,0,0,0,0,0,0,0,0,0.1,0.1,0,0.1,2,24,0,0,0,0,0,0,0.02,0,0.02,0.02,0.02,Matches
167,Marlon Freitas,brBRA,MF,Botafogo (RJ),30-080,1995,11,11,928,10.3,1,2,3,1,0,0,2,0,0.2,0.2,0.4,0.6,7,74,12,0.1,0.19,0.29,0.1,0.29,0.02,0.04,0.06,0.02,0.06,Matches
168,Riquelme Freitas,brBRA,MF,Grêmio,18-306,2006,2,0,24,0.3,0,0,0,0,0,0,0,0,0,0,0,0,1,2,0,0,0,0,0,0,0.15,0,0.15,0.15,0.15,Matches
169,Juan Freytes,arARG,DF,Fluminense,25-155,2000,11,11,990,11,0,0,0,0,0,0,2,0,0.2,0.2,0,0.2,4,44,2,0,0,0,0,0,0.02,0,0.02,0.02,0.02,Matches
170,Bruno Fuchs,brBRA,DF,Palmeiras,26-075,1999,8,5,418,4.6,0,0,0,0,0,0,2,0,0.2,0.2,0.6,0.7,5,23,1,0,0,0,0,0,0.04,0.12,0.16,0.04,0.16,Matches
171,Gabriel Fuentes,coCOL,DF,Fluminense,28-126,1997,3,3,270,3,0,0,0,0,0,0,1,0,0,0,0.1,0.1,3,14,19,0,0,0,0,0,0.01,0.02,0.03,0.01,0.03,Matches
172,Gabriel,brBRA,DF,Bahia,24-040,2001,3,1,134,1.5,0,0,0,0,0,0,1,0,0,0,0,0,0,1,0,0,0,0,0,0,0,0,0,0,0,Matches
173,Gabriel,brBRA,"MF,FW",Mirassol,35-160,1990,9,7,509,5.7,2,0,2,2,0,0,1,0,1.8,1.8,1,2.8,9,18,29,0.35,0,0.35,0.35,0.35,0.32,0.18,0.5,0.32,0.5,Matches
174,Gabriel,brBRA,GK,Vitória,32-261,1992,1,1,90,1,0,0,0,0,0,0,0,0,0,0,0,0,0,0,0,0,0,0,0,0,0,0,0,0,0,Matches
175,Gabriel,brBRA,MF,RB Bragantino,32-340,1992,11,11,889,9.9,1,0,1,1,0,0,2,0,0.2,0.2,0.3,0.5,8,43,11,0.1,0,0.1,0.1,0.1,0.02,0.03,0.05,0.02,0.05,Matches
Rk,Player,Nation,Pos,Squad,Age,Born,MP,Starts,Min,90s,Gls,Ast,G+A,G-PK,PK,PKatt,CrdY,CrdR,xG,npxG,xAG,npxG+xAG,PrgC,PrgP,PrgR,Gls,Ast,G+A,G-PK,G+A-PK,xG,xAG,xG+xAG,npxG,npxG+xAG,Matches
176,Victor Gabriel,brBRA,DF,Internacional,21-048,2004,3,3,270,3,2,0,2,2,0,0,0,0,0.9,0.9,0,0.9,2,8,0,0.67,0,0.67,0.67,0.67,0.3,0,0.3,0.3,0.3,Matches
177,Antonio Galeano,pyPAR,FW,Ceará,25-085,2000,11,11,910,10.1,1,0,1,1,0,0,2,0,0.9,0.9,0.4,1.3,21,22,57,0.1,0,0.1,0.1,0.1,0.09,0.04,0.13,0.09,0.13,Matches
178,Emerson Galego,brBRA,"FW,MF",Juventude,25-309,1999,2,0,27,0.3,0,0,0,0,0,0,0,0,0,0,0,0,0,0,2,0,0,0,0,0,0,0,0,0,0,Matches
179,Mateo Gamarra,pyPAR,DF,Cruzeiro,24-238,2000,2,1,154,1.7,0,0,0,0,0,0,0,0,0,0,0,0,1,1,0,0,0,0,0,0,0.02,0,0.02,0.02,0.02,Matches
180,Ganso,brBRA,MF,Fluminense,35-246,1989,7,3,275,3.1,0,0,0,0,0,0,1,0,0.2,0.2,0.2,0.3,3,15,11,0,0,0,0,0,0.05,0.05,0.1,0.05,0.1,Matches
181,Maurício Garcez,brBRA,"FW,MF",Juventude,28-091,1997,3,0,61,0.7,0,0,0,0,0,0,0,0,0,0,0,0,1,0,6,0,0,0,0,0,0.04,0,0.04,0.04,0.04,Matches
182,Benjamín Garré,arARG,"FW,MF",Vasco da Gama,24-339,2000,6,3,263,2.9,0,0,0,0,0,0,0,0,0.1,0.1,0.3,0.4,6,13,15,0,0,0,0,0,0.04,0.1,0.14,0.04,0.14,Matches
183,Rodrigo Garro,arARG,MF,Corinthians,27-162,1998,2,1,135,1.5,0,0,0,0,0,0,1,0,0.3,0.3,0.5,0.8,2,16,18,0,0,0,0,0,0.19,0.32,0.51,0.19,0.51,Matches
184,Gerson,brBRA,"FW,MF",Flamengo,28-026,1997,9,9,711,7.9,0,2,2,0,0,0,0,1,0.7,0.7,1.6,2.3,11,60,45,0,0.25,0.25,0,0.25,0.09,0.21,0.3,0.09,0.3,Matches
185,Agustín Giay,arARG,DF,Palmeiras,21-150,2004,11,9,880,9.8,0,0,0,0,0,0,0,0,0.2,0.2,0.6,0.8,19,52,9,0,0,0,0,0,0.02,0.06,0.09,0.02,0.09,Matches
186,Gil,brBRA,DF,Santos,38-003,1987,6,6,540,6,0,0,0,0,0,0,2,0,0.3,0.3,0,0.3,0,6,3,0,0,0,0,0,0.05,0,0.05,0.05,0.05,Matches
187,Gilberto,brBRA,DF,Bahia,32-100,1993,10,9,781,8.7,1,0,1,1,0,0,2,0,0.4,0.4,0.6,0.9,15,32,23,0.12,0,0.12,0.12,0.12,0.04,0.06,0.1,0.04,0.1,Matches
188,Gilberto,brBRA,"FW,MF",Juventude,36-010,1989,8,4,387,4.3,0,1,1,0,0,0,2,0,0.4,0.4,0.1,0.5,0,5,9,0,0.23,0.23,0,0.23,0.09,0.02,0.11,0.09,0.11,Matches
189,Giovanny,brBRA,"FW,MF",Juventude,27-269,1997,9,4,336,3.7,0,1,1,0,0,0,0,0,0.7,0.7,1,1.7,13,9,23,0,0.27,0.27,0,0.27,0.18,0.27,0.45,0.18,0.45,Matches
190,Daniel Giraldo,coCOL,MF,Juventude,32-349,1992,7,6,495,5.5,0,0,0,0,0,0,2,0,0,0,0,0,3,16,3,0,0,0,0,0,0.01,0,0.01,0.01,0.01,Matches
191,Leonardo Godoy,arARG,DF,Santos,30-048,1995,6,5,416,4.6,0,0,0,0,0,0,1,0,0,0,0.1,0.1,5,8,9,0,0,0,0,0,0,0.02,0.02,0,0.02,Matches
192,Davi Goes,brBRA,MF,Juventude,19-358,2005,2,1,64,0.7,0,0,0,0,0,0,0,0,0,0,0,0,0,2,0,0,0,0,0,0,0.02,0,0.02,0.02,0.02,Matches
193,Fredi Gomes,brBRA,DF,Bahia,19-023,2006,1,1,90,1,0,0,0,0,0,0,0,0,0,0,0,0,0,1,0,0,0,0,0,0,0,0,0,0,0,Matches
194,Igor Gomes,brBRA,"MF,FW",Atlético Mineiro,26-090,1999,10,4,355,3.9,1,2,3,1,0,0,0,0,0.6,0.6,0.6,1.2,2,29,14,0.25,0.51,0.76,0.25,0.76,0.14,0.16,0.3,0.14,0.3,Matches
195,Gustavo Gómez,pyPAR,DF,Palmeiras,32-040,1993,8,8,709,7.9,0,0,0,0,0,0,3,0,0.3,0.3,0,0.3,0,9,2,0,0,0,0,0,0.04,0,0.04,0.04,0.04,Matches
196,Nuno Gonçalo Moreira,ptPOR,FW,Vasco da Gama,25-364,1999,12,11,854,9.5,3,1,4,3,0,0,1,0,1.2,1.2,1.7,2.9,26,54,72,0.32,0.11,0.42,0.32,0.42,0.13,0.18,0.3,0.13,0.3,Matches
197,Matheus Gonçalves,brBRA,FW,Flamengo,19-301,2005,3,0,37,0.4,0,0,0,0,0,0,0,0,0,0,0,0.1,1,2,6,0,0,0,0,0,0.07,0.08,0.16,0.07,0.16,Matches
198,Gregore,brBRA,MF,Botafogo (RJ),31-105,1994,10,10,863,9.6,0,0,0,0,0,0,3,0,0.2,0.2,0.3,0.5,7,59,10,0,0,0,0,0,0.02,0.03,0.05,0.02,0.05,Matches
199,Guga,brBRA,DF,Fluminense,26-290,1998,5,3,247,2.7,1,0,1,1,0,0,1,0,0.1,0.1,0.6,0.7,4,14,7,0.36,0,0.36,0.36,0.36,0.04,0.21,0.25,0.04,0.25,Matches
200,Guilherme,brBRA,FW,Santos,30-063,1995,9,9,768,8.5,2,0,2,2,0,0,0,0,1.9,1.9,0.3,2.2,28,29,76,0.23,0,0.23,0.23,0.23,0.22,0.04,0.26,0.22,0.26,Matches
Rk,Player,Nation,Pos,Squad,Age,Born,MP,Starts,Min,90s,Gls,Ast,G+A,G-PK,PK,PKatt,CrdY,CrdR,xG,npxG,xAG,npxG+xAG,PrgC,PrgP,PrgR,Gls,Ast,G+A,G-PK,G+A-PK,xG,xAG,xG+xAG,npxG,npxG+xAG,Matches
201,Guilherme,brBRA,DF,RB Bragantino,23-121,2002,3,2,181,2,1,0,1,1,0,0,0,0,0.6,0.6,0.1,0.6,3,2,7,0.5,0,0.5,0.5,0.5,0.29,0.03,0.32,0.29,0.32,Matches
202,Gustavinho,brBRA,MF,RB Bragantino,21-053,2004,5,0,73,0.8,0,0,0,0,0,0,0,0,0,0,0.1,0.1,3,7,5,0,0,0,0,0,0.02,0.11,0.12,0.02,0.12,Matches
203,Gustavo,brBRA,GK,Juventude,32-097,1993,6,6,495,5.5,0,0,0,0,0,0,1,0,0,0,0,0,0,0,0,0,0,0,0,0,0,0,0,0,0,Matches
204,Luiz Gustavo,brBRA,MF,São Paulo,37-327,1987,1,1,90,1,0,0,0,0,0,0,0,0,0.2,0.2,0,0.2,0,4,5,0,0,0,0,0,0.17,0.02,0.19,0.17,0.19,Matches
205,Luiz Gustavo,brBRA,DF,Vasco da Gama,19-064,2006,4,3,287,3.2,0,0,0,0,0,0,3,0,,,,,,,,0,0,0,0,0,,,,,,Matches
206,Ryan Gustavo,brBRA,MF,Corinthians,21-335,2003,5,2,204,2.3,0,0,0,0,0,0,1,0,0.1,0.1,0,0.1,2,7,3,0,0,0,0,0,0.03,0.01,0.04,0.03,0.04,Matches
207,Lucas Halter,brBRA,DF,Vitória,25-044,2000,11,11,990,11,1,0,1,1,0,0,2,0,0.8,0.8,0,0.8,6,27,0,0.09,0,0.09,0.09,0.09,0.07,0,0.07,0.07,0.07,Matches
208,Héctor,esESP,"FW,MF",Corinthians,29-274,1995,9,3,246,2.7,1,0,1,1,0,0,0,0,0.5,0.5,0.1,0.6,0,0,13,0.37,0,0.37,0.37,0.37,0.19,0.02,0.21,0.19,0.21,Matches
209,Henrique,brBRA,FW,São Paulo,18-218,2006,1,0,1,0,0,0,0,0,0,0,0,0,0,0,0,0,0,0,0,0,0,0,0,0,0,0,0,0,0,Matches
210,Bruno Henrique,brBRA,"FW,MF",Flamengo,34-167,1990,11,7,585,6.5,1,0,1,1,0,0,0,0,1.9,1.9,0.2,2.1,17,14,44,0.15,0,0.15,0.15,0.15,0.29,0.03,0.32,0.29,0.32,Matches
211,Bruno Henrique,brBRA,MF,Internacional,35-237,1989,9,9,575,6.4,1,0,1,1,0,0,2,1,0.9,0.9,0.4,1.3,4,34,9,0.16,0,0.16,0.16,0.16,0.14,0.06,0.2,0.14,0.2,Matches
212,Dalbert Henrique,brBRA,"DF,FW",Sport Recife,31-280,1993,5,0,110,1.2,0,0,0,0,0,0,2,0,0,0,0,0,2,6,18,0,0,0,0,0,0,0,0,0,0,Matches
213,Gustavo Henrique,brBRA,DF,Corinthians,32-083,1993,3,3,270,3,0,0,0,0,0,0,0,0,0.1,0.1,0,0.1,0,6,0,0,0,0,0,0,0.05,0,0.05,0.05,0.05,Matches
214,Matheus Henrique,brBRA,MF,Cruzeiro,27-178,1997,2,2,180,2,0,0,0,0,0,0,1,0,0,0,0.1,0.1,1,4,1,0,0,0,0,0,0,0.03,0.03,0,0.03,Matches
215,Paulo Henrique,brBRA,DF,Vasco da Gama,28-325,1996,10,10,875,9.7,0,3,3,0,0,0,4,0,0.7,0.7,1.8,2.4,29,35,61,0,0.31,0.31,0,0.31,0.07,0.18,0.25,0.07,0.25,Matches
216,Pedro Henrique,brBRA,FW,Ceará,34-364,1990,7,6,451,5,1,0,1,1,0,0,2,0,1,1,0.1,1.1,15,6,24,0.2,0,0.2,0.2,0.2,0.2,0.02,0.22,0.2,0.22,Matches
217,Pedro Henrique,brBRA,DF,RB Bragantino,29-256,1995,11,11,990,11,0,1,1,0,0,0,2,0,0.2,0.2,0.2,0.4,6,33,0,0,0.09,0.09,0,0.09,0.02,0.02,0.03,0.02,0.03,Matches
218,Hércules,brBRA,MF,Fluminense,24-238,2000,8,7,518,5.8,1,0,1,1,0,0,1,0,1,1,0,1,6,25,14,0.17,0,0.17,0.17,0.17,0.17,0,0.17,0.17,0.17,Matches
219,Diogo Hereda,brBRA,DF,Sport Recife,26-268,1998,11,10,848,9.4,0,1,1,0,0,0,1,0,0.2,0.2,0.4,0.7,18,47,77,0,0.11,0.11,0,0.11,0.03,0.04,0.07,0.03,0.07,Matches
220,Lucca Holanda,brBRA,"FW,MF",Internacional,22-074,2003,4,1,161,1.8,0,0,0,0,0,0,0,0,0.5,0.5,0.1,0.6,5,2,9,0,0,0,0,0,0.27,0.07,0.34,0.27,0.34,Matches
221,Hugo,brBRA,DF,Corinthians,27-290,1997,3,2,154,1.7,0,0,0,0,0,0,0,0,0.1,0.1,0,0.1,4,12,12,0,0,0,0,0,0.06,0.02,0.08,0.06,0.08,Matches
222,Vitor Hugo,brBRA,DF,Atlético Mineiro,34-026,1991,5,2,191,2.1,0,0,0,0,0,0,0,0,0.1,0.1,0,0.1,1,4,0,0,0,0,0,0,0.02,0.02,0.04,0.02,0.04,Matches
223,Hulk,brBRA,"FW,MF",Atlético Mineiro,38-325,1986,11,10,910,10.1,1,2,3,0,1,1,3,0,1.9,1.1,2,3.1,20,19,84,0.1,0.2,0.3,0,0.2,0.19,0.2,0.39,0.11,0.31,Matches
224,José Hurtado,ecECU,DF,RB Bragantino,23-174,2001,11,11,854,9.5,0,0,0,0,0,0,2,1,0.3,0.3,0.3,0.7,20,31,23,0,0,0,0,0,0.04,0.03,0.07,0.04,0.07,Matches
225,Hyan,brBRA,MF,Santos,21-083,2004,1,0,13,0.1,0,0,0,0,0,0,0,0,0,0,0,0,0,1,0,0,0,0,0,0,0,0.15,0.15,0,0.15,Matches
Rk,Player,Nation,Pos,Squad,Age,Born,MP,Starts,Min,90s,Gls,Ast,G+A,G-PK,PK,PKatt,CrdY,CrdR,xG,npxG,xAG,npxG+xAG,PrgC,PrgP,PrgR,Gls,Ast,G+A,G-PK,G+A-PK,xG,xAG,xG+xAG,npxG,npxG+xAG,Matches
226,Iago,brBRA,"DF,MF",Bahia,28-084,1997,5,3,208,2.3,0,0,0,0,0,0,0,0,0.1,0.1,0.2,0.3,2,4,11,0,0,0,0,0,0.04,0.1,0.14,0.04,0.14,Matches
227,Ignácio,brBRA,DF,Fluminense,28-196,1996,7,4,367,4.1,0,0,0,0,0,0,0,0,0.1,0.1,0.5,0.7,1,4,1,0,0,0,0,0,0.04,0.13,0.17,0.04,0.17,Matches
228,Juan Ignacio Dinenno,arARG,FW,Cruzeiro,30-291,1994,1,0,12,0.1,0,0,0,0,0,0,0,0,0,0,0,0,0,0,0,0,0,0,0,0,0,0,0,0,0,Matches
229,Juan Ignacio Dinenno,arARG,FW,São Paulo,30-291,1994,1,0,45,0.5,0,0,0,0,0,0,1,0,0,0,0,0,0,1,4,0,0,0,0,0,0,0,0,0,0,Matches
230,Isaque,brBRA,MF,Fluminense,18-052,2007,1,0,22,0.2,0,0,0,0,0,0,0,0,0,0,0,0,0,1,1,0,0,0,0,0,0,0,0,0,0,Matches
231,Zé Ivaldo,brBRA,DF,Santos,28-114,1997,11,10,945,10.5,1,0,1,1,0,0,4,0,0.8,0.8,0,0.8,4,32,0,0.1,0,0.1,0.1,0.1,0.08,0,0.08,0.08,0.08,Matches
232,Jadson,brBRA,MF,Juventude,31-289,1993,10,10,891,9.9,0,1,1,0,0,0,3,0,0.5,0.5,0.4,0.9,4,38,27,0,0.1,0.1,0,0.1,0.05,0.04,0.09,0.05,0.09,Matches
233,Jair,brBRA,MF,Vasco da Gama,30-293,1994,7,4,351,3.9,0,0,0,0,0,0,2,0,0.1,0.1,0.2,0.3,3,25,2,0,0,0,0,0,0.02,0.05,0.06,0.02,0.06,Matches
234,Jamerson,brBRA,DF,Vitória,26-279,1998,12,12,"1,026",11.4,0,2,2,0,0,0,0,0,0.4,0.4,1,1.4,33,42,51,0,0.18,0.18,0,0.18,0.04,0.09,0.12,0.04,0.12,Matches
235,Janderson,brBRA,"FW,MF",Vitória,26-040,1999,11,9,729,8.1,1,0,1,1,0,0,3,0,0.7,0.7,0.3,1,9,12,33,0.12,0,0.12,0.12,0.12,0.09,0.04,0.13,0.09,0.13,Matches
236,Léo Jardim,brBRA,GK,Vasco da Gama,30-087,1995,12,12,"1,080",12,0,0,0,0,0,0,0,0,0,0,0,0,0,0,0,0,0,0,0,0,0,0,0,0,0,Matches
237,Jeffinho,brBRA,MF,Botafogo (RJ),25-167,1999,3,1,56,0.6,0,1,1,0,0,0,0,0,0.3,0.3,0.1,0.4,4,5,0,0,1.61,1.61,0,1.61,0.45,0.14,0.6,0.45,0.6,Matches
238,Jemerson,brBRA,DF,Grêmio,32-295,1992,9,8,770,8.6,1,0,1,1,0,0,3,0,0.9,0.9,0,0.9,4,21,2,0.12,0,0.12,0.12,0.12,0.11,0,0.11,0.11,0.11,Matches
239,Jemmes,brBRA,DF,Mirassol,25-067,2000,11,11,990,11,1,0,1,1,0,0,1,0,1.3,1.3,0,1.3,8,22,1,0.09,0,0.09,0.09,0.09,0.12,0,0.12,0.12,0.12,Matches
240,Caíque de Jesus Gonçalves,brBRA,MF,Juventude,29-248,1995,5,4,318,3.5,0,0,0,0,0,0,1,0,0,0,0,0,4,10,0,0,0,0,0,0,0.01,0,0.01,0.01,0.01,Matches
241,Igor Jesus,brBRA,FW,Botafogo (RJ),24-110,2001,10,10,875,9.7,3,1,4,3,0,0,0,0,2.5,2.5,1.2,3.7,15,21,51,0.31,0.1,0.41,0.31,0.41,0.26,0.13,0.38,0.26,0.38,Matches
242,Maykon Jesus,brBRA,DF,Vitória,19-190,2005,1,0,46,0.5,0,0,0,0,0,0,0,0,0,0,0,0,2,5,2,0,0,0,0,0,0,0,0,0,0,Matches
243,John,brBRA,GK,Botafogo (RJ),29-122,1996,11,11,990,11,0,0,0,0,0,0,2,0,0,0,0,0,0,0,0,0,0,0,0,0,0,0,0,0,0,Matches
244,Jonathan,brBRA,DF,Cruzeiro,21-019,2004,5,4,284,3.2,0,1,1,0,0,0,0,1,0,0,0.5,0.5,0,5,3,0,0.32,0.32,0,0.32,0,0.14,0.14,0,0.14,Matches
245,Kaio Jorge,brBRA,FW,Cruzeiro,23-142,2002,11,11,829,9.2,8,2,10,8,0,1,2,0,6.3,5.5,1.1,6.7,17,14,63,0.87,0.22,1.09,0.87,1.09,0.69,0.12,0.81,0.6,0.73,Matches
246,José,brBRA,DF,Cruzeiro,19-288,2005,1,0,1,0,0,0,0,0,0,0,0,0,0,0,0,0,0,0,0,0,0,0,0,0,0,0,0,0,0,Matches
247,Willian José,brBRA,FW,Bahia,33-204,1991,10,6,492,5.5,2,1,3,1,1,1,1,0,2.6,1.8,1.6,3.3,2,8,22,0.37,0.18,0.55,0.18,0.37,0.47,0.29,0.76,0.32,0.61,Matches
248,Jhonatan Jowjow,brBRA,MF,RB Bragantino,22-279,2002,12,12,941,10.5,2,1,3,2,0,0,2,0,1.2,1.2,3.4,4.6,32,66,49,0.19,0.1,0.29,0.19,0.29,0.12,0.32,0.44,0.12,0.44,Matches
249,Luciano Juba,brBRA,DF,Bahia,25-290,1999,12,11,984,10.9,2,3,5,2,0,0,1,0,1.2,1.2,2.1,3.3,25,50,32,0.18,0.27,0.46,0.18,0.46,0.11,0.19,0.3,0.11,0.3,Matches
250,Juninho,brBRA,FW,Flamengo,28-206,1996,6,2,212,2.4,0,0,0,0,0,0,0,0,0.7,0.7,0.1,0.8,0,2,15,0,0,0,0,0,0.3,0.02,0.33,0.3,0.33,Matches
Rk,Player,Nation,Pos,Squad,Age,Born,MP,Starts,Min,90s,Gls,Ast,G+A,G-PK,PK,PKatt,CrdY,CrdR,xG,npxG,xAG,npxG+xAG,PrgC,PrgP,PrgR,Gls,Ast,G+A,G-PK,G+A-PK,xG,xAG,xG+xAG,npxG,npxG+xAG,Matches
251,Juninho,brBRA,DF,Internacional,29-171,1995,5,5,450,5,0,0,0,0,0,0,1,0,0.2,0.2,0,0.2,4,16,2,0,0,0,0,0,0.04,0,0.05,0.04,0.05,Matches
252,Kaiki,brBRA,DF,Cruzeiro,22-099,2003,12,12,"1,074",11.9,0,2,2,0,0,0,2,0,0.6,0.6,1.2,1.8,22,40,40,0,0.17,0.17,0,0.17,0.05,0.1,0.15,0.05,0.15,Matches
253,Walter Kannemann,arARG,DF,Grêmio,34-093,1991,4,3,331,3.7,0,0,0,0,0,0,1,0,0.3,0.3,0.1,0.4,1,4,0,0,0,0,0,0,0.08,0.02,0.11,0.08,0.11,Matches
254,Kanu,brBRA,DF,Bahia,28-100,1997,2,2,102,1.1,0,0,0,0,0,0,0,0,0,0,0.1,0.1,0,3,0,0,0,0,0,0,0,0.05,0.05,0,0.05,Matches
255,Kayke,brBRA,FW,Corinthians,21-048,2004,1,0,13,0.1,0,0,0,0,0,0,0,0,0,0,0,0,3,0,2,0,0,0,0,0,0.14,0,0.14,0.14,0.14,Matches
256,Renato Kayser,brBRA,FW,Vitória,29-118,1996,5,4,391,4.3,3,0,3,3,0,0,0,0,3.3,3.3,0.2,3.5,1,2,13,0.69,0,0.69,0.69,0.69,0.77,0.05,0.81,0.77,0.81,Matches
257,Kenji,brBRA,FW,Cruzeiro,19-136,2006,1,0,9,0.1,0,0,0,0,0,0,0,0,0,0,0,0,1,1,3,0,0,0,0,0,0,0,0,0,0,Matches
258,Keno,brBRA,FW,Fluminense,35-278,1989,4,0,96,1.1,0,0,0,0,0,0,0,0,0.4,0.4,0.1,0.5,5,2,12,0,0,0,0,0,0.36,0.09,0.45,0.36,0.45,Matches
259,Kevyson,brBRA,DF,Santos,21-078,2004,1,0,16,0.2,0,0,0,0,0,0,0,0,0,0,0,0,0,0,2,0,0,0,0,0,0,0,0,0,0,Matches
260,Benjamín Kuscevic,clCHI,DF,Fortaleza,29-044,1996,11,11,980,10.9,0,0,0,0,0,0,0,0,0.2,0.1,0.1,0.2,5,26,0,0,0,0,0,0,0.02,0,0.02,0.01,0.02,Matches
261,Ignacio Laquintana,uyURU,FW,RB Bragantino,26-134,1999,7,3,225,2.5,2,0,2,2,0,0,0,0,0.4,0.4,0,0.4,5,6,22,0.8,0,0.8,0.8,0.8,0.17,0,0.17,0.17,0.17,Matches
262,Joaquín Lavega,uyURU,DF,Fluminense,20-132,2005,1,0,8,0.1,0,0,0,0,0,0,0,0,0,0,0,0,1,0,2,0,0,0,0,0,0,0,0,0,0,Matches
263,Lelê,brBRA,FW,Ceará,27-257,1997,7,0,110,1.2,0,0,0,0,0,0,0,0,0.7,0.7,0,0.7,5,2,8,0,0,0,0,0,0.57,0,0.57,0.57,0.57,Matches
264,Mauricio Lemos,uyURU,DF,Vasco da Gama,29-169,1995,2,1,91,1,0,0,0,0,0,0,0,0,0,0,0,0,0,3,0,0,0,0,0,0,0,0,0,0,0,Matches
265,Rubén Lezcano,pyPAR,MF,Fluminense,21-126,2004,3,0,43,0.5,0,0,0,0,0,0,0,0,0.1,0.1,0.1,0.2,2,4,3,0,0,0,0,0,0.16,0.21,0.38,0.16,0.38,Matches
266,Lima,brBRA,MF,Fluminense,29-004,1996,8,4,397,4.4,1,0,1,1,0,0,1,0,1.6,1.6,0.1,1.8,6,13,19,0.23,0,0.23,0.23,0.23,0.37,0.03,0.4,0.37,0.4,Matches
267,Lucas Lima,brBRA,MF,Ceará,24-346,2000,4,0,36,0.4,0,0,0,0,0,0,0,0,0,0,0,0,0,2,1,0,0,0,0,0,0,0,0,0,0,Matches
268,Lucas Lima,brBRA,"MF,FW",Sport Recife,34-341,1990,10,9,779,8.7,0,2,2,0,0,0,4,0,0.5,0.5,1.3,1.8,14,64,37,0,0.23,0.23,0,0.23,0.06,0.15,0.2,0.06,0.2,Matches
269,Kauan Lindes,brBRA,MF,Botafogo (RJ),21-199,2003,1,0,31,0.3,0,0,0,0,0,0,0,0,0,0,0.2,0.2,1,3,2,0,0,0,0,0,0,0.59,0.59,0,0.59,Matches
270,Lenny Lobato,brBRA,FW,Sport Recife,24-132,2001,7,2,244,2.7,0,0,0,0,0,0,0,0,0.4,0.4,0.1,0.5,6,2,18,0,0,0,0,0,0.16,0.03,0.19,0.16,0.19,Matches
271,David Loiola,brBRA,DF,Botafogo (RJ),22-176,2002,6,6,499,5.5,0,0,0,0,0,0,0,1,0,0,0.1,0.1,6,25,0,0,0,0,0,0,0.01,0.02,0.03,0.01,0.03,Matches
272,José López,arARG,FW,Palmeiras,24-191,2000,10,6,519,5.8,2,0,2,1,1,1,2,0,3.4,2.6,0.3,2.9,12,11,26,0.35,0,0.35,0.17,0.17,0.59,0.04,0.64,0.45,0.5,Matches
273,Lourenço,brBRA,MF,Ceará,27-281,1997,9,2,274,3,0,0,0,0,0,0,0,0,0.1,0.1,0.3,0.4,1,11,1,0,0,0,0,0,0.05,0.1,0.15,0.05,0.15,Matches
274,Lucão,brBRA,GK,RB Bragantino,24-109,2001,1,1,90,1,0,0,0,0,0,0,0,0,0,0,0,0,0,0,0,0,0,0,0,0,0,0,0,0,0,Matches
275,Ayrton Lucas,brBRA,DF,Flamengo,27-361,1997,5,2,213,2.4,1,0,1,1,0,0,1,0,0.6,0.6,0.1,0.7,8,16,5,0.42,0,0.42,0.42,0.42,0.26,0.03,0.28,0.26,0.28,Matches
Rk,Player,Nation,Pos,Squad,Age,Born,MP,Starts,Min,90s,Gls,Ast,G+A,G-PK,PK,PKatt,CrdY,CrdR,xG,npxG,xAG,npxG+xAG,PrgC,PrgP,PrgR,Gls,Ast,G+A,G-PK,G+A-PK,xG,xAG,xG+xAG,npxG,npxG+xAG,Matches
276,Jean Lucas,brBRA,MF,Bahia,26-358,1998,10,9,698,7.8,0,0,0,0,0,0,1,1,1.1,1.1,1.1,2.2,17,26,33,0,0,0,0,0,0.14,0.15,0.28,0.14,0.28,Matches
277,João Lucas,brBRA,DF,Grêmio,27-098,1998,1,0,45,0.5,0,0,0,0,0,0,0,0,0,0,0,0,0,0,0,0,0,0,0,0,0,0,0,0,0,Matches
278,Zé Lucas,brBRA,MF,Sport Recife,17-084,2008,8,5,431,4.8,0,0,0,0,0,0,0,0,0.2,0.2,0.3,0.4,6,15,13,0,0,0,0,0,0.04,0.05,0.09,0.04,0.09,Matches
279,Luciano,brBRA,MF,São Paulo,32-028,1993,11,8,674,7.5,1,0,1,0,1,1,3,0,2.4,1.6,1.3,2.9,9,24,38,0.13,0,0.13,0,0,0.32,0.17,0.49,0.22,0.39,Matches
280,Luighi,brBRA,"FW,DF",Palmeiras,19-046,2006,2,0,56,0.6,0,0,0,0,0,0,0,0,0.1,0.1,0.3,0.3,4,1,7,0,0,0,0,0,0.1,0.42,0.52,0.1,0.52,Matches
281,Victor Luis,brBRA,DF,Vasco da Gama,31-357,1993,1,1,90,1,0,0,0,0,0,0,0,0,0.1,0.1,0,0.1,1,7,3,0,0,0,0,0,0.06,0.03,0.08,0.06,0.08,Matches
282,Luisão,brBRA,DF,Santos,21-279,2003,3,2,168,1.9,0,0,0,0,0,0,1,0,0.1,0.1,0,0.1,0,2,2,0,0,0,0,0,0.03,0,0.03,0.03,0.03,Matches
283,David Luiz,brBRA,DF,Fortaleza,38-054,1987,7,4,399,4.4,0,0,0,0,0,0,2,0,0.2,0.2,0,0.2,4,21,3,0,0,0,0,0,0.04,0.01,0.05,0.04,0.05,Matches
284,Guilherme Luiz,brBRA,FW,Ceará,20-051,2005,4,0,116,1.3,0,1,1,0,0,0,0,0,0.1,0.1,0.8,0.9,2,1,4,0,0.78,0.78,0,0.78,0.07,0.64,0.71,0.07,0.71,Matches
285,Lyanco,brBRA,DF,Atlético Mineiro,28-134,1997,8,8,718,8,0,0,0,0,0,0,6,2,0.5,0.5,0.1,0.7,8,35,1,0,0,0,0,0,0.07,0.01,0.08,0.07,0.08,Matches
286,Everton Maceió,brBRA,"FW,MF",Mirassol,21-336,2003,5,1,132,1.5,0,0,0,0,0,0,0,0,0.1,0.1,1,1.1,9,7,19,0,0,0,0,0,0.1,0.67,0.77,0.1,0.77,Matches
287,Willian Machado,brBRA,DF,Ceará,28-214,1996,11,11,969,10.8,0,0,0,0,0,0,2,0,0.3,0.3,0,0.3,2,24,0,0,0,0,0,0,0.03,0,0.03,0.03,0.03,Matches
288,Talles Magno,brBRA,"FW,MF",Corinthians,22-354,2002,9,4,385,4.3,0,1,1,0,0,0,1,0,1.1,1.1,0.5,1.6,11,14,56,0,0.23,0.23,0,0.23,0.26,0.12,0.38,0.26,0.38,Matches
289,Gustavo Maia,brBRA,FW,Sport Recife,24-144,2001,1,0,17,0.2,0,0,0,0,0,0,0,0,0,0,0,0,2,0,6,0,0,0,0,0,0.05,0.17,0.22,0.05,0.22,Matches
290,Pablo Maia,brBRA,MF,São Paulo,23-156,2002,5,3,249,2.8,0,0,0,0,0,0,2,0,0,0,0,0.1,1,7,1,0,0,0,0,0,0.01,0.01,0.02,0.01,0.02,Matches
291,Thiago Maia,brBRA,MF,Internacional,28-084,1997,9,6,477,5.3,1,1,2,1,0,0,0,0,0.6,0.6,0.3,0.9,4,34,10,0.19,0.19,0.38,0.19,0.38,0.12,0.05,0.17,0.12,0.17,Matches
292,Léo Mana,brBRA,DF,Corinthians,21-070,2004,2,2,135,1.5,0,0,0,0,0,0,0,0,0,0,0,0,1,6,5,0,0,0,0,0,0,0.02,0.02,0,0.02,Matches
293,Gustavo Mancha,brBRA,DF,Fortaleza,20-325,2004,9,9,800,8.9,0,0,0,0,0,0,2,0,0.1,0.1,0,0.1,8,43,3,0,0,0,0,0,0.02,0,0.02,0.02,0.02,Matches
294,Eros Mancuso,arARG,"DF,FW",Fortaleza,26-059,1999,9,7,596,6.6,0,0,0,0,0,0,1,0,0.6,0.6,0.4,1,10,26,27,0,0,0,0,0,0.09,0.06,0.16,0.09,0.16,Matches
295,Luis Mandaca,brBRA,"MF,FW",Juventude,23-256,2001,10,9,700,7.8,1,0,1,1,0,0,1,0,0.7,0.7,0.3,1,13,21,25,0.13,0,0.13,0.13,0.13,0.09,0.04,0.12,0.09,0.12,Matches
296,Elias Manoel,brBRA,"MF,FW",Botafogo (RJ),23-197,2001,2,0,27,0.3,0,0,0,0,0,0,0,0,0,0,0.1,0.1,1,2,1,0,0,0,0,0,0,0.18,0.18,0,0.18,Matches
297,Fernando Marçal,brBRA,DF,Botafogo (RJ),36-116,1989,2,0,27,0.3,0,0,0,0,0,0,2,0,0,0,0,0,0,3,1,0,0,0,0,0,0,0,0,0,0,Matches
298,Marcão,brBRA,GK,Juventude,33-101,1992,6,5,495,5.5,0,0,0,0,0,0,0,0,0,0,0,0,0,0,0,0,0,0,0,0,0,0,0,0,0,Matches
299,João Marcelo,brBRA,FW,Atlético Mineiro,20-061,2005,6,0,57,0.6,1,0,1,1,0,0,0,0,0.2,0.2,0,0.3,1,3,9,1.58,0,1.58,1.58,1.58,0.39,0.03,0.42,0.39,0.42,Matches
300,Zé Marcos,brBRA,DF,Vitória,27-134,1998,9,8,765,8.5,0,0,0,0,0,0,1,0,0,0,0,0,4,31,1,0,0,0,0,0,0,0,0,0,0,Matches
Rk,Player,Nation,Pos,Squad,Age,Born,MP,Starts,Min,90s,Gls,Ast,G+A,G-PK,PK,PKatt,CrdY,CrdR,xG,npxG,xAG,npxG+xAG,PrgC,PrgP,PrgR,Gls,Ast,G+A,G-PK,G+A-PK,xG,xAG,xG+xAG,npxG,npxG+xAG,Matches
301,Marinho,brBRA,FW,Fortaleza,35-017,1990,8,5,392,4.4,0,2,2,0,0,0,1,1,0.8,0.8,2,2.8,15,7,43,0,0.46,0.46,0,0.46,0.19,0.46,0.64,0.19,0.64,Matches
302,Marlon,brBRA,DF,Cruzeiro,28-026,1997,1,0,6,0.1,0,0,0,0,0,0,0,0,0,0,0,0,0,0,0,0,0,0,0,0,0,0.41,0.41,0,0.41,Matches
303,Marlon,brBRA,DF,Grêmio,28-026,1997,8,8,720,8,0,0,0,0,0,0,2,0,0.3,0.3,1.2,1.4,10,19,15,0,0,0,0,0,0.03,0.15,0.18,0.03,0.18,Matches
304,Lucca Marques,brBRA,"FW,MF",São Paulo,18-001,2007,3,1,113,1.3,0,0,0,0,0,0,0,0,0.1,0.1,0,0.1,4,0,11,0,0,0,0,0,0.11,0,0.11,0.11,0.11,Matches
305,Marquinhos,brBRA,FW,Cruzeiro,22-069,2003,7,1,127,1.4,0,0,0,0,0,0,0,0,0.1,0.1,0.3,0.4,2,2,9,0,0,0,0,0,0.1,0.21,0.31,0.1,0.31,Matches
306,Juan Martín Lucero,arARG,FW,Fortaleza,33-197,1991,12,7,697,7.7,3,1,4,3,0,1,2,0,3.4,2.6,2,4.6,2,10,31,0.39,0.13,0.52,0.39,0.52,0.43,0.26,0.7,0.33,0.6,Matches
307,Martinelli,brBRA,MF,Fluminense,24-036,2001,11,11,947,10.5,1,1,2,1,0,0,0,0,1.5,1.5,1.2,2.6,12,55,12,0.1,0.1,0.19,0.1,0.19,0.14,0.11,0.25,0.14,0.25,Matches
308,Alejandro Martínez,arARG,FW,Ceará,28-060,1997,2,0,49,0.5,0,1,1,0,0,0,0,0,0,0,0.1,0.1,0,1,3,0,1.84,1.84,0,1.84,0.03,0.09,0.12,0.03,0.12,Matches
309,Emiliano Martínez,uyURU,MF,Palmeiras,25-302,1999,10,7,605,6.7,1,0,1,1,0,0,1,0,0.3,0.3,0.3,0.5,5,21,1,0.15,0,0.15,0.15,0.15,0.04,0.04,0.08,0.04,0.08,Matches
310,Adriano Martins,brBRA,DF,Juventude,28-075,1997,5,5,360,4,0,0,0,0,0,0,1,0,0.2,0.2,0,0.2,0,6,0,0,0,0,0,0,0.05,0,0.05,0.05,0.05,Matches
311,Andre Martins,brBRA,FW,Grêmio,23-180,2001,6,0,91,1,0,0,0,0,0,0,0,0,1,1,0,1,1,3,8,0,0,0,0,0,1.01,0,1.01,1.01,1.01,Matches
312,Matheus Martins,brBRA,"FW,MF",Botafogo (RJ),21-334,2003,5,3,280,3.1,0,0,0,0,0,0,1,0,0.5,0.5,0.1,0.5,20,11,18,0,0,0,0,0,0.15,0.03,0.17,0.15,0.17,Matches
313,Gustavo Martins Santos,brBRA,DF,Grêmio,22-308,2002,3,2,197,2.2,0,0,0,0,0,0,1,0,0.2,0.2,0,0.3,2,5,2,0,0,0,0,0,0.11,0,0.12,0.11,0.12,Matches
314,Gonzalo Mastriani,uyURU,FW,Botafogo (RJ),32-048,1993,7,3,254,2.8,1,0,1,1,0,0,1,0,1.7,1.7,0.7,2.4,1,3,7,0.35,0,0.35,0.35,0.35,0.58,0.25,0.83,0.58,0.83,Matches
315,Matheusinho,brBRA,MF,Vitória,27-240,1997,9,9,735,8.2,2,0,2,2,0,0,3,1,1.7,1.7,0.3,2,23,26,30,0.24,0,0.24,0.24,0.24,0.2,0.03,0.24,0.2,0.24,Matches
316,Matheuzinho,brBRA,DF,Corinthians,24-280,2000,9,9,800,8.9,0,0,0,0,0,0,4,0,0.2,0.2,0.2,0.4,17,52,42,0,0,0,0,0,0.02,0.02,0.05,0.02,0.05,Matches
317,Ricardo Mathias,brBRA,FW,Internacional,18-325,2006,4,2,161,1.8,1,0,1,1,0,0,0,0,2.2,2.2,0.1,2.3,0,2,9,0.56,0,0.56,0.56,0.56,1.21,0.07,1.28,1.21,1.28,Matches
318,Guillermo Matías Fernández,arARG,MF,Fortaleza,33-247,1991,7,3,286,3.2,0,2,2,0,0,0,1,0,0.4,0.4,0.2,0.6,2,13,9,0,0.63,0.63,0,0.63,0.12,0.07,0.2,0.12,0.2,Matches
319,Mauricio,brBRA,"MF,FW",Palmeiras,24-024,2001,7,2,265,2.9,1,0,1,1,0,0,0,0,1,1,0.2,1.2,5,12,11,0.34,0,0.34,0.34,0.34,0.33,0.07,0.4,0.33,0.4,Matches
320,Maycon,brBRA,MF,Corinthians,27-335,1997,10,5,521,5.8,0,0,0,0,0,0,0,0,0,0,0.3,0.3,6,34,15,0,0,0,0,0,0.01,0.04,0.05,0.01,0.05,Matches
321,Mayke,brBRA,DF,Palmeiras,32-217,1992,2,2,121,1.3,0,0,0,0,0,0,1,0,0.1,0.1,0,0.1,6,11,5,0,0,0,0,0,0.06,0,0.06,0.06,0.06,Matches
322,Luca Meirelles,brBRA,"MF,FW",Santos,18-092,2007,4,0,22,0.2,0,0,0,0,0,0,0,0,0,0,0,0,0,1,0,0,0,0,0,0,0,0,0,0,0,Matches
323,Memphis,nlNED,FW,Corinthians,31-122,1994,8,8,630,7,3,3,6,3,0,1,2,0,3.6,2.8,1.5,4.3,10,29,52,0.43,0.43,0.86,0.43,0.86,0.52,0.21,0.73,0.4,0.61,Matches
324,Nathan Mendes,brBRA,DF,RB Bragantino,22-300,2002,2,0,99,1.1,0,0,0,0,0,0,0,0,0,0,0.1,0.1,4,3,7,0,0,0,0,0,0.01,0.08,0.09,0.01,0.09,Matches
325,Vinicius Mendonça,brBRA,FW,RB Bragantino,21-115,2004,12,8,656,7.3,0,2,2,0,0,0,1,0,0.5,0.5,0.6,1.1,27,17,58,0,0.27,0.27,0,0.27,0.07,0.08,0.15,0.07,0.15,Matches
Rk,Player,Nation,Pos,Squad,Age,Born,MP,Starts,Min,90s,Gls,Ast,G+A,G-PK,PK,PKatt,CrdY,CrdR,xG,npxG,xAG,npxG+xAG,PrgC,PrgP,PrgR,Gls,Ast,G+A,G-PK,G+A-PK,xG,xAG,xG+xAG,npxG,npxG+xAG,Matches
326,Jean Meneses,clCHI,FW,Vasco da Gama,32-091,1993,1,0,1,0,0,0,0,0,0,0,0,0,0,0,0,0,0,0,1,0,0,0,0,0,0,0,0,0,0,Matches
327,Gabriel Menino,brBRA,MF,Atlético Mineiro,24-259,2000,8,3,350,3.9,0,1,1,0,0,0,0,0,0.2,0.2,0.7,0.9,11,34,11,0,0.26,0.26,0,0.26,0.05,0.17,0.22,0.05,0.22,Matches
328,Micael,brBRA,DF,Palmeiras,24-307,2000,6,6,540,6,0,0,0,0,0,0,1,0,0,0,0,0,5,13,1,0,0,0,0,0,0,0,0.01,0,0.01,Matches
329,Michael,brBRA,FW,Flamengo,29-095,1996,10,5,442,4.9,1,3,4,1,0,0,0,0,1.1,1.1,2,3.2,16,20,72,0.2,0.61,0.81,0.2,0.81,0.23,0.41,0.64,0.23,0.64,Matches
330,Fernando Miguel,brBRA,GK,Ceará,40-133,1985,8,7,657,7.3,0,0,0,0,0,0,0,0,0,0,0,0,0,0,0,0,0,0,0,0,0,0,0,0,0,Matches
331,Moises,brBRA,"FW,MF",Fortaleza,28-286,1996,3,2,140,1.6,0,1,1,0,0,0,1,0,0.2,0.2,0.3,0.5,5,2,12,0,0.64,0.64,0,0.64,0.13,0.17,0.3,0.13,0.3,Matches
332,Miguel Monsalve,coCOL,"FW,MF",Grêmio,21-108,2004,7,2,282,3.1,0,1,1,0,0,0,2,0,0.1,0.1,0.6,0.7,6,14,8,0,0.32,0.32,0,0.32,0.04,0.19,0.23,0.04,0.23,Matches
333,Aníbal Moreno,arARG,MF,Palmeiras,26-033,1999,8,3,352,3.9,0,0,0,0,0,0,0,0,0,0,0.7,0.7,3,9,3,0,0,0,0,0,0.01,0.17,0.19,0.01,0.19,Matches
334,Henry Mosquera,coCOL,FW,RB Bragantino,23-212,2001,6,3,324,3.6,0,0,0,0,0,0,0,0,0.8,0.8,0.3,1.1,26,13,40,0,0,0,0,0,0.22,0.09,0.31,0.22,0.31,Matches
335,Gustavo Mosquito,brBRA,"FW,MF",Vitória,27-281,1997,10,6,480,5.3,0,2,2,0,0,0,0,0,0.4,0.4,1.1,1.5,21,18,41,0,0.37,0.37,0,0.37,0.08,0.2,0.29,0.08,0.29,Matches
336,Hugo Moura,brBRA,MF,Vasco da Gama,27-163,1998,11,9,859,9.5,0,1,1,0,0,0,4,0,0.4,0.4,0.4,0.7,5,31,6,0,0.1,0.1,0,0.1,0.04,0.04,0.08,0.04,0.08,Matches
337,Lucas Moura,brBRA,FW,São Paulo,32-306,1992,1,0,26,0.3,0,0,0,0,0,0,0,0,0,0,0,0,0,0,1,0,0,0,0,0,0,0,0,0,0,Matches
338,Neto Moura,brBRA,MF,Mirassol,28-313,1996,9,9,644,7.2,0,0,0,0,0,0,3,0,0.1,0.1,0.1,0.2,1,43,7,0,0,0,0,0,0.01,0.02,0.03,0.01,0.03,Matches
339,Lucas Mugni,arARG,MF,Ceará,33-154,1992,10,10,709,7.9,1,4,5,1,0,0,2,0,0.3,0.3,1.8,2.1,6,27,30,0.13,0.51,0.63,0.13,0.63,0.04,0.22,0.26,0.04,0.26,Matches
340,Alex Muralha,brBRA,GK,Mirassol,35-217,1989,6,6,540,6,0,0,0,0,0,0,2,0,0,0,0.2,0.2,0,0,0,0,0,0,0,0,0,0.03,0.03,0,0.03,Matches
341,Nata,brBRA,MF,Juventude,24-010,2001,1,0,31,0.3,0,0,0,0,0,0,0,0,0,0,0,0,0,0,0,0,0,0,0,0,0,0,0,0,0,Matches
342,Natanael,brBRA,DF,Atlético Mineiro,23-161,2002,12,11,893,9.9,0,0,0,0,0,0,1,0,0.2,0.2,0.7,0.9,12,31,54,0,0,0,0,0,0.02,0.07,0.09,0.02,0.09,Matches
343,Nathan,brBRA,DF,Internacional,23-283,2001,1,1,90,1,0,0,0,0,0,0,0,0,0.1,0.1,0,0.1,3,5,4,0,0,0,0,0,0.06,0,0.06,0.06,0.06,Matches
344,Nathan,brBRA,"MF,FW",Grêmio,29-094,1996,2,1,90,1,0,0,0,0,0,0,0,0,0.1,0.1,0,0.1,2,2,0,0,0,0,0,0,0.06,0.04,0.11,0.06,0.11,Matches
345,Kaiky Naves,brBRA,DF,Palmeiras,23-038,2002,1,0,19,0.2,0,0,0,0,0,0,0,0,0,0,0,0,0,0,0,0,0,0,0,0,0,0,0,0,0,Matches
346,Negueba,brBRA,FW,Mirassol,25-194,1999,7,4,372,4.1,0,0,0,0,0,0,2,0,0.3,0.3,0.3,0.6,8,10,31,0,0,0,0,0,0.07,0.08,0.15,0.07,0.15,Matches
347,Nenê,brBRA,"MF,FW",Juventude,43-331,1981,6,1,195,2.2,0,0,0,0,0,0,0,0,0.2,0.2,0.4,0.6,4,16,19,0,0,0,0,0,0.11,0.17,0.28,0.11,0.28,Matches
348,Neris,brBRA,DF,Vitória,32-363,1992,3,2,135,1.5,0,0,0,0,0,0,1,0,0,0,0,0,0,3,0,0,0,0,0,0,0.02,0,0.02,0.02,0.02,Matches
349,Rodrigo Nestor,brBRA,MF,Bahia,24-310,2000,5,3,234,2.6,0,0,0,0,0,0,0,0,0.1,0.1,0.3,0.4,4,11,8,0,0,0,0,0,0.03,0.11,0.14,0.03,0.14,Matches
350,José Vitor Silva Neves,brBRA,FW,Mirassol,25-044,2000,2,0,25,0.3,0,0,0,0,0,0,1,0,0,0,0,0,0,1,0,0,0,0,0,0,0,0,0,0,0,Matches
Rk,Player,Nation,Pos,Squad,Age,Born,MP,Starts,Min,90s,Gls,Ast,G+A,G-PK,PK,PKatt,CrdY,CrdR,xG,npxG,xAG,npxG+xAG,PrgC,PrgP,PrgR,Gls,Ast,G+A,G-PK,G+A-PK,xG,xAG,xG+xAG,npxG,npxG+xAG,Matches
351,Newton,brBRA,MF,Botafogo (RJ),25-095,2000,3,1,113,1.3,0,0,0,0,0,0,1,0,0,0,0,0,0,5,0,0,0,0,0,0,0,0,0,0,0,Matches
352,Neymar,brBRA,"MF,FW",Santos,33-130,1992,4,2,180,2,0,0,0,0,0,0,3,1,0.5,0.5,0.2,0.7,8,12,9,0,0,0,0,0,0.27,0.1,0.37,0.27,0.37,Matches
353,Nicolas,brBRA,DF,Ceará,28-111,1997,5,2,193,2.1,0,0,0,0,0,0,0,0,0,0,0.3,0.3,6,9,11,0,0,0,0,0,0.01,0.13,0.14,0.01,0.14,Matches
354,Nonato,brBRA,MF,Fluminense,27-104,1998,7,3,348,3.9,0,0,0,0,0,0,3,0,0.1,0.1,0.2,0.3,3,10,10,0,0,0,0,0,0.03,0.04,0.08,0.03,0.08,Matches
355,Sérgio Oliveira,ptPOR,MF,Sport Recife,33-013,1992,7,6,537,6,1,0,1,1,0,0,3,0,0.5,0.5,0.4,0.9,10,35,9,0.17,0,0.17,0.17,0.17,0.09,0.06,0.15,0.09,0.15,Matches
356,Cauly Oliveira Souza,brBRA,"MF,FW",Bahia,29-273,1995,10,5,466,5.2,1,2,3,1,0,0,1,0,1.6,1.6,0.4,2,14,27,32,0.19,0.39,0.58,0.19,0.58,0.31,0.08,0.39,0.31,0.39,Matches
357,Cristian Olivera,uyURU,FW,Grêmio,23-059,2002,8,8,618,6.9,2,0,2,2,0,0,1,0,1.6,1.6,0.3,1.9,29,14,47,0.29,0,0.29,0.29,0.29,0.23,0.05,0.28,0.23,0.28,Matches
358,Christian Ortiz,arARG,MF,Sport Recife,32-299,1992,6,0,178,2,0,0,0,0,0,0,0,0,0.2,0.2,0.2,0.4,2,13,17,0,0,0,0,0,0.11,0.09,0.21,0.11,0.21,Matches
359,Leo Ortiz,brBRA,DF,Flamengo,29-163,1996,10,10,897,10,0,1,1,0,0,0,1,0,0.4,0.4,0.6,1,11,78,2,0,0.1,0.1,0,0.1,0.04,0.06,0.1,0.04,0.1,Matches
360,Oscar,brBRA,"FW,MF",São Paulo,33-279,1991,3,2,170,1.9,0,0,0,0,0,0,1,0,0.5,0.5,0.4,0.8,3,10,14,0,0,0,0,0,0.24,0.19,0.43,0.24,0.43,Matches
361,Osvaldo,brBRA,"FW,MF",Vitória,38-065,1987,7,4,268,3,0,1,1,0,0,0,1,0,0.2,0.2,1.3,1.5,8,10,36,0,0.34,0.34,0,0.34,0.07,0.43,0.5,0.07,0.5,Matches
362,Luis Otávio,brBRA,"MF,FW",Internacional,18-064,2007,5,0,77,0.9,0,0,0,0,0,0,0,0,0,0,0,0,1,4,2,0,0,0,0,0,0,0.02,0.02,0,0.02,Matches
363,João Othavio Basso,brBRA,DF,Santos,28-153,1997,3,3,248,2.8,0,0,0,0,0,0,0,0,0,0,0,0,0,4,0,0,0,0,0,0,0,0.01,0.01,0,0.01,Matches
364,Pablo,brBRA,FW,Sport Recife,32-357,1992,7,7,532,5.9,1,0,1,1,0,0,1,0,1.2,1.2,0.2,1.5,3,5,20,0.17,0,0.17,0.17,0.17,0.21,0.04,0.25,0.21,0.25,Matches
365,Ruan Pablo,brBRA,FW,Bahia,16-327,2008,1,0,9,0.1,0,0,0,0,0,0,0,0,0.4,0.4,0,0.4,1,1,3,0,0,0,0,0,3.53,0,3.53,3.53,3.53,Matches
366,Bruno Pacheco,brBRA,DF,Fortaleza,33-189,1991,3,3,270,3,0,0,0,0,0,0,1,0,0,0,0,0,2,6,6,0,0,0,0,0,0,0.02,0.02,0,0.02,Matches
367,Gonçalo Paciência,ptPOR,FW,Sport Recife,30-318,1994,2,1,77,0.9,0,0,0,0,0,0,0,0,0.2,0.2,0.1,0.3,0,2,2,0,0,0,0,0,0.27,0.06,0.33,0.27,0.33,Matches
368,Brahian Palacios,coCOL,MF,Atlético Mineiro,22-203,2002,1,0,8,0.1,0,0,0,0,0,0,0,0,0,0,0,0,0,0,1,0,0,0,0,0,0,0,0,0,0,Matches
369,Sergio Palacios,coCOL,DF,RB Bragantino,20-121,2005,1,0,26,0.3,0,0,0,0,0,0,1,0,0,0,0,0,0,0,0,0,0,0,0,0,0,0,0,0,0,Matches
370,Alan Patrick,brBRA,"MF,FW",Internacional,34-033,1991,8,8,643,7.1,2,4,6,1,1,1,3,0,1.7,0.9,4,4.8,9,48,30,0.28,0.56,0.84,0.14,0.7,0.23,0.55,0.79,0.12,0.68,Matches
371,Jair Paula,brBRA,DF,Botafogo (RJ),20-100,2005,11,11,990,11,0,1,1,0,0,0,0,0,0.5,0.5,0.2,0.7,3,31,3,0,0.09,0.09,0,0.09,0.05,0.02,0.07,0.05,0.07,Matches
372,Patrick de Paula,brBRA,MF,Botafogo (RJ),25-280,1999,6,4,284,3.2,0,0,0,0,0,0,0,0,0.1,0.1,0.1,0.2,3,16,6,0,0,0,0,0,0.04,0.02,0.06,0.04,0.06,Matches
373,Paulinho,brBRA,"MF,FW",Vasco da Gama,28-158,1997,8,3,209,2.3,0,0,0,0,0,0,2,0,0,0,0,0,3,15,3,0,0,0,0,0,0,0.02,0.02,0,0.02,Matches
374,Paulinho,brBRA,"MF,FW",Palmeiras,24-335,2000,7,1,224,2.5,0,0,0,0,0,0,0,0,0.2,0.2,0.4,0.6,6,8,24,0,0,0,0,0,0.09,0.15,0.24,0.09,0.24,Matches
375,Caio Paulista,brBRA,DF,Atlético Mineiro,27-035,1998,5,3,210,2.3,0,0,0,0,0,0,1,0,0.3,0.3,0.1,0.5,6,17,15,0,0,0,0,0,0.15,0.04,0.19,0.15,0.19,Matches
Rk,Player,Nation,Pos,Squad,Age,Born,MP,Starts,Min,90s,Gls,Ast,G+A,G-PK,PK,PKatt,CrdY,CrdR,xG,npxG,xAG,npxG+xAG,PrgC,PrgP,PrgR,Gls,Ast,G+A,G-PK,G+A-PK,xG,xAG,xG+xAG,npxG,npxG+xAG,Matches
376,Marcos Paulo,brBRA,DF,Juventude,22-148,2003,6,5,491,5.5,0,0,0,0,0,0,1,0,0.2,0.2,0.1,0.3,6,24,2,0,0,0,0,0,0.03,0.02,0.05,0.03,0.05,Matches
377,Cristian Pavón,arARG,"FW,MF",Grêmio,29-145,1996,7,3,336,3.7,0,0,0,0,0,0,2,0,0.2,0.2,0.2,0.4,9,12,32,0,0,0,0,0,0.06,0.05,0.11,0.06,0.11,Matches
378,Dimitri Payet,frFRA,MF,Vasco da Gama,38-078,1987,4,2,191,2.1,0,2,2,0,0,0,0,0,0.1,0.1,1.2,1.3,5,10,16,0,0.94,0.94,0,0.94,0.03,0.57,0.59,0.03,0.59,Matches
379,Pedro,brBRA,FW,Flamengo,27-360,1997,8,3,309,3.4,4,2,6,3,1,2,0,0,3.5,1.8,0.4,2.2,3,5,15,1.17,0.58,1.75,0.87,1.46,1.03,0.13,1.16,0.52,0.65,Matches
380,João Pedro Chermont,brBRA,DF,Santos,19-148,2006,5,2,249,2.8,0,0,0,0,0,0,3,0,0.1,0.1,0.8,0.9,4,9,13,0,0,0,0,0,0.02,0.29,0.31,0.02,0.31,Matches
381,João Pedro,brBRA,DF,Corinthians,21-166,2003,2,1,135,1.5,0,0,0,0,0,0,2,0,0,0,0,0,1,7,0,0,0,0,0,0,0.02,0.01,0.03,0.02,0.03,Matches
382,João Pedro,brBRA,DF,Grêmio,28-212,1996,6,5,381,4.2,0,0,0,0,0,0,0,0,0,0,0.2,0.2,6,20,13,0,0,0,0,0,0.01,0.04,0.04,0.01,0.04,Matches
383,João Pedro Pepê,brBRA,MF,Vitória,27-160,1998,5,2,178,2,0,0,0,0,0,0,1,1,0,0,0,0,2,5,2,0,0,0,0,0,0,0,0,0,0,Matches
384,Peixoto,brBRA,"MF,FW",Juventude,27-350,1997,2,0,36,0.4,0,0,0,0,0,0,0,0,0,0,0,0,1,2,0,0,0,0,0,0,0,0.04,0.04,0,0.04,Matches
385,Léo Pereira,brBRA,DF,Flamengo,29-135,1996,10,10,897,10,1,0,1,1,0,0,1,0,0.9,0.9,0,0.9,5,41,2,0.1,0,0.1,0.1,0.1,0.09,0,0.09,0.09,0.09,Matches
386,Matheus Pereira,brBRA,MF,Cruzeiro,29-041,1996,10,9,780,8.7,2,1,3,2,0,0,4,0,1.3,1.3,1.3,2.7,14,40,46,0.23,0.12,0.35,0.23,0.35,0.16,0.16,0.31,0.16,0.31,Matches
387,Luan Peres Petroni,brBRA,DF,Santos,30-331,1994,5,5,450,5,0,0,0,0,0,0,3,0,0,0,0,0,7,13,0,0,0,0,0,0,0,0.01,0.01,0,0.01,Matches
388,Pernambuco,brBRA,"FW,MF",Juventude,27-048,1998,3,0,57,0.6,0,0,0,0,0,0,0,0,0.2,0.2,0.1,0.3,4,6,7,0,0,0,0,0,0.28,0.18,0.47,0.28,0.47,Matches
389,Petterson,brBRA,MF,Juventude,21-162,2004,2,1,80,0.9,0,0,0,0,0,0,0,0,0.1,0.1,0,0.1,4,1,4,0,0,0,0,0,0.11,0,0.11,0.11,0.11,Matches
390,Yago Pikachu,brBRA,"FW,DF",Fortaleza,33-010,1992,12,8,764,8.5,2,0,2,0,2,2,0,0,2.6,1.1,0.8,1.8,13,27,48,0.24,0,0.24,0,0,0.31,0.09,0.4,0.13,0.22,Matches
391,Joaquín Piquerez,uyURU,DF,Palmeiras,26-295,1998,11,10,945,10.5,2,0,2,1,1,2,2,0,1.9,0.3,0.8,1.1,14,65,64,0.19,0,0.19,0.1,0.1,0.18,0.07,0.25,0.03,0.1,Matches
392,Rafael Pires,brBRA,GK,São Paulo,35-357,1989,12,12,"1,080",12,0,0,0,0,0,0,2,0,0,0,0,0,0,0,0,0,0,0,0,0,0,0,0,0,0,Matches
393,Lucas Piton,brBRA,DF,Vasco da Gama,24-249,2000,11,11,990,11,0,3,3,0,0,0,2,0,0.1,0.1,2.1,2.2,21,52,85,0,0.27,0.27,0,0.27,0.01,0.19,0.2,0.01,0.2,Matches
394,Isidro Pitta,pyPAR,FW,RB Bragantino,25-305,1999,10,1,251,2.8,4,1,5,4,0,0,2,0,0.8,0.8,0.7,1.4,8,8,18,1.43,0.36,1.79,1.43,1.79,0.27,0.25,0.52,0.27,0.52,Matches
395,Diego Pituca,brBRA,MF,Santos,32-304,1992,8,3,322,3.6,1,0,1,1,0,0,2,0,0.1,0.1,0.1,0.2,4,16,9,0.28,0,0.28,0.28,0.28,0.03,0.02,0.05,0.03,0.05,Matches
396,Gonzalo Plata,ecECU,"FW,MF",Flamengo,24-226,2000,6,1,214,2.4,1,0,1,1,0,0,0,0,1,1,0.3,1.3,3,14,16,0.42,0,0.42,0.42,0.42,0.42,0.13,0.55,0.42,0.55,Matches
397,Tomas Pochettino,arARG,MF,Fortaleza,29-134,1996,7,4,391,4.3,1,1,2,1,0,0,0,0,0.5,0.5,0.6,1.1,24,23,26,0.23,0.23,0.46,0.23,0.46,0.12,0.13,0.26,0.12,0.26,Matches
398,Mateo Ponte,uyURU,DF,Botafogo (RJ),22-022,2003,8,0,129,1.4,1,0,1,1,0,0,1,0,0.5,0.5,0.2,0.7,5,4,21,0.7,0,0.7,0.7,0.7,0.36,0.16,0.52,0.36,0.52,Matches
399,Gustavo Prado,brBRA,"FW,MF",Internacional,20-009,2005,7,1,246,2.7,1,0,1,1,0,0,1,0,0.4,0.4,0.1,0.5,9,19,27,0.37,0,0.37,0.37,0.37,0.14,0.03,0.17,0.14,0.17,Matches
400,Lucca Prior,brBRA,FW,Fortaleza,21-123,2004,4,1,105,1.2,0,0,0,0,0,0,0,0,0.1,0.1,0.2,0.3,2,10,7,0,0,0,0,0,0.06,0.19,0.25,0.06,0.25,Matches
Rk,Player,Nation,Pos,Squad,Age,Born,MP,Starts,Min,90s,Gls,Ast,G+A,G-PK,PK,PKatt,CrdY,CrdR,xG,npxG,xAG,npxG+xAG,PrgC,PrgP,PrgR,Gls,Ast,G+A,G-PK,G+A-PK,xG,xAG,xG+xAG,npxG,npxG+xAG,Matches
401,Erick Pulga,brBRA,"FW,MF",Bahia,24-256,2000,12,9,859,9.5,2,3,5,2,0,0,1,0,2.7,2.7,1.9,4.6,64,25,100,0.21,0.31,0.52,0.21,0.52,0.28,0.2,0.48,0.28,0.48,Matches
402,Erick Pulgar,clCHI,MF,Flamengo,31-151,1994,9,8,652,7.2,1,0,1,1,0,0,2,0,0.2,0.2,0.3,0.5,1,29,7,0.14,0,0.14,0.14,0.14,0.02,0.04,0.06,0.02,0.06,Matches
403,Du Queiroz,brBRA,MF,Sport Recife,25-147,2000,11,8,615,6.8,0,0,0,0,0,0,0,0,0.5,0.5,0.5,1,16,36,28,0,0,0,0,0,0.07,0.08,0.15,0.07,0.15,Matches
404,Igor Rabello,brBRA,"DF,FW",Atlético Mineiro,30-048,1995,3,1,99,1.1,0,0,0,0,0,0,0,0,0,0,0,0,0,1,0,0,0,0,0,0,0,0,0,0,0,Matches
405,Zé Rafael,brBRA,MF,Santos,31-364,1993,5,4,326,3.6,0,0,0,0,0,0,1,0,0.2,0.2,0,0.2,5,12,2,0,0,0,0,0,0.05,0,0.05,0.05,0.05,Matches
406,André Ramalho,brBRA,DF,Corinthians,33-119,1992,8,8,720,8,0,0,0,0,0,0,3,0,0.1,0.1,0.2,0.3,7,34,1,0,0,0,0,0,0.01,0.02,0.03,0.01,0.03,Matches
407,Eric Ramires,brBRA,MF,RB Bragantino,24-309,2000,12,9,738,8.2,1,1,2,1,0,0,1,0,0.6,0.6,0.3,0.9,5,37,21,0.12,0.12,0.24,0.12,0.24,0.07,0.03,0.11,0.07,0.11,Matches
408,Ramon,brBRA,DF,Internacional,24-094,2001,5,4,329,3.7,0,0,0,0,0,0,1,0,0.1,0.1,0.1,0.3,8,13,16,0,0,0,0,0,0.04,0.04,0.08,0.04,0.08,Matches
409,Lucas Ramon,brBRA,DF,Mirassol,31-100,1994,10,10,826,9.2,1,1,2,1,0,0,2,0,0.3,0.3,0.9,1.2,18,25,36,0.11,0.11,0.22,0.11,0.22,0.03,0.1,0.13,0.03,0.13,Matches
410,Santi Ramos Mingo,arARG,DF,Bahia,23-206,2001,12,12,"1,080",12,0,0,0,0,0,0,2,0,0.3,0.3,0.4,0.7,15,48,0,0,0,0,0,0,0.03,0.03,0.06,0.03,0.06,Matches
411,Rafael Ramos,ptPOR,DF,Ceará,30-157,1995,6,2,260,2.9,0,0,0,0,0,0,1,0,0,0,0.2,0.2,5,12,7,0,0,0,0,0,0.01,0.06,0.07,0.01,0.07,Matches
412,Raniele,brBRA,MF,Corinthians,28-166,1996,10,9,626,7,0,0,0,0,0,0,2,0,0.1,0.1,0.4,0.5,5,23,7,0,0,0,0,0,0.02,0.06,0.07,0.02,0.07,Matches
413,Wellington Rato,brBRA,"FW,MF",Vitória,32-352,1992,5,3,212,2.4,1,0,1,1,0,0,0,0,0.2,0.2,0.1,0.2,1,8,13,0.42,0,0.42,0.42,0.42,0.07,0.03,0.1,0.07,0.1,Matches
414,Pedro Raul,brBRA,FW,Ceará,28-222,1996,11,11,909,10.1,6,0,6,5,1,1,2,0,4,3.2,1.5,4.7,4,15,33,0.59,0,0.59,0.5,0.5,0.4,0.15,0.55,0.32,0.47,Matches
415,Raykkonen,brBRA,FW,Internacional,16-337,2008,1,0,23,0.3,0,0,0,0,0,0,0,0,0,0,0,0,0,0,1,0,0,0,0,0,0,0,0,0,0,Matches
416,Reginaldo,brBRA,DF,Juventude,32-113,1993,4,1,111,1.2,0,0,0,0,0,0,1,0,0,0,0,0,1,2,7,0,0,0,0,0,0.01,0,0.01,0.01,0.01,Matches
417,Reinaldo,brBRA,DF,Mirassol,35-260,1989,11,10,911,10.1,6,2,8,2,4,5,2,0,4.9,1,2.3,3.2,15,51,34,0.59,0.2,0.79,0.2,0.4,0.48,0.23,0.71,0.09,0.32,Matches
418,Cristian Renato,brBRA,FW,Mirassol,25-117,2000,10,4,495,5.5,1,1,2,1,0,0,2,0,1.4,1.4,0.2,1.6,1,4,27,0.18,0.18,0.36,0.18,0.36,0.26,0.03,0.29,0.26,0.29,Matches
419,Renê,brBRA,DF,Fluminense,32-274,1992,8,8,712,7.9,1,0,1,1,0,0,0,0,0.1,0.1,0.8,0.9,23,37,33,0.13,0,0.13,0.13,0.13,0.01,0.1,0.12,0.01,0.12,Matches
420,Rezende,brBRA,MF,Bahia,30-164,1995,1,1,90,1,0,0,0,0,0,0,0,0,0,0,0,0,0,3,0,0,0,0,0,0,0,0,0,0,0,Matches
421,Murilo Rhikman,brBRA,MF,Cruzeiro,19-094,2006,1,0,1,0,0,0,0,0,0,0,0,0,0,0,0,0,1,0,0,0,0,0,0,0,0,0,0,0,0,Matches
422,Everton Ribeiro,brBRA,MF,Bahia,36-066,1989,11,8,605,6.7,1,0,1,0,1,1,4,1,1.4,0.6,1.6,2.1,14,55,24,0.15,0,0.15,0,0,0.2,0.23,0.44,0.09,0.32,Matches
423,Ricardo,brBRA,MF,Vitória,31-108,1994,11,8,560,6.2,0,0,0,0,0,0,3,0,0.1,0.1,0.4,0.5,2,27,7,0,0,0,0,0,0.02,0.06,0.07,0.02,0.07,Matches
424,João Ricardo Riedi,brBRA,GK,Fortaleza,36-282,1988,12,12,"1,080",12,0,0,0,0,0,0,1,0,0,0,0.1,0.1,0,0,0,0,0,0,0,0,0,0.01,0.01,0,0.01,Matches
425,Charles Rigon Matos,brBRA,"DF,MF",Corinthians,28-361,1996,4,0,75,0.8,0,0,0,0,0,0,1,0,0,0,0,0,0,3,11,0,0,0,0,0,0,0,0,0,0,Matches
Rk,Player,Nation,Pos,Squad,Age,Born,MP,Starts,Min,90s,Gls,Ast,G+A,G-PK,PK,PKatt,CrdY,CrdR,xG,npxG,xAG,npxG+xAG,PrgC,PrgP,PrgR,Gls,Ast,G+A,G-PK,G+A-PK,xG,xAG,xG+xAG,npxG,npxG+xAG,Matches
426,Tomás Rincón,veVEN,MF,Santos,37-153,1988,6,5,423,4.7,0,0,0,0,0,0,2,0,0.2,0.2,0,0.3,3,19,7,0,0,0,0,0,0.05,0.01,0.06,0.05,0.06,Matches
427,Richard Ríos,coCOL,MF,Palmeiras,25-013,2000,9,9,643,7.1,0,2,2,0,0,0,4,0,0.6,0.6,0.7,1.3,9,29,22,0,0.28,0.28,0,0.28,0.08,0.09,0.18,0.08,0.18,Matches
428,Riquelme,brBRA,"FW,MF",Fluminense,18-094,2007,2,0,35,0.4,0,0,0,0,0,0,0,0,0,0,0,0,2,1,5,0,0,0,0,0,0.04,0,0.04,0.04,0.04,Matches
429,Christian Rivera,coCOL,MF,Sport Recife,29-152,1996,9,8,661,7.3,0,0,0,0,0,0,4,0,0.1,0.1,0.1,0.2,3,25,4,0,0,0,0,0,0.01,0.01,0.02,0.01,0.02,Matches
430,Sergio Rochet,uyURU,GK,Internacional,32-084,1993,1,1,45,0.5,0,0,0,0,0,0,0,0,0,0,0,0,0,0,0,0,0,0,0,0,0,0,0,0,0,Matches
431,Rodrigo,brBRA,"FW,MF",São Paulo,21-091,2004,5,0,70,0.8,0,0,0,0,0,0,3,0,0.2,0.2,0,0.2,3,2,12,0,0,0,0,0,0.23,0.03,0.26,0.23,0.26,Matches
432,Guzmán Rodríguez,uyURU,DF,RB Bragantino,25-127,2000,11,11,990,11,0,0,0,0,0,0,3,0,0.4,0.4,0,0.4,3,31,1,0,0,0,0,0,0.03,0,0.03,0.03,0.03,Matches
433,Luciano Rodríguez,uyURU,FW,Bahia,21-334,2003,10,6,486,5.4,0,0,0,0,0,0,1,0,1.2,1.2,0.2,1.5,8,6,26,0,0,0,0,0,0.23,0.04,0.27,0.23,0.27,Matches
434,Santiago Rodríguez,uyURU,"MF,FW",Botafogo (RJ),25-158,2000,6,1,159,1.8,0,0,0,0,0,0,0,0,0.3,0.3,0.1,0.4,3,4,15,0,0,0,0,0,0.15,0.07,0.22,0.15,0.22,Matches
435,Rodriguinho,brBRA,FW,Cruzeiro,22-010,2003,1,0,15,0.2,0,0,0,0,0,0,0,0,0,0,0,0,0,1,1,0,0,0,0,0,0,0,0,0,0,Matches
436,Agustín Rogel,uyURU,DF,Internacional,27-241,1997,5,5,450,5,0,0,0,0,0,0,0,0,0.1,0.1,0,0.1,0,9,1,0,0,0,0,0,0.02,0,0.02,0.02,0.02,Matches
437,Benjamín Rollheiser,arARG,"MF,FW",Santos,25-083,2000,12,11,894,9.9,0,1,1,0,0,0,3,0,0.6,0.6,2.3,2.9,21,52,43,0,0.1,0.1,0,0.1,0.06,0.23,0.29,0.06,0.29,Matches
438,Iván Román,clCHI,DF,Atlético Mineiro,18-338,2006,2,1,92,1,0,0,0,0,0,0,1,0,0.4,0.4,0,0.4,0,6,1,0,0,0,0,0,0.4,0,0.4,0.4,0.4,Matches
439,Romarinho,brBRA,"MF,FW",Sport Recife,31-106,1994,4,0,65,0.7,0,0,0,0,0,0,0,0,0.3,0.3,0,0.3,3,3,11,0,0,0,0,0,0.35,0.02,0.37,0.35,0.37,Matches
440,Ángel Romero,pyPAR,"FW,MF",Corinthians,32-346,1992,12,6,603,6.7,0,1,1,0,0,0,2,0,0.9,0.9,1.1,2,12,23,51,0,0.15,0.15,0,0.15,0.13,0.16,0.3,0.13,0.3,Matches
441,Lucas Romero,arARG,MF,Cruzeiro,31-058,1994,11,10,943,10.5,1,1,2,1,0,0,4,0,0.2,0.2,0.3,0.5,4,47,4,0.1,0.1,0.19,0.1,0.19,0.02,0.03,0.04,0.02,0.04,Matches
442,Óscar Romero,pyPAR,MF,Internacional,32-346,1992,8,2,259,2.9,0,1,1,0,0,0,1,0,0.2,0.2,0.8,1,8,25,10,0,0.35,0.35,0,0.35,0.08,0.28,0.36,0.08,0.36,Matches
443,Romulo,brBRA,"MF,FW",Ceará,23-251,2001,8,0,122,1.4,0,0,0,0,0,0,0,0,0.2,0.2,0.6,0.8,3,15,10,0,0,0,0,0,0.14,0.42,0.56,0.14,0.56,Matches
444,Rômulo,brBRA,DF,Atlético Mineiro,21-135,2004,2,2,150,1.7,0,0,0,0,0,0,0,0,0,0,0,0,0,5,0,0,0,0,0,0,0,0,0,0,0,Matches
445,Ronald,brBRA,MF,Vitória,27-362,1997,10,8,709,7.9,0,0,0,0,0,0,2,0,0.2,0.2,0.5,0.6,15,44,16,0,0,0,0,0,0.02,0.06,0.08,0.02,0.08,Matches
446,Ronald,brBRA,"DF,MF",Grêmio,22-124,2003,5,0,143,1.6,0,0,0,0,0,0,0,0,0,0,0,0,1,8,1,0,0,0,0,0,0,0,0,0,0,Matches
447,Ronaldo,brBRA,GK,Bahia,28-297,1996,4,4,288,3.2,0,0,0,0,0,0,0,0,0,0,0,0,0,0,0,0,0,0,0,0,0,0,0,0,0,Matches
448,Ronaldo,brBRA,MF,Internacional,28-235,1996,11,6,683,7.6,0,0,0,0,0,0,3,1,0.5,0.5,0,0.6,4,28,1,0,0,0,0,0,0.07,0.01,0.07,0.07,0.07,Matches
449,Budiga Roni,brBRA,MF,Mirassol,26-061,1999,4,0,84,0.9,0,0,0,0,0,0,1,0,0,0,0,0,0,5,1,0,0,0,0,0,0,0,0,0,0,Matches
450,Rony,brBRA,FW,Atlético Mineiro,30-035,1995,12,12,"1,009",11.2,3,0,3,3,0,0,3,0,3.6,3.6,0.3,3.9,14,23,76,0.27,0,0.27,0.27,0.27,0.32,0.02,0.35,0.32,0.35,Matches
Rk,Player,Nation,Pos,Squad,Age,Born,MP,Starts,Min,90s,Gls,Ast,G+A,G-PK,PK,PKatt,CrdY,CrdR,xG,npxG,xAG,npxG+xAG,PrgC,PrgP,PrgR,Gls,Ast,G+A,G-PK,G+A-PK,xG,xAG,xG+xAG,npxG,npxG+xAG,Matches
451,Vitor Roque,brBRA,FW,Palmeiras,20-107,2005,10,5,506,5.6,2,0,2,2,0,0,2,0,2.2,2.2,0.6,2.8,16,7,32,0.36,0,0.36,0.36,0.36,0.39,0.12,0.5,0.39,0.5,Matches
452,Diego Rosa,brBRA,"MF,DF",Internacional,22-246,2002,5,1,173,1.9,0,0,0,0,0,0,0,0,0,0,0,0.1,2,7,9,0,0,0,0,0,0.01,0.02,0.04,0.01,0.04,Matches
453,Matheus Rossetto,brBRA,MF,Fortaleza,29-012,1996,7,7,503,5.6,0,0,0,0,0,0,0,0,0,0,0,0,3,36,4,0,0,0,0,0,0,0,0,0,0,Matches
454,Agustín Rossi,arARG,GK,Flamengo,29-298,1995,11,11,990,11,0,0,0,0,0,0,1,0,0,0,0,0,0,0,0,0,0,0,0,0,0,0,0,0,0,Matches
455,Ruan,brBRA,DF,São Paulo,26-008,1999,5,4,361,4,0,0,0,0,0,0,1,0,0,0,0,0,0,6,0,0,0,0,0,0,0,0,0,0,0,Matches
456,Rubens,brBRA,"DF,MF",Atlético Mineiro,23-359,2001,12,10,943,10.5,1,0,1,1,0,0,2,0,1.5,1.5,0.3,1.8,13,47,38,0.1,0,0.1,0.1,0.1,0.14,0.03,0.17,0.14,0.17,Matches
457,Alan Ruschel,brBRA,DF,Juventude,35-296,1989,8,8,685,7.6,0,0,0,0,0,0,2,0,0,0,0.6,0.6,8,22,21,0,0,0,0,0,0,0.08,0.08,0,0.08,Matches
458,Rwan,brBRA,FW,Botafogo (RJ),24-026,2001,4,2,168,1.9,0,0,0,0,0,0,0,0,0.3,0.3,0.3,0.6,2,5,9,0,0,0,0,0,0.15,0.18,0.33,0.15,0.33,Matches
459,José Sabino,brBRA,DF,São Paulo,28-233,1996,6,5,415,4.6,0,0,0,0,0,0,1,0,0.2,0.2,0,0.2,4,29,1,0,0,0,0,0,0.04,0.01,0.05,0.04,0.05,Matches
460,Rodrigo Sam,brBRA,DF,Juventude,29-326,1995,5,4,363,4,0,0,0,0,0,0,2,0,0.2,0.2,0,0.2,1,11,0,0,0,0,0,0,0.05,0,0.05,0.05,0.05,Matches
461,Alex Sandro,brBRA,DF,Flamengo,34-140,1991,9,9,749,8.3,0,0,0,0,0,0,1,0,0.1,0.1,0.8,0.9,17,68,21,0,0,0,0,0,0.01,0.1,0.11,0.01,0.11,Matches
462,Agustín Sant'Anna,uyURU,DF,RB Bragantino,27-261,1997,4,1,132,1.5,0,0,0,0,0,0,1,0,0.1,0.1,0.1,0.2,3,1,9,0,0,0,0,0,0.05,0.06,0.11,0.05,0.11,Matches
463,Alex Santana,brBRA,MF,Corinthians,30-033,1995,3,1,106,1.2,0,0,0,0,0,0,0,0,0.1,0.1,0,0.1,0,7,1,0,0,0,0,0,0.09,0,0.09,0.09,0.09,Matches
464,Ademir Santos,brBRA,FW,Bahia,30-119,1995,9,7,530,5.9,0,0,0,0,0,0,2,0,1,1,0.9,1.8,25,20,70,0,0,0,0,0,0.17,0.15,0.31,0.17,0.31,Matches
465,Eduardo Santos,brBRA,"DF,FW",RB Bragantino,27-199,1997,5,1,176,2,0,0,0,0,0,0,0,0,0,0,0.1,0.1,2,4,3,0,0,0,0,0,0,0.05,0.05,0,0.05,Matches
466,Júnior Santos,brBRA,"FW,MF",Atlético Mineiro,30-247,1994,7,0,136,1.5,2,0,2,2,0,0,1,0,2.1,2.1,0,2.1,4,2,17,1.32,0,1.32,1.32,1.32,1.37,0.02,1.39,1.37,1.39,Matches
467,Rodrigo Santos,brBRA,FW,Fortaleza,24-270,2000,1,0,13,0.1,0,0,0,0,0,0,0,0,0,0,0,0,0,0,2,0,0,0,0,0,0,0,0,0,0,Matches
468,Renzo Saravia,arARG,DF,Atlético Mineiro,31-364,1993,6,1,138,1.5,0,0,0,0,0,0,0,0,0.1,0.1,0,0.1,4,4,8,0,0,0,0,0,0.06,0,0.06,0.06,0.06,Matches
469,Eduardo Sasha,brBRA,"FW,MF",RB Bragantino,33-111,1992,12,11,861,9.6,2,1,3,2,0,0,2,0,3.6,3.6,0.9,4.5,14,23,58,0.21,0.1,0.31,0.21,0.31,0.38,0.09,0.47,0.38,0.47,Matches
470,Lucas Sasha,brBRA,MF,Fortaleza,35-106,1990,8,8,657,7.3,0,0,0,0,0,0,0,0,0.2,0.2,0,0.3,8,21,19,0,0,0,0,0,0.03,0.01,0.04,0.03,0.04,Matches
471,Jefferson Savarino,veVEN,"MF,FW",Botafogo (RJ),28-216,1996,7,7,589,6.5,2,1,3,2,0,0,1,0,0.9,0.9,0.8,1.7,11,31,26,0.31,0.15,0.46,0.31,0.46,0.14,0.12,0.26,0.14,0.26,Matches
472,Gustavo Scarpa,brBRA,"MF,FW",Atlético Mineiro,31-161,1994,12,11,957,10.6,0,1,1,0,0,0,1,0,1.1,1.1,2.5,3.5,20,75,46,0,0.09,0.09,0,0.09,0.1,0.23,0.33,0.1,0.33,Matches
473,João Schmidt,brBRA,MF,Santos,32-027,1993,9,7,619,6.9,0,0,0,0,0,0,3,0,0.4,0.4,0.2,0.6,1,47,4,0,0,0,0,0,0.06,0.03,0.08,0.06,0.08,Matches
474,Cleiton Schwengber,brBRA,GK,RB Bragantino,27-300,1997,11,11,990,11,0,0,0,0,0,0,2,0,0,0,0,0,0,0,0,0,0,0,0,0,0,0,0,0,0,Matches
475,Kevin Serna,coCOL,FW,Fluminense,27-180,1997,9,4,364,4,3,0,3,3,0,0,0,0,1.7,1.7,0.3,2,15,9,35,0.74,0,0.74,0.74,0.74,0.42,0.08,0.5,0.42,0.5,Matches
Rk,Player,Nation,Pos,Squad,Age,Born,MP,Starts,Min,90s,Gls,Ast,G+A,G-PK,PK,PKatt,CrdY,CrdR,xG,npxG,xAG,npxG+xAG,PrgC,PrgP,PrgR,Gls,Ast,G+A,G-PK,G+A-PK,xG,xAG,xG+xAG,npxG,npxG+xAG,Matches
476,Igor Serrote,brBRA,DF,Grêmio,20-106,2005,5,5,377,4.2,0,0,0,0,0,0,2,0,0,0,0.1,0.1,3,16,10,0,0,0,0,0,0.01,0.02,0.02,0.01,0.02,Matches
477,Juan Sforza,arARG,MF,Vasco da Gama,23-121,2002,2,1,71,0.8,0,0,0,0,0,0,0,0,0,0,0,0,1,4,0,0,0,0,0,0,0,0.02,0.02,0,0.02,Matches
478,Aderlan Silva,brBRA,DF,Santos,34-301,1990,2,1,87,1,0,0,0,0,0,0,0,0,0,0,0.1,0.1,1,6,2,0,0,0,0,0,0.01,0.1,0.11,0.01,0.11,Matches
479,André Silva,brBRA,FW,São Paulo,28-012,1997,11,8,793,8.8,3,1,4,2,1,1,4,0,2.9,2.1,2,4.1,8,11,42,0.34,0.11,0.45,0.23,0.34,0.33,0.22,0.55,0.24,0.46,Matches
480,Guilherme Silva,brBRA,FW,Corinthians,18-129,2007,1,0,11,0.1,0,0,0,0,0,0,0,0,0,0,0,0,1,0,0,0,0,0,0,0,0,0,0,0,0,Matches
481,João Silva,ptPOR,DF,Sport Recife,26-152,1999,8,8,720,8,0,0,0,0,0,0,1,0,0.1,0.1,0.5,0.6,4,37,0,0,0,0,0,0,0.01,0.06,0.08,0.01,0.08,Matches
482,Lucas Silva,brBRA,MF,Cruzeiro,32-119,1993,11,10,885,9.8,1,2,3,1,0,0,1,0,0.5,0.5,0.5,1,11,55,5,0.1,0.2,0.31,0.1,0.31,0.05,0.05,0.1,0.05,0.1,Matches
483,Patrick Silva,brBRA,MF,Atlético Mineiro,21-088,2004,3,2,224,2.5,0,0,0,0,0,0,0,0,0,0,0,0,4,5,3,0,0,0,0,0,0.01,0,0.01,0.01,0.01,Matches
484,Thiago Silva,brBRA,DF,Fluminense,40-266,1984,7,7,630,7,0,0,0,0,0,0,0,0,0.1,0.1,0,0.1,3,24,0,0,0,0,0,0,0.01,0,0.01,0.01,0.01,Matches
485,Cédric Soares,ptPOR,"DF,FW",São Paulo,33-288,1991,10,7,633,7,0,1,1,0,0,0,1,0,0,0,0.4,0.4,3,17,31,0,0.14,0.14,0,0.14,0,0.06,0.06,0,0.06,Matches
486,Everton Soares,brBRA,"FW,MF",Flamengo,29-085,1996,11,6,500,5.6,1,1,2,1,0,0,0,0,1.5,1.5,0.5,2,20,18,62,0.18,0.18,0.36,0.18,0.36,0.26,0.09,0.36,0.26,0.36,Matches
487,Tiquinho Soares,brBRA,FW,Santos,34-149,1991,11,9,686,7.6,1,2,3,0,1,1,2,0,1.7,0.9,0.5,1.5,3,9,21,0.13,0.26,0.39,0,0.26,0.23,0.07,0.3,0.12,0.19,Matches
488,Fernando Sobral,brBRA,MF,Ceará,30-180,1994,10,9,726,8.1,0,0,0,0,0,0,3,0,0,0,0.2,0.3,3,34,7,0,0,0,0,0,0.01,0.03,0.03,0.01,0.03,Matches
489,Yeferson Soteldo,veVEN,"FW,MF",Santos,27-350,1997,5,3,326,3.6,0,0,0,0,0,0,1,0,0.2,0.2,0.4,0.6,31,17,41,0,0,0,0,0,0.05,0.11,0.16,0.05,0.16,Matches
490,Souza,brBRA,DF,Santos,18-364,2006,3,3,225,2.5,0,1,1,0,0,0,0,0,0,0,0.3,0.3,5,3,7,0,0.4,0.4,0,0.4,0,0.11,0.11,0,0.11,Matches
491,Fabiano Souza,brBRA,DF,Ceará,25-093,2000,10,10,835,9.3,0,1,1,0,0,0,4,0,0.1,0.1,0.1,0.2,10,28,18,0,0.11,0.11,0,0.11,0.01,0.01,0.02,0.01,0.02,Matches
492,Hugo Souza,brBRA,GK,Corinthians,26-135,1999,7,7,630,7,0,0,0,0,0,0,1,0,0,0,0,0,0,0,0,0,0,0,0,0,0,0,0,0,0,Matches
493,Igor Vinícius de Souza,brBRA,DF,São Paulo,28-075,1997,3,2,164,1.8,0,0,0,0,0,0,1,0,0.2,0.2,0.1,0.3,1,8,18,0,0,0,0,0,0.12,0.04,0.15,0.12,0.15,Matches
494,Everaldo Stum,brBRA,FW,Fluminense,33-345,1991,11,5,477,5.3,1,0,1,1,0,0,1,0,1,1,1.1,2.1,3,6,26,0.19,0,0.19,0.19,0.19,0.19,0.22,0.41,0.19,0.41,Matches
495,Bruno Tabata,brBRA,"FW,MF",Internacional,28-077,1997,9,5,431,4.8,0,0,0,0,0,0,2,0,0.4,0.4,0.9,1.3,22,25,48,0,0,0,0,0,0.09,0.18,0.27,0.09,0.27,Matches
496,Gabriel Taliari,brBRA,FW,Juventude,28-063,1997,9,7,539,6,2,1,3,2,0,0,0,0,0.9,0.9,0.5,1.5,7,8,17,0.33,0.17,0.5,0.33,0.5,0.16,0.09,0.24,0.16,0.24,Matches
497,Tchê Tchê,brBRA,"MF,FW",Vasco da Gama,32-289,1992,9,7,587,6.5,0,0,0,0,0,0,0,0,0.1,0.1,0.1,0.2,6,36,12,0,0,0,0,0,0.02,0.01,0.03,0.02,0.03,Matches
498,Alex Teixeira,brBRA,"MF,FW",Vasco da Gama,35-160,1990,8,0,88,1,0,0,0,0,0,0,1,0,0.3,0.3,0,0.3,2,0,5,0,0,0,0,0,0.34,0,0.34,0.34,0.34,Matches
499,Alex Telles,brBRA,DF,Botafogo (RJ),32-182,1992,10,6,555,6.2,2,0,2,1,1,1,1,0,1.2,0.4,0.5,0.9,8,21,26,0.32,0,0.32,0.16,0.16,0.19,0.09,0.27,0.06,0.15,Matches
500,Thaciano,brBRA,"FW,MF",Santos,30-034,1995,10,3,330,3.7,1,0,1,1,0,0,0,0,1,1,0,1,3,6,17,0.27,0,0.27,0.27,0.27,0.26,0,0.27,0.26,0.27,Matches
Rk,Player,Nation,Pos,Squad,Age,Born,MP,Starts,Min,90s,Gls,Ast,G+A,G-PK,PK,PKatt,CrdY,CrdR,xG,npxG,xAG,npxG+xAG,PrgC,PrgP,PrgR,Gls,Ast,G+A,G-PK,G+A-PK,xG,xAG,xG+xAG,npxG,npxG+xAG,Matches
501,Thalys,brBRA,FW,Palmeiras,20-113,2005,1,0,25,0.3,0,0,0,0,0,0,0,0,0,0,0,0,0,0,1,0,0,0,0,0,0,0,0,0,0,Matches
502,Tiago,brBRA,"FW,MF",Bahia,20-068,2005,4,0,112,1.2,0,1,1,0,0,0,0,0,0,0,0.2,0.2,2,1,9,0,0.8,0.8,0,0.8,0,0.14,0.14,0,0.14,Matches
503,Guilherme Tinga,brBRA,DF,Fortaleza,31-287,1993,6,5,446,5,1,0,1,1,0,0,1,0,0.2,0.2,0.1,0.3,7,19,11,0.2,0,0.2,0.2,0.2,0.03,0.03,0.06,0.03,0.06,Matches
504,Titi,brBRA,DF,Fortaleza,37-095,1988,3,3,269,3,0,0,0,0,0,0,2,1,0,0,0,0,0,1,0,0,0,0,0,0,0,0,0,0,0,Matches
505,Félix Torres Caicedo,ecECU,DF,Corinthians,28-155,1997,6,5,460,5.1,0,0,0,0,0,0,1,0,0.2,0.2,0,0.2,1,13,0,0,0,0,0,0,0.04,0.01,0.04,0.04,0.04,Matches
506,Facundo Torres,uyURU,"MF,FW",Palmeiras,25-063,2000,9,9,634,7,2,1,3,2,0,0,1,0,1.5,1.5,1,2.4,10,31,36,0.28,0.14,0.43,0.28,0.43,0.21,0.14,0.34,0.21,0.34,Matches
507,Bruno Tubarão,brBRA,"FW,MF",Ceará,30-102,1995,3,0,33,0.4,0,0,0,0,0,0,0,0,0,0,0,0,1,3,5,0,0,0,0,0,0.09,0,0.09,0.09,0.09,Matches
508,Enner Valencia,ecECU,FW,Internacional,35-223,1989,8,5,414,4.6,1,0,1,1,0,0,0,0,2.2,2.2,0.1,2.3,10,3,25,0.22,0,0.22,0.22,0.22,0.49,0.02,0.5,0.49,0.5,Matches
509,Vanderlan,brBRA,DF,Palmeiras,22-281,2002,1,1,45,0.5,0,0,0,0,0,0,0,0,0,0,0,0,2,0,1,0,0,0,0,0,0,0,0,0,0,Matches
510,Guillermo Varela,uyURU,"DF,MF",Flamengo,32-083,1993,6,3,312,3.5,0,2,2,0,0,0,0,0,0,0,0.4,0.5,4,18,28,0,0.58,0.58,0,0.58,0.01,0.13,0.14,0.01,0.14,Matches
511,Pablo Vegetti,arARG,FW,Vasco da Gama,36-243,1988,11,10,915,10.2,8,1,9,8,0,0,2,0,5.3,5.3,0.9,6.3,0,10,21,0.79,0.1,0.89,0.79,0.89,0.52,0.09,0.61,0.52,0.61,Matches
512,Raphael Veiga,brBRA,MF,Palmeiras,29-361,1995,5,2,165,1.8,0,0,0,0,0,0,0,0,0.5,0.5,0,0.6,2,10,8,0,0,0,0,0,0.28,0.02,0.3,0.28,0.3,Matches
513,Fausto Vera,arARG,MF,Atlético Mineiro,25-081,2000,7,5,439,4.9,1,0,1,1,0,0,1,0,0.4,0.4,0.1,0.6,5,22,6,0.21,0,0.21,0.21,0.21,0.09,0.03,0.12,0.09,0.12,Matches
514,Gabriel Veron,brBRA,"FW,MF",Santos,22-285,2002,6,1,122,1.4,0,0,0,0,0,0,0,0,0.2,0.2,0.2,0.4,5,8,9,0,0,0,0,0,0.15,0.14,0.29,0.15,0.29,Matches
515,João Victor,brBRA,DF,Mirassol,27-286,1997,11,11,990,11,0,0,0,0,0,0,2,0,0.2,0.2,0,0.2,5,20,3,0,0,0,0,0,0.01,0,0.02,0.01,0.02,Matches
516,João Victor,brBRA,FW,Ceará,21-049,2004,1,0,6,0.1,0,0,0,0,0,0,0,0,0,0,0,0,0,0,1,0,0,0,0,0,0,0,0,0,0,Matches
517,João Victor,brBRA,DF,Vasco da Gama,26-333,1998,12,12,"1,080",12,1,0,1,1,0,0,2,0,1.2,1.2,0.1,1.3,3,47,6,0.08,0,0.08,0.08,0.08,0.1,0.01,0.11,0.1,0.11,Matches
518,Viery,brBRA,DF,Grêmio,20-164,2005,2,0,31,0.3,0,0,0,0,0,0,0,0,0,0,0,0,0,0,1,0,0,0,0,0,0,0,0,0,0,Matches
519,Lucas Villalba,arARG,DF,Cruzeiro,30-300,1994,9,9,794,8.8,0,0,0,0,0,0,3,0,0.7,0.7,0.1,0.7,12,29,3,0,0,0,0,0,0.08,0.01,0.08,0.08,0.08,Matches
520,Mathías Villasanti,pyPAR,MF,Grêmio,28-142,1997,10,10,829,9.2,0,0,0,0,0,0,5,0,0.1,0.1,0.2,0.3,8,29,8,0,0,0,0,0,0.01,0.03,0.03,0.01,0.03,Matches
521,Matías Viña,uyURU,DF,Flamengo,27-218,1997,1,0,8,0.1,0,0,0,0,0,0,0,0,0,0,0,0,0,0,0,0,0,0,0,0,0,0,0,0,0,Matches
522,Vitão,brBRA,DF,Internacional,25-133,2000,10,10,900,10,0,1,1,0,0,0,2,0,0.2,0.2,0.8,1,4,38,1,0,0.1,0.1,0,0.1,0.02,0.08,0.1,0.02,0.1,Matches
523,Vitinho,brBRA,FW,Internacional,26-075,1999,8,4,374,4.2,0,0,0,0,0,0,2,0,0.8,0.8,0.1,0.9,3,9,22,0,0,0,0,0,0.18,0.03,0.21,0.18,0.21,Matches
524,Vitinho,brBRA,DF,Botafogo (RJ),25-327,1999,11,11,880,9.8,1,0,1,1,0,0,1,0,0.3,0.3,0.7,1,16,25,61,0.1,0,0.1,0.1,0.1,0.03,0.07,0.1,0.03,0.1,Matches
525,Rayan Vitor,brBRA,FW,Vasco da Gama,18-316,2006,11,9,793,8.8,2,1,3,2,0,0,0,0,2,2,0.8,2.8,20,18,58,0.23,0.11,0.34,0.23,0.34,0.22,0.09,0.31,0.22,0.31,Matches
Rk,Player,Nation,Pos,Squad,Age,Born,MP,Starts,Min,90s,Gls,Ast,G+A,G-PK,PK,PKatt,CrdY,CrdR,xG,npxG,xAG,npxG+xAG,PrgC,PrgP,PrgR,Gls,Ast,G+A,G-PK,G+A-PK,xG,xAG,xG+xAG,npxG,npxG+xAG,Matches
526,Tiago Volpi,brBRA,GK,Grêmio,34-178,1990,12,12,"1,080",12,0,0,0,0,0,0,2,0,0,0,0,0,0,0,1,0,0,0,0,0,0,0,0,0,0,Matches
527,Wagner,brBRA,DF,Grêmio,25-327,1999,12,12,"1,019",11.3,0,1,1,0,0,0,2,0,1.2,1.2,0.7,1.9,4,29,1,0,0.09,0.09,0,0.09,0.11,0.06,0.17,0.11,0.17,Matches
528,Walace,brBRA,MF,Cruzeiro,30-072,1995,5,1,96,1.1,0,0,0,0,0,0,1,0,0,0,0,0,1,7,0,0,0,0,0,0,0,0,0,0,0,Matches
529,Wallace,brBRA,"MF,FW",Flamengo,20-127,2005,3,0,37,0.4,0,1,1,0,0,0,1,0,0.2,0.2,0.7,0.8,1,3,6,0,2.43,2.43,0,2.43,0.45,1.59,2.03,0.45,2.03,Matches
530,Walter,brBRA,GK,Mirassol,37-209,1987,5,5,450,5,0,0,0,0,0,0,1,0,0,0,0,0,0,0,0,0,0,0,0,0,0,0,0,0,0,Matches
531,Wanderson,brBRA,"FW,MF",Cruzeiro,30-251,1994,11,11,864,9.6,0,0,0,0,0,0,1,0,1.3,1.3,1.2,2.5,22,19,49,0,0,0,0,0,0.13,0.13,0.26,0.13,0.26,Matches
532,Deivid Washington,brBRA,FW,Santos,20-010,2005,11,2,315,3.5,1,0,1,1,0,0,0,0,0.6,0.6,0,0.7,2,7,21,0.29,0,0.29,0.29,0.29,0.18,0.01,0.19,0.18,0.19,Matches
533,José Welison,brBRA,MF,Fortaleza,30-096,1995,8,4,423,4.7,0,0,0,0,0,0,2,0,0.2,0.2,0.1,0.3,2,21,7,0,0,0,0,0,0.04,0.02,0.06,0.04,0.06,Matches
534,Wendell,brBRA,DF,São Paulo,31-330,1993,8,6,414,4.6,0,0,0,0,0,0,0,0,0,0,0.1,0.2,8,17,19,0,0,0,0,0,0.01,0.03,0.03,0.01,0.03,Matches
535,Wesley,brBRA,DF,Flamengo,21-282,2003,8,8,712,7.9,0,1,1,0,0,0,3,0,0.1,0.1,1,1.1,21,31,84,0,0.13,0.13,0,0.13,0.02,0.13,0.14,0.02,0.14,Matches
536,Wesley,brBRA,"FW,MF",Internacional,26-077,1999,10,10,763,8.5,0,2,2,0,0,0,1,0,0.6,0.6,0.7,1.4,27,23,69,0,0.24,0.24,0,0.24,0.08,0.09,0.16,0.08,0.16,Matches
537,Wéverton,brBRA,GK,Palmeiras,37-184,1987,11,11,990,11,0,0,0,0,0,0,1,0,0,0,0,0,0,0,0,0,0,0,0,0,0,0,0,0,0,Matches
538,William,brBRA,DF,Cruzeiro,30-073,1995,8,5,528,5.9,0,2,2,0,0,0,1,0,0.3,0.3,1.5,1.8,8,15,33,0,0.34,0.34,0,0.34,0.05,0.26,0.31,0.05,0.31,Matches
539,Willian,brBRA,MF,Vitória,32-030,1993,4,2,166,1.8,0,0,0,0,0,0,2,0,0.1,0.1,0.1,0.2,2,7,5,0,0,0,0,0,0.05,0.03,0.09,0.05,0.09,Matches
540,Estêvão Willian,brBRA,"MF,FW",Palmeiras,18-052,2007,11,9,831,9.2,0,3,3,0,0,0,3,0,1.2,1.1,2,3.1,48,34,93,0,0.32,0.32,0,0.32,0.13,0.22,0.35,0.12,0.34,Matches
541,Mateus Xavier,brBRA,"FW,MF",Santos,17-351,2007,3,0,39,0.4,0,0,0,0,0,0,0,0,0,0,0,0,1,0,4,0,0,0,0,0,0,0,0,0,0,Matches
542,Samuel Xavier,brBRA,DF,Fluminense,35-009,1990,9,8,742,8.2,1,1,2,1,0,0,2,0,0.1,0.1,0.7,0.9,13,46,33,0.12,0.12,0.24,0.12,0.24,0.02,0.09,0.11,0.02,0.11,Matches
543,Yago,brBRA,MF,Mirassol,30-132,1995,8,4,370,4.1,0,0,0,0,0,0,0,0,0.2,0.2,0.1,0.3,5,25,16,0,0,0,0,0,0.05,0.03,0.08,0.05,0.08,Matches
544,Yago,brBRA,MF,Internacional,18-130,2007,2,0,73,0.8,0,0,0,0,0,0,0,0,0,0,0.1,0.1,1,6,6,0,0,0,0,0,0,0.09,0.09,0,0.09,Matches
545,Lukas Zuccarello,brBRA,FW,Vasco da Gama,18-195,2006,2,0,24,0.3,0,0,0,0,0,0,0,0,0,0,0.1,0.1,0,0,5,0,0,0,0,0,0,0.29,0.29,0,0.29,Matches
